id_wil;kecamatan;kabupaten;provinsi
999999  ;tidak ada;;
016202  ;Kec. Kebon Jeruk;Kota Jakarta Barat;Prov. D.K.I. Jakarta
016307  ;Kec. Mampang Prapatan;Kota Jakarta Selatan;Prov. D.K.I. Jakarta
016207  ;Kec. Cengkareng;Kota Jakarta Barat;Prov. D.K.I. Jakarta
016103  ;Kec. Tanjung Priok;Kota Jakarta Utara;Prov. D.K.I. Jakarta
016106  ;Kec. Cilincing;Kota Jakarta Utara;Prov. D.K.I. Jakarta
016406  ;Kec. Jatinegara;Kota Jakarta Timur;Prov. D.K.I. Jakarta
016404  ;Kec. Makasar;Kota Jakarta Timur;Prov. D.K.I. Jakarta
020509  ;Kec. Caringin;Kab. Bogor;Prov. Jawa Barat
016206  ;Kec. Taman Sari;Kota Jakarta Barat;Prov. D.K.I. Jakarta
016306  ;Kec. Kebayoran Baru;Kota Jakarta Selatan;Prov. D.K.I. Jakarta
016401  ;Kec. Pasar Rebo;Kota Jakarta Timur;Prov. D.K.I. Jakarta
016310  ;Kec. Setia Budi;Kota Jakarta Selatan;Prov. D.K.I. Jakarta
016410  ;Kec. Matraman;Kota Jakarta Timur;Prov. D.K.I. Jakarta
016304  ;Kec. Pesanggrahan;Kota Jakarta Selatan;Prov. D.K.I. Jakarta
016301  ;Kec. Jagakarsa;Kota Jakarta Selatan;Prov. D.K.I. Jakarta
016004  ;Kec. Johar Baru;Kota Jakarta Pusat;Prov. D.K.I. Jakarta
010101  ;Kec. Kepulauan Seribu Selatan;Kab. Kepulauan Seribu;Prov. D.K.I. Jakarta
016402  ;Kec. Ciracas;Kota Jakarta Timur;Prov. D.K.I. Jakarta
020511  ;Kec. Cisarua;Kab. Bogor;Prov. Jawa Barat
010102  ;Kec. Kepulauan Seribu Utara;Kab. Kepulauan Seribu;Prov. D.K.I. Jakarta
016005  ;Kec. Cempaka Putih;Kota Jakarta Pusat;Prov. D.K.I. Jakarta
016208  ;Kec. Kali Deres;Kota Jakarta Barat;Prov. D.K.I. Jakarta
016409  ;Kec. Pulo Gadung;Kota Jakarta Timur;Prov. D.K.I. Jakarta
016007  ;Kec. Sawah Besar;Kota Jakarta Pusat;Prov. D.K.I. Jakarta
016408  ;Kec. Cakung;Kota Jakarta Timur;Prov. D.K.I. Jakarta
020507  ;Kec. Ciomas;Kab. Bogor;Prov. Jawa Barat
016403  ;Kec. Cipayung;Kota Jakarta Timur;Prov. D.K.I. Jakarta
016001  ;Kec. Tanah Abang;Kota Jakarta Pusat;Prov. D.K.I. Jakarta
016309  ;Kec. Tebet;Kota Jakarta Selatan;Prov. D.K.I. Jakarta
016305  ;Kec. Kebayoran Lama;Kota Jakarta Selatan;Prov. D.K.I. Jakarta
020502  ;Kec. Leuwiliang;Kab. Bogor;Prov. Jawa Barat
016405  ;Kec. Kramat Jati;Kota Jakarta Timur;Prov. D.K.I. Jakarta
016302  ;Kec. Pasar Minggu;Kota Jakarta Selatan;Prov. D.K.I. Jakarta
020506  ;Kec. Dramaga;Kab. Bogor;Prov. Jawa Barat
020503  ;Kec. Pamijahan;Kab. Bogor;Prov. Jawa Barat
016006  ;Kec. Kemayoran;Kota Jakarta Pusat;Prov. D.K.I. Jakarta
020501  ;Kec. Nanggung;Kab. Bogor;Prov. Jawa Barat
016101  ;Kec. Penjaringan;Kota Jakarta Utara;Prov. D.K.I. Jakarta
016003  ;Kec. Senen;Kota Jakarta Pusat;Prov. D.K.I. Jakarta
016002  ;Kec. Menteng;Kota Jakarta Pusat;Prov. D.K.I. Jakarta
016104  ;Kec. Koja;Kota Jakarta Utara;Prov. D.K.I. Jakarta
016407  ;Kec. Duren Sawit;Kota Jakarta Timur;Prov. D.K.I. Jakarta
020508  ;Kec. Cijeruk;Kab. Bogor;Prov. Jawa Barat
020510  ;Kec. Ciawi;Kab. Bogor;Prov. Jawa Barat
016102  ;Kec. Pademangan;Kota Jakarta Utara;Prov. D.K.I. Jakarta
016303  ;Kec. Cilandak;Kota Jakarta Selatan;Prov. D.K.I. Jakarta
016105  ;Kec. Kelapa Gading;Kota Jakarta Utara;Prov. D.K.I. Jakarta
016008  ;Kec. Gambir;Kota Jakarta Pusat;Prov. D.K.I. Jakarta
020505  ;Kec. Ciampea;Kab. Bogor;Prov. Jawa Barat
016308  ;Kec. Pancoran;Kota Jakarta Selatan;Prov. D.K.I. Jakarta
020620  ;Kec. Cisaat;Kab. Sukabumi;Prov. Jawa Barat
020633  ;Kec. Bantar Gadung;Kab. Sukabumi;Prov. Jawa Barat
020515  ;Kec. Sukamakmur;Kab. Bogor;Prov. Jawa Barat
020603  ;Kec. Surade;Kab. Sukabumi;Prov. Jawa Barat
020615  ;Kec. Nyalindung;Kab. Sukabumi;Prov. Jawa Barat
020621  ;Kec. Cibadak;Kab. Sukabumi;Prov. Jawa Barat
020627  ;Kec. Kalapa Nunggal;Kab. Sukabumi;Prov. Jawa Barat
020540  ;Kec. Tenjolaya;Kab. Bogor;Prov. Jawa Barat
020630  ;Kec. Kabandungan;Kab. Sukabumi;Prov. Jawa Barat
020624  ;Kec. Cidahu;Kab. Sukabumi;Prov. Jawa Barat
020632  ;Kec. Cikakak;Kab. Sukabumi;Prov. Jawa Barat
020514  ;Kec. Babakan Madang;Kab. Bogor;Prov. Jawa Barat
020629  ;Kec. Cisolok;Kab. Sukabumi;Prov. Jawa Barat
020525  ;Kec. Gunung Sindur;Kab. Bogor;Prov. Jawa Barat
020607  ;Kec. Cidolog;Kab. Sukabumi;Prov. Jawa Barat
020631  ;Kec. Gunung Guruh;Kab. Sukabumi;Prov. Jawa Barat
020626  ;Kec. Parungkuda;Kab. Sukabumi;Prov. Jawa Barat
020532  ;Kec. Ciseeng;Kab. Bogor;Prov. Jawa Barat
020520  ;Kec. Citeureup;Kab. Bogor;Prov. Jawa Barat
020622  ;Kec. Nagrak;Kab. Sukabumi;Prov. Jawa Barat
020531  ;Kec. Tamansari;Kab. Bogor;Prov. Jawa Barat
020539  ;Kec. Leuwisadeng;Kab. Bogor;Prov. Jawa Barat
016205  ;Kec. Tambora;Kota Jakarta Barat;Prov. D.K.I. Jakarta
020519  ;Kec. Gunungputri;Kab. Bogor;Prov. Jawa Barat
020516  ;Kec. Cariu;Kab. Bogor;Prov. Jawa Barat
020608  ;Kec. Sagaranten;Kab. Sukabumi;Prov. Jawa Barat
020614  ;Kec. Cikembar;Kab. Sukabumi;Prov. Jawa Barat
020529  ;Kec. Tenjo;Kab. Bogor;Prov. Jawa Barat
020609  ;Kec. Pabuaran;Kab. Sukabumi;Prov. Jawa Barat
020522  ;Kec. Bojong Gede;Kab. Bogor;Prov. Jawa Barat
020527  ;Kec. Cigudeg;Kab. Bogor;Prov. Jawa Barat
020616  ;Kec. Gegerbitung;Kab. Sukabumi;Prov. Jawa Barat
020517  ;Kec. Jonggol;Kab. Bogor;Prov. Jawa Barat
016203  ;Kec. Palmerah;Kota Jakarta Barat;Prov. D.K.I. Jakarta
020518  ;Kec. Cileungsi;Kab. Bogor;Prov. Jawa Barat
020618  ;Kec. Sukabumi;Kab. Sukabumi;Prov. Jawa Barat
020523  ;Kec. Kemang;Kab. Bogor;Prov. Jawa Barat
020612  ;Kec. Warung Kiara;Kab. Sukabumi;Prov. Jawa Barat
020610  ;Kec. Lengkong;Kab. Sukabumi;Prov. Jawa Barat
020524  ;Kec. Parung;Kab. Bogor;Prov. Jawa Barat
020533  ;Kec. Kelapa Nunggal;Kab. Bogor;Prov. Jawa Barat
020634  ;Kec. Cicantayan;Kab. Sukabumi;Prov. Jawa Barat
020623  ;Kec. Cicurug;Kab. Sukabumi;Prov. Jawa Barat
020617  ;Kec. Sukaraja;Kab. Sukabumi;Prov. Jawa Barat
020521  ;Kec. Cibinong;Kab. Bogor;Prov. Jawa Barat
020613  ;Kec. Jampang Tengah;Kab. Sukabumi;Prov. Jawa Barat
020606  ;Kec. Tegalbuleud;Kab. Sukabumi;Prov. Jawa Barat
020534  ;Kec. Sukajaya;Kab. Bogor;Prov. Jawa Barat
020513  ;Kec. Sukaraja;Kab. Bogor;Prov. Jawa Barat
020619  ;Kec. Kadudampit;Kab. Sukabumi;Prov. Jawa Barat
020512  ;Kec. Megamendung;Kab. Bogor;Prov. Jawa Barat
020604  ;Kec. Jampang Kulon;Kab. Sukabumi;Prov. Jawa Barat
020605  ;Kec. Kalibunder;Kab. Sukabumi;Prov. Jawa Barat
020602  ;Kec. Ciracap;Kab. Sukabumi;Prov. Jawa Barat
020526  ;Kec. Rumpin;Kab. Bogor;Prov. Jawa Barat
020628  ;Kec. Cikidang;Kab. Sukabumi;Prov. Jawa Barat
020530  ;Kec. Parungpanjang;Kab. Bogor;Prov. Jawa Barat
016204  ;Kec. Grogol Petamburan;Kota Jakarta Barat;Prov. D.K.I. Jakarta
020528  ;Kec. Jasinga;Kab. Bogor;Prov. Jawa Barat
020611  ;Kec. Pelabuhan Ratu;Kab. Sukabumi;Prov. Jawa Barat
020538  ;Kec. Cigombong;Kab. Bogor;Prov. Jawa Barat
020536  ;Kec. Tanjung Sari;Kab. Bogor;Prov. Jawa Barat
020805  ;Kec. Kertasari;Kab. Bandung;Prov. Jawa Barat
020816  ;Kec. Banjaran;Kab. Bandung;Prov. Jawa Barat
020714  ;Kec. Cilaku;Kab. Cianjur;Prov. Jawa Barat
020719  ;Kec. Karang Tengah;Kab. Cianjur;Prov. Jawa Barat
020703  ;Kec. Cidaun;Kab. Cianjur;Prov. Jawa Barat
020810  ;Kec. Cicalengka;Kab. Bandung;Prov. Jawa Barat
020806  ;Kec. Pacet;Kab. Bandung;Prov. Jawa Barat
020647  ;Kec. Ciambar;Kab. Sukabumi;Prov. Jawa Barat
020702  ;Kec. Sindang Barang;Kab. Cianjur;Prov. Jawa Barat
020645  ;Kec. Waluran;Kab. Sukabumi;Prov. Jawa Barat
020715  ;Kec. Sukaluyu;Kab. Cianjur;Prov. Jawa Barat
020725  ;Kec. Bojong Picung;Kab. Cianjur;Prov. Jawa Barat
020809  ;Kec. Cikancung;Kab. Bandung;Prov. Jawa Barat
020815  ;Kec. Arjasari;Kab. Bandung;Prov. Jawa Barat
020713  ;Kec. Warungkondang;Kab. Cianjur;Prov. Jawa Barat
020701  ;Kec. Agrabinta;Kab. Cianjur;Prov. Jawa Barat
020720  ;Kec. Cianjur;Kab. Cianjur;Prov. Jawa Barat
020722  ;Kec. Pacet;Kab. Cianjur;Prov. Jawa Barat
020638  ;Kec. Cibitung;Kab. Sukabumi;Prov. Jawa Barat
020732  ;Kec. Haurwangi;Kab. Cianjur;Prov. Jawa Barat
020706  ;Kec. Tanggeung;Kab. Cianjur;Prov. Jawa Barat
020640  ;Kec. Purabaya;Kab. Sukabumi;Prov. Jawa Barat
020731  ;Kec. Cipanas;Kab. Cianjur;Prov. Jawa Barat
020812  ;Kec. Majalaya;Kab. Bandung;Prov. Jawa Barat
020803  ;Kec. Cimaung;Kab. Bandung;Prov. Jawa Barat
020718  ;Kec. Mande;Kab. Cianjur;Prov. Jawa Barat
020646  ;Kec. Cimanggu;Kab. Sukabumi;Prov. Jawa Barat
020708  ;Kec. Takokak;Kab. Cianjur;Prov. Jawa Barat
020705  ;Kec. Cibinong;Kab. Cianjur;Prov. Jawa Barat
020643  ;Kec. Caringin;Kab. Sukabumi;Prov. Jawa Barat
020644  ;Kec. Bojong Genteng;Kab. Sukabumi;Prov. Jawa Barat
020811  ;Kec. Rancaekek;Kab. Bandung;Prov. Jawa Barat
020639  ;Kec. Curugkembar;Kab. Sukabumi;Prov. Jawa Barat
020818  ;Kec. Ketapang;Kab. Bandung;Prov. Jawa Barat
020721  ;Kec. Cugenang;Kab. Cianjur;Prov. Jawa Barat
020733  ;Kec. Pasirkuda;Kab. Cianjur;Prov. Jawa Barat
020537  ;Kec. Tajurhalang;Kab. Bogor;Prov. Jawa Barat
020817  ;Kec. Pameungpeuk;Kab. Bandung;Prov. Jawa Barat
020641  ;Kec. Cireunghas;Kab. Sukabumi;Prov. Jawa Barat
020635  ;Kec. Simpenan;Kab. Sukabumi;Prov. Jawa Barat
020707  ;Kec. Kadupandak;Kab. Cianjur;Prov. Jawa Barat
020729  ;Kec. Cijati;Kab. Cianjur;Prov. Jawa Barat
020802  ;Kec. Pasirjambu;Kab. Bandung;Prov. Jawa Barat
020724  ;Kec. Cikalong Kulon;Kab. Cianjur;Prov. Jawa Barat
020813  ;Kec. Ciparay;Kab. Bandung;Prov. Jawa Barat
020730  ;Kec. Gekbrong;Kab. Cianjur;Prov. Jawa Barat
020723  ;Kec. Sukaresmi;Kab. Cianjur;Prov. Jawa Barat
020728  ;Kec. Leles;Kab. Cianjur;Prov. Jawa Barat
020704  ;Kec. Naringgul;Kab. Cianjur;Prov. Jawa Barat
020727  ;Kec. Cikadu;Kab. Cianjur;Prov. Jawa Barat
020637  ;Kec. Cidadap;Kab. Sukabumi;Prov. Jawa Barat
020726  ;Kec. Campaka Mulya;Kab. Cianjur;Prov. Jawa Barat
020804  ;Kec. Pangalengan;Kab. Bandung;Prov. Jawa Barat
020814  ;Kec. Bale Endah;Kab. Bandung;Prov. Jawa Barat
020808  ;Kec. Paseh;Kab. Bandung;Prov. Jawa Barat
020642  ;Kec. Sukalarang;Kab. Sukabumi;Prov. Jawa Barat
020636  ;Kec. Kebon Pedes;Kab. Sukabumi;Prov. Jawa Barat
020717  ;Kec. Ciranjang;Kab. Cianjur;Prov. Jawa Barat
020833  ;Kec. Kutawaringin;Kab. Bandung;Prov. Jawa Barat
021112  ;Kec. Cikajang;Kab. Garut;Prov. Jawa Barat
021023  ;Kec. Pamulihan;Kab. Sumedang;Prov. Jawa Barat
021015  ;Kec. Paseh;Kab. Sumedang;Prov. Jawa Barat
021002  ;Kec. Cimanggung;Kab. Sumedang;Prov. Jawa Barat
020819  ;Kec. Soreang;Kab. Bandung;Prov. Jawa Barat
021116  ;Kec. Cisurupan;Kab. Garut;Prov. Jawa Barat
021020  ;Kec. Jati Gede;Kab. Sumedang;Prov. Jawa Barat
021106  ;Kec. Cikelet;Kab. Garut;Prov. Jawa Barat
021005  ;Kec. Sumedang Selatan;Kab. Sumedang;Prov. Jawa Barat
021121  ;Kec. Wanaraja;Kab. Garut;Prov. Jawa Barat
020829  ;Kec. Rancabali;Kab. Bandung;Prov. Jawa Barat
021012  ;Kec. Tomo;Kab. Sumedang;Prov. Jawa Barat
021113  ;Kec. Banjarwangi;Kab. Garut;Prov. Jawa Barat
021125  ;Kec. Leuwigoong;Kab. Garut;Prov. Jawa Barat
021026  ;Kec. Cisarua;Kab. Sumedang;Prov. Jawa Barat
020712  ;Kec. Cibeber;Kab. Cianjur;Prov. Jawa Barat
021028  ;Kec. Surian;Kab. Sumedang;Prov. Jawa Barat
020825  ;Kec. Cilengkrang;Kab. Bandung;Prov. Jawa Barat
021108  ;Kec. Cibalong;Kab. Garut;Prov. Jawa Barat
021120  ;Kec. Karangpawitan;Kab. Garut;Prov. Jawa Barat
021105  ;Kec. Pakenjeng;Kab. Garut;Prov. Jawa Barat
021027  ;Kec. Tanjungmedar;Kab. Sumedang;Prov. Jawa Barat
021124  ;Kec. Leles;Kab. Garut;Prov. Jawa Barat
021109  ;Kec. Cisompet;Kab. Garut;Prov. Jawa Barat
020830  ;Kec. Nagreg;Kab. Bandung;Prov. Jawa Barat
021122  ;Kec. Sukawening;Kab. Garut;Prov. Jawa Barat
021017  ;Kec. Tanjungkerta;Kab. Sumedang;Prov. Jawa Barat
021119  ;Kec. Garut Kota;Kab. Garut;Prov. Jawa Barat
020823  ;Kec. Bojongsoang;Kab. Bandung;Prov. Jawa Barat
021102  ;Kec. Cisewu;Kab. Garut;Prov. Jawa Barat
020826  ;Kec. Cimenyan;Kab. Bandung;Prov. Jawa Barat
021025  ;Kec. Jatinunggal;Kab. Sumedang;Prov. Jawa Barat
021115  ;Kec. Bayongbong;Kab. Garut;Prov. Jawa Barat
020710  ;Kec. Pagelaran;Kab. Cianjur;Prov. Jawa Barat
021114  ;Kec. Cilawu;Kab. Garut;Prov. Jawa Barat
021103  ;Kec. Bungbulang;Kab. Garut;Prov. Jawa Barat
020824  ;Kec. Cileunyi;Kab. Bandung;Prov. Jawa Barat
020832  ;Kec. Cangkuang;Kab. Bandung;Prov. Jawa Barat
020831  ;Kec. Solokan Jeruk;Kab. Bandung;Prov. Jawa Barat
020821  ;Kec. Margahayu;Kab. Bandung;Prov. Jawa Barat
021117  ;Kec. Samarang;Kab. Garut;Prov. Jawa Barat
021104  ;Kec. Pamulihan;Kab. Garut;Prov. Jawa Barat
021014  ;Kec. Conggeang;Kab. Sumedang;Prov. Jawa Barat
021016  ;Kec. Cimalaka;Kab. Sumedang;Prov. Jawa Barat
021019  ;Kec. Ganeas;Kab. Sumedang;Prov. Jawa Barat
021006  ;Kec. Sumedang Utara;Kab. Sumedang;Prov. Jawa Barat
021018  ;Kec. Buah Dua;Kab. Sumedang;Prov. Jawa Barat
020711  ;Kec. Campaka;Kab. Cianjur;Prov. Jawa Barat
021004  ;Kec. Rancakalong;Kab. Sumedang;Prov. Jawa Barat
021107  ;Kec. Pameungpeuk;Kab. Garut;Prov. Jawa Barat
021029  ;Kec. Sukasari;Kab. Sumedang;Prov. Jawa Barat
021123  ;Kec. Banyuresmi;Kab. Garut;Prov. Jawa Barat
021013  ;Kec. Ujung Jaya;Kab. Sumedang;Prov. Jawa Barat
021110  ;Kec. Peundeuy;Kab. Garut;Prov. Jawa Barat
021101  ;Kec. Talegong;Kab. Garut;Prov. Jawa Barat
021003  ;Kec. Tanjungsari;Kab. Sumedang;Prov. Jawa Barat
021024  ;Kec. Cisitu;Kab. Sumedang;Prov. Jawa Barat
020822  ;Kec. Dayeuhkolot;Kab. Bandung;Prov. Jawa Barat
020820  ;Kec. Marga Asih;Kab. Bandung;Prov. Jawa Barat
021229  ;Kec. Sariwangi;Kab. Tasikmalaya;Prov. Jawa Barat
021207  ;Kec. Bantarkalong;Kab. Tasikmalaya;Prov. Jawa Barat
021133  ;Kec. Caringin;Kab. Garut;Prov. Jawa Barat
021221  ;Kec. Leuwisari;Kab. Tasikmalaya;Prov. Jawa Barat
021127  ;Kec. Cibiuk;Kab. Garut;Prov. Jawa Barat
021135  ;Kec. Sukaresmi;Kab. Garut;Prov. Jawa Barat
021228  ;Kec. Parung Ponteng;Kab. Tasikmalaya;Prov. Jawa Barat
021215  ;Kec. Cineam;Kab. Tasikmalaya;Prov. Jawa Barat
021241  ;Kec. Kadipaten;Kab. Tasikmalaya;Prov. Jawa Barat
021223  ;Kec. Cisayong;Kab. Tasikmalaya;Prov. Jawa Barat
021213  ;Kec. Sukaraja;Kab. Tasikmalaya;Prov. Jawa Barat
021132  ;Kec. Mekarmukti;Kab. Garut;Prov. Jawa Barat
021139  ;Kec. Tarogong Kaler;Kab. Garut;Prov. Jawa Barat
021138  ;Kec. Kersamanah;Kab. Garut;Prov. Jawa Barat
021238  ;Kec. Karang Jaya;Kab. Tasikmalaya;Prov. Jawa Barat
021010  ;Kec. Wado;Kab. Sumedang;Prov. Jawa Barat
021235  ;Kec. Jatiwaras;Kab. Tasikmalaya;Prov. Jawa Barat
021225  ;Kec. Jamanis;Kab. Tasikmalaya;Prov. Jawa Barat
021140  ;Kec. Tarogong Kidul;Kab. Garut;Prov. Jawa Barat
021224  ;Kec. Rajapolah;Kab. Tasikmalaya;Prov. Jawa Barat
021126  ;Kec. Cibatu;Kab. Garut;Prov. Jawa Barat
021234  ;Kec. Puspahiang;Kab. Tasikmalaya;Prov. Jawa Barat
021131  ;Kec. Malangbong;Kab. Garut;Prov. Jawa Barat
021232  ;Kec. Bojong Asih;Kab. Tasikmalaya;Prov. Jawa Barat
021134  ;Kec. Cihurip;Kab. Garut;Prov. Jawa Barat
021009  ;Kec. Cibugel;Kab. Sumedang;Prov. Jawa Barat
021210  ;Kec. Taraju;Kab. Tasikmalaya;Prov. Jawa Barat
021206  ;Kec. Cibalong;Kab. Tasikmalaya;Prov. Jawa Barat
021128  ;Kec. Kadungora;Kab. Garut;Prov. Jawa Barat
021242  ;Kec. Sukaresik;Kab. Tasikmalaya;Prov. Jawa Barat
021129  ;Kec. Blubur Limbangan;Kab. Garut;Prov. Jawa Barat
021236  ;Kec. Mangunreja;Kab. Tasikmalaya;Prov. Jawa Barat
021216  ;Kec. Manonjaya;Kab. Tasikmalaya;Prov. Jawa Barat
021212  ;Kec. Tanjungjaya;Kab. Tasikmalaya;Prov. Jawa Barat
021142  ;Kec. Sucinaraja;Kab. Garut;Prov. Jawa Barat
021219  ;Kec. Singaparna;Kab. Tasikmalaya;Prov. Jawa Barat
021220  ;Kec. Cigalontang;Kab. Tasikmalaya;Prov. Jawa Barat
021239  ;Kec. Pada Kembang;Kab. Tasikmalaya;Prov. Jawa Barat
021211  ;Kec. Salawu;Kab. Tasikmalaya;Prov. Jawa Barat
021204  ;Kec. Panca Tengah;Kab. Tasikmalaya;Prov. Jawa Barat
021214  ;Kec. Salopa;Kab. Tasikmalaya;Prov. Jawa Barat
021230  ;Kec. Sukaratu;Kab. Tasikmalaya;Prov. Jawa Barat
021205  ;Kec. Cikatomas;Kab. Tasikmalaya;Prov. Jawa Barat
021141  ;Kec. Cigedug;Kab. Garut;Prov. Jawa Barat
021130  ;Kec. Selaawi;Kab. Garut;Prov. Jawa Barat
021208  ;Kec. Bojong Gambir;Kab. Tasikmalaya;Prov. Jawa Barat
021137  ;Kec. Karangtengah;Kab. Garut;Prov. Jawa Barat
021209  ;Kec. Sodonghilir;Kab. Tasikmalaya;Prov. Jawa Barat
021231  ;Kec. Sukarame;Kab. Tasikmalaya;Prov. Jawa Barat
021227  ;Kec. Pagerageung;Kab. Tasikmalaya;Prov. Jawa Barat
021226  ;Kec. Ciawi;Kab. Tasikmalaya;Prov. Jawa Barat
021240  ;Kec. Sukahening;Kab. Tasikmalaya;Prov. Jawa Barat
021237  ;Kec. Gunung Tanjung;Kab. Tasikmalaya;Prov. Jawa Barat
021136  ;Kec. Pasirwangi;Kab. Garut;Prov. Jawa Barat
021519  ;Kec. Pasawahan;Kab. Kuningan;Prov. Jawa Barat
021523  ;Kec. Japara;Kab. Kuningan;Prov. Jawa Barat
021504  ;Kec. Selajambe;Kab. Kuningan;Prov. Jawa Barat
021507  ;Kec. Cibingbin;Kab. Kuningan;Prov. Jawa Barat
021524  ;Kec. Karangkancana;Kab. Kuningan;Prov. Jawa Barat
021414  ;Kec. Cimaragas;Kab. Ciamis;Prov. Jawa Barat
021428  ;Kec. Kawali;Kab. Ciamis;Prov. Jawa Barat
021411  ;Kec. Lakbok;Kab. Ciamis;Prov. Jawa Barat
021434  ;Kec. Baregbeg;Kab. Ciamis;Prov. Jawa Barat
021431  ;Kec. Panjalu Utara/Sukamantri;Kab. Ciamis;Prov. Jawa Barat
021419  ;Kec. Rajadesa;Kab. Ciamis;Prov. Jawa Barat
021516  ;Kec. Jalaksana;Kab. Kuningan;Prov. Jawa Barat
021521  ;Kec. Cipicung;Kab. Kuningan;Prov. Jawa Barat
021520  ;Kec. Pancalang;Kab. Kuningan;Prov. Jawa Barat
021514  ;Kec. Cigugur;Kab. Kuningan;Prov. Jawa Barat
021433  ;Kec. Purwadadi;Kab. Ciamis;Prov. Jawa Barat
021435  ;Kec. Lumbung;Kab. Ciamis;Prov. Jawa Barat
021432  ;Kec. Sindangkasih;Kab. Ciamis;Prov. Jawa Barat
021413  ;Kec. Cidolog;Kab. Ciamis;Prov. Jawa Barat
021429  ;Kec. Panjalu;Kab. Ciamis;Prov. Jawa Barat
021421  ;Kec. Ciamis;Kab. Ciamis;Prov. Jawa Barat
021502  ;Kec. Kadugede;Kab. Kuningan;Prov. Jawa Barat
021410  ;Kec. Banjarsari;Kab. Ciamis;Prov. Jawa Barat
021427  ;Kec. Panawangan;Kab. Ciamis;Prov. Jawa Barat
021201  ;Kec. Cipatujah;Kab. Tasikmalaya;Prov. Jawa Barat
021417  ;Kec. Tambaksari;Kab. Ciamis;Prov. Jawa Barat
021508  ;Kec. Luragung;Kab. Kuningan;Prov. Jawa Barat
021202  ;Kec. Karangnunggal;Kab. Tasikmalaya;Prov. Jawa Barat
021412  ;Kec. Pamarican;Kab. Ciamis;Prov. Jawa Barat
021415  ;Kec. Cijeungjing;Kab. Ciamis;Prov. Jawa Barat
021522  ;Kec. Kalimanggis;Kab. Kuningan;Prov. Jawa Barat
021503  ;Kec. Ciniru;Kab. Kuningan;Prov. Jawa Barat
021515  ;Kec. Kramatmulya;Kab. Kuningan;Prov. Jawa Barat
021518  ;Kec. Mandirancan;Kab. Kuningan;Prov. Jawa Barat
021511  ;Kec. Lebakwangi;Kab. Kuningan;Prov. Jawa Barat
021510  ;Kec. Ciawigebang;Kab. Kuningan;Prov. Jawa Barat
021517  ;Kec. Cilimus;Kab. Kuningan;Prov. Jawa Barat
021526  ;Kec. Cilebak;Kab. Kuningan;Prov. Jawa Barat
021512  ;Kec. Garawangi;Kab. Kuningan;Prov. Jawa Barat
021525  ;Kec. Nusaherang;Kab. Kuningan;Prov. Jawa Barat
021509  ;Kec. Cidahu;Kab. Kuningan;Prov. Jawa Barat
021416  ;Kec. Cisaga;Kab. Ciamis;Prov. Jawa Barat
021418  ;Kec. Rancah;Kab. Ciamis;Prov. Jawa Barat
021203  ;Kec. Cikalong;Kab. Tasikmalaya;Prov. Jawa Barat
021506  ;Kec. Ciwaru;Kab. Kuningan;Prov. Jawa Barat
021505  ;Kec. Subang;Kab. Kuningan;Prov. Jawa Barat
021420  ;Kec. Sukadana;Kab. Ciamis;Prov. Jawa Barat
021430  ;Kec. Panumbangan;Kab. Ciamis;Prov. Jawa Barat
021623  ;Kec. Cingambul;Kab. Majalengka;Prov. Jawa Barat
021720  ;Kec. Arjawinangun;Kab. Cirebon;Prov. Jawa Barat
021425  ;Kec. Cipaku;Kab. Ciamis;Prov. Jawa Barat
021424  ;Kec. Sadananya;Kab. Ciamis;Prov. Jawa Barat
021618  ;Kec. Kertajati;Kab. Majalengka;Prov. Jawa Barat
021734  ;Kec. Talun;Kab. Cirebon;Prov. Jawa Barat
021710  ;Kec. Beber;Kab. Cirebon;Prov. Jawa Barat
021722  ;Kec. Susukan;Kab. Cirebon;Prov. Jawa Barat
021604  ;Kec. Talaga;Kab. Majalengka;Prov. Jawa Barat
021613  ;Kec. Palasah;Kab. Majalengka;Prov. Jawa Barat
021530  ;Kec. Sindang Agung;Kab. Kuningan;Prov. Jawa Barat
021528  ;Kec. Cimahi;Kab. Kuningan;Prov. Jawa Barat
021611  ;Kec. Sindangwangi;Kab. Majalengka;Prov. Jawa Barat
021724  ;Kec. Susukan Lebak;Kab. Cirebon;Prov. Jawa Barat
021725  ;Kec. Pabedilan;Kab. Cirebon;Prov. Jawa Barat
021602  ;Kec. Bantarujeg;Kab. Majalengka;Prov. Jawa Barat
021615  ;Kec. Dawuan;Kab. Majalengka;Prov. Jawa Barat
021718  ;Kec. Kapetakan;Kab. Cirebon;Prov. Jawa Barat
021620  ;Kec. Ligung;Kab. Majalengka;Prov. Jawa Barat
021704  ;Kec. Babakan;Kab. Cirebon;Prov. Jawa Barat
021729  ;Kec. Pangenan;Kab. Cirebon;Prov. Jawa Barat
021726  ;Kec. Dukupuntang;Kab. Cirebon;Prov. Jawa Barat
021733  ;Kec. Karang Wereng;Kab. Cirebon;Prov. Jawa Barat
021614  ;Kec. Jatiwangi;Kab. Majalengka;Prov. Jawa Barat
021619  ;Kec. Jatitujuh;Kab. Majalengka;Prov. Jawa Barat
021730  ;Kec. Gebang;Kab. Cirebon;Prov. Jawa Barat
021529  ;Kec. Cibeureum;Kab. Kuningan;Prov. Jawa Barat
021703  ;Kec. Losari;Kab. Cirebon;Prov. Jawa Barat
021702  ;Kec. Ciledug;Kab. Cirebon;Prov. Jawa Barat
021423  ;Kec. Cihaurbeuti;Kab. Ciamis;Prov. Jawa Barat
021616  ;Kec. Panyingkiran;Kab. Majalengka;Prov. Jawa Barat
021527  ;Kec. Hantara;Kab. Kuningan;Prov. Jawa Barat
021727  ;Kec. Panguragan;Kab. Cirebon;Prov. Jawa Barat
021709  ;Kec. Mundu;Kab. Cirebon;Prov. Jawa Barat
021532  ;Kec. Ciganda Mekar;Kab. Kuningan;Prov. Jawa Barat
021728  ;Kec. Kaliwedi;Kab. Cirebon;Prov. Jawa Barat
021713  ;Kec. Palimanan;Kab. Cirebon;Prov. Jawa Barat
021732  ;Kec. Kedawung;Kab. Cirebon;Prov. Jawa Barat
021706  ;Kec. Lemah Abang;Kab. Cirebon;Prov. Jawa Barat
021625  ;Kec. Sindang;Kab. Majalengka;Prov. Jawa Barat
021601  ;Kec. Lemahsugih;Kab. Majalengka;Prov. Jawa Barat
021719  ;Kec. Klangenan;Kab. Cirebon;Prov. Jawa Barat
021707  ;Kec. Sedong;Kab. Cirebon;Prov. Jawa Barat
021723  ;Kec. Gegesik;Kab. Cirebon;Prov. Jawa Barat
021606  ;Kec. Maja;Kab. Majalengka;Prov. Jawa Barat
021617  ;Kec. Kadipaten;Kab. Majalengka;Prov. Jawa Barat
021714  ;Kec. Plumbon;Kab. Cirebon;Prov. Jawa Barat
021731  ;Kec. Depok;Kab. Cirebon;Prov. Jawa Barat
021624  ;Kec. Mala usma;Kab. Majalengka;Prov. Jawa Barat
021622  ;Kec. Banjaran;Kab. Majalengka;Prov. Jawa Barat
021531  ;Kec. Maleber;Kab. Kuningan;Prov. Jawa Barat
021612  ;Kec. Leuwimunding;Kab. Majalengka;Prov. Jawa Barat
021721  ;Kec. Ciwaringin;Kab. Cirebon;Prov. Jawa Barat
021708  ;Kec. Astana Japura;Kab. Cirebon;Prov. Jawa Barat
021621  ;Kec. Sumberjaya;Kab. Majalengka;Prov. Jawa Barat
021605  ;Kec. Argapura;Kab. Majalengka;Prov. Jawa Barat
021715  ;Kec. Weru;Kab. Cirebon;Prov. Jawa Barat
021705  ;Kec. Karang Sembung;Kab. Cirebon;Prov. Jawa Barat
021626  ;Kec. Kasokandel;Kab. Majalengka;Prov. Jawa Barat
021603  ;Kec. Cikijing;Kab. Majalengka;Prov. Jawa Barat
021820  ;Kec. Bongas;Kab. Indramayu;Prov. Jawa Barat
021819  ;Kec. Kandanghaur;Kab. Indramayu;Prov. Jawa Barat
021913  ;Kec. Cikaum;Kab. Subang;Prov. Jawa Barat
021825  ;Kec. Gantar;Kab. Indramayu;Prov. Jawa Barat
021738  ;Kec. Tengah Tani;Kab. Cirebon;Prov. Jawa Barat
021823  ;Kec. Arahan;Kab. Indramayu;Prov. Jawa Barat
021821  ;Kec. Anjatan;Kab. Indramayu;Prov. Jawa Barat
021829  ;Kec. Pasekan;Kab. Indramayu;Prov. Jawa Barat
021917  ;Kec. Binong;Kab. Subang;Prov. Jawa Barat
021817  ;Kec. Lohbener;Kab. Indramayu;Prov. Jawa Barat
021910  ;Kec. Pabuaran;Kab. Subang;Prov. Jawa Barat
021827  ;Kec. Sukagumiwang;Kab. Indramayu;Prov. Jawa Barat
021906  ;Kec. Cibogo;Kab. Subang;Prov. Jawa Barat
021826  ;Kec. Terisi;Kab. Indramayu;Prov. Jawa Barat
021743  ;Kec. Jamblang;Kab. Cirebon;Prov. Jawa Barat
021907  ;Kec. Subang;Kab. Subang;Prov. Jawa Barat
021739  ;Kec. Plered;Kab. Cirebon;Prov. Jawa Barat
021809  ;Kec. Krangkeng;Kab. Indramayu;Prov. Jawa Barat
021916  ;Kec. Compreng;Kab. Subang;Prov. Jawa Barat
021608  ;Kec. Cigasong;Kab. Majalengka;Prov. Jawa Barat
021812  ;Kec. Sliyeg;Kab. Indramayu;Prov. Jawa Barat
021828  ;Kec. Kedokan Bunder;Kab. Indramayu;Prov. Jawa Barat
021911  ;Kec. Patokbeusi;Kab. Subang;Prov. Jawa Barat
021830  ;Kec. Tukdana;Kab. Indramayu;Prov. Jawa Barat
021806  ;Kec. Bangodua;Kab. Indramayu;Prov. Jawa Barat
021801  ;Kec. Haurgeulis;Kab. Indramayu;Prov. Jawa Barat
021736  ;Kec. Pasaleman;Kab. Cirebon;Prov. Jawa Barat
021741  ;Kec. Greged;Kab. Cirebon;Prov. Jawa Barat
021818  ;Kec. Losarang;Kab. Indramayu;Prov. Jawa Barat
021919  ;Kec. Pamanukan;Kab. Subang;Prov. Jawa Barat
021824  ;Kec. Cantigi;Kab. Indramayu;Prov. Jawa Barat
021908  ;Kec. Kalijati;Kab. Subang;Prov. Jawa Barat
021811  ;Kec. Juntinyuat;Kab. Indramayu;Prov. Jawa Barat
021822  ;Kec. Sukra;Kab. Indramayu;Prov. Jawa Barat
021918  ;Kec. Ciasem;Kab. Subang;Prov. Jawa Barat
021904  ;Kec. Tanjung Siang;Kab. Subang;Prov. Jawa Barat
021810  ;Kec. Karangampel;Kab. Indramayu;Prov. Jawa Barat
021920  ;Kec. Pusakanagara;Kab. Subang;Prov. Jawa Barat
021816  ;Kec. Sindang;Kab. Indramayu;Prov. Jawa Barat
021921  ;Kec. Legon Kulon;Kab. Subang;Prov. Jawa Barat
021742  ;Kec. Suranenggala;Kab. Cirebon;Prov. Jawa Barat
021912  ;Kec. Purwadadi;Kab. Subang;Prov. Jawa Barat
021815  ;Kec. Indramayu;Kab. Indramayu;Prov. Jawa Barat
021903  ;Kec. Cisalak;Kab. Subang;Prov. Jawa Barat
021609  ;Kec. Sukahaji;Kab. Majalengka;Prov. Jawa Barat
021735  ;Kec. Gunung Jati;Kab. Cirebon;Prov. Jawa Barat
021813  ;Kec. Jatibarang;Kab. Indramayu;Prov. Jawa Barat
021922  ;Kec. Blanakan;Kab. Subang;Prov. Jawa Barat
021831  ;Kec. Patrol;Kab. Indramayu;Prov. Jawa Barat
021808  ;Kec. Kertasemaya;Kab. Indramayu;Prov. Jawa Barat
021915  ;Kec. Cipunagara;Kab. Subang;Prov. Jawa Barat
021740  ;Kec. Gempol;Kab. Cirebon;Prov. Jawa Barat
021909  ;Kec. Cipeundeuy;Kab. Subang;Prov. Jawa Barat
021807  ;Kec. Widasari;Kab. Indramayu;Prov. Jawa Barat
021923  ;Kec. Dawuan;Kab. Subang;Prov. Jawa Barat
021737  ;Kec. Pabuaran;Kab. Cirebon;Prov. Jawa Barat
021914  ;Kec. Pagaden;Kab. Subang;Prov. Jawa Barat
021610  ;Kec. Rajagaluh;Kab. Majalengka;Prov. Jawa Barat
021814  ;Kec. Balongan;Kab. Indramayu;Prov. Jawa Barat
021905  ;Kec. Cijambe;Kab. Subang;Prov. Jawa Barat
022128  ;Kec. Teluk Jambe Barat;Kab. Karawang;Prov. Jawa Barat
021924  ;Kec. Serang Panjang;Kab. Subang;Prov. Jawa Barat
022203  ;Kec. Cibarusah;Kab. Bekasi;Prov. Jawa Barat
021927  ;Kec. Pagaden Barat;Kab. Subang;Prov. Jawa Barat
022114  ;Kec. Kutawaluya;Kab. Karawang;Prov. Jawa Barat
022116  ;Kec. Pedes;Kab. Karawang;Prov. Jawa Barat
022115  ;Kec. Rengasdengklok;Kab. Karawang;Prov. Jawa Barat
021925  ;Kec. Kasomalang;Kab. Subang;Prov. Jawa Barat
022110  ;Kec. Telagasari;Kab. Karawang;Prov. Jawa Barat
022006  ;Kec. Darangdan;Kab. Purwakarta;Prov. Jawa Barat
022131  ;Kec. Tegalwaru;Kab. Karawang;Prov. Jawa Barat
022126  ;Kec. Cilamaya Wetan;Kab. Karawang;Prov. Jawa Barat
022209  ;Kec. Babelan;Kab. Bekasi;Prov. Jawa Barat
022107  ;Kec. Jatisari;Kab. Karawang;Prov. Jawa Barat
022123  ;Kec. Cilamaya Kulon;Kab. Karawang;Prov. Jawa Barat
022001  ;Kec. Jatiluhur;Kab. Purwakarta;Prov. Jawa Barat
022125  ;Kec. Kotabaru;Kab. Karawang;Prov. Jawa Barat
021926  ;Kec. Tambakdahan;Kab. Subang;Prov. Jawa Barat
022127  ;Kec. Purwasari;Kab. Karawang;Prov. Jawa Barat
022130  ;Kec. Karawang Timur;Kab. Karawang;Prov. Jawa Barat
021929  ;Kec. Ciater;Kab. Subang;Prov. Jawa Barat
022129  ;Kec. Teluk Jambe Timur;Kab. Karawang;Prov. Jawa Barat
021930  ;Kec. Sukasari;Kab. Subang;Prov. Jawa Barat
022015  ;Kec. Cibatu;Kab. Purwakarta;Prov. Jawa Barat
022112  ;Kec. Rawamerta;Kab. Karawang;Prov. Jawa Barat
022105  ;Kec. Cikampek;Kab. Karawang;Prov. Jawa Barat
022211  ;Kec. Tembelang;Kab. Bekasi;Prov. Jawa Barat
021928  ;Kec. Pusakajaya;Kab. Subang;Prov. Jawa Barat
022017  ;Kec. Pondok Salam;Kab. Purwakarta;Prov. Jawa Barat
022121  ;Kec. Majalaya;Kab. Karawang;Prov. Jawa Barat
022104  ;Kec. Klari;Kab. Karawang;Prov. Jawa Barat
022212  ;Kec. Sukatani;Kab. Bekasi;Prov. Jawa Barat
022007  ;Kec. Bojong;Kab. Purwakarta;Prov. Jawa Barat
021804  ;Kec. Cikedung;Kab. Indramayu;Prov. Jawa Barat
022109  ;Kec. Lemahabang;Kab. Karawang;Prov. Jawa Barat
021805  ;Kec. Lelea;Kab. Indramayu;Prov. Jawa Barat
022014  ;Kec. Babakancikao;Kab. Purwakarta;Prov. Jawa Barat
022122  ;Kec. Jayakerta;Kab. Karawang;Prov. Jawa Barat
022101  ;Kec. Pangkalan;Kab. Karawang;Prov. Jawa Barat
022010  ;Kec. Purwakarta;Kab. Purwakarta;Prov. Jawa Barat
022205  ;Kec. Kedung Waringin;Kab. Bekasi;Prov. Jawa Barat
022013  ;Kec. Kiarapedes;Kab. Purwakarta;Prov. Jawa Barat
021803  ;Kec. Gabuswetan;Kab. Indramayu;Prov. Jawa Barat
022102  ;Kec. Ciampel;Kab. Karawang;Prov. Jawa Barat
022210  ;Kec. Taruma Jaya;Kab. Bekasi;Prov. Jawa Barat
022119  ;Kec. Batujaya;Kab. Karawang;Prov. Jawa Barat
022124  ;Kec. Banyusari;Kab. Karawang;Prov. Jawa Barat
022113  ;Kec. Tempuran;Kab. Karawang;Prov. Jawa Barat
022133  ;Kec. Karawang Barat;Kab. Karawang;Prov. Jawa Barat
022132  ;Kec. Cilebar;Kab. Karawang;Prov. Jawa Barat
022011  ;Kec. Campaka;Kab. Purwakarta;Prov. Jawa Barat
022012  ;Kec. Sukasari;Kab. Purwakarta;Prov. Jawa Barat
022016  ;Kec. Bungursari;Kab. Purwakarta;Prov. Jawa Barat
022118  ;Kec. Tirtajaya;Kab. Karawang;Prov. Jawa Barat
022207  ;Kec. Cibitung;Kab. Bekasi;Prov. Jawa Barat
022120  ;Kec. Pakisjaya;Kab. Karawang;Prov. Jawa Barat
022106  ;Kec. Tirtamulya;Kab. Karawang;Prov. Jawa Barat
022009  ;Kec. Pasawahan;Kab. Purwakarta;Prov. Jawa Barat
022008  ;Kec. Wanayasa;Kab. Purwakarta;Prov. Jawa Barat
022218  ;Kec. Cikarang Barat;Kab. Bekasi;Prov. Jawa Barat
026017  ;Kec. Sumur Bandung;Kota Bandung;Prov. Jawa Barat
022005  ;Kec. Sukatani;Kab. Purwakarta;Prov. Jawa Barat
022217  ;Kec. Tambun Utara;Kab. Bekasi;Prov. Jawa Barat
022004  ;Kec. Plered;Kab. Purwakarta;Prov. Jawa Barat
022213  ;Kec. Pebayuran;Kab. Bekasi;Prov. Jawa Barat
022216  ;Kec. Tambun Selatan;Kab. Bekasi;Prov. Jawa Barat
022304  ;Kec. Cililin;Kab. Bandung Barat;Prov. Jawa Barat
026101  ;Kec. Kota Bogor Selatan;Kota Bogor;Prov. Jawa Barat
022301  ;Kec. Rongga;Kab. Bandung Barat;Prov. Jawa Barat
026030  ;Kec. Mandalajati;Kota Bandung;Prov. Jawa Barat
026029  ;Kec. Cinambo;Kota Bandung;Prov. Jawa Barat
026024  ;Kec. Sukajadi;Kota Bandung;Prov. Jawa Barat
026022  ;Kec. Cibeunying Kaler;Kota Bandung;Prov. Jawa Barat
026027  ;Kec. Gedebage;Kota Bandung;Prov. Jawa Barat
022306  ;Kec. Cipongkor;Kab. Bandung Barat;Prov. Jawa Barat
022308  ;Kec. Cipatat;Kab. Bandung Barat;Prov. Jawa Barat
026008  ;Kec. Bandung Kidul;Kota Bandung;Prov. Jawa Barat
026020  ;Kec. Bandung Wetan;Kota Bandung;Prov. Jawa Barat
026026  ;Kec. Cidadap;Kota Bandung;Prov. Jawa Barat
022313  ;Kec. Cisarua;Kab. Bandung Barat;Prov. Jawa Barat
022309  ;Kec. Padalarang;Kab. Bandung Barat;Prov. Jawa Barat
022303  ;Kec. Sindangkerta;Kab. Bandung Barat;Prov. Jawa Barat
026009  ;Kec. Buah Batu;Kota Bandung;Prov. Jawa Barat
022223  ;Kec. Bojong Mangu;Kab. Bekasi;Prov. Jawa Barat
022224  ;Kec. Cikarang Pusat;Kab. Bekasi;Prov. Jawa Barat
022003  ;Kec. Tegalwaru;Kab. Purwakarta;Prov. Jawa Barat
022227  ;Kec. Serang Baru;Kab. Bekasi;Prov. Jawa Barat
026025  ;Kec. Sukasari;Kota Bandung;Prov. Jawa Barat
026015  ;Kec. Kiaracondong;Kota Bandung;Prov. Jawa Barat
026004  ;Kec. Bojong Loa Kidul;Kota Bandung;Prov. Jawa Barat
022302  ;Kec. Gununghalu;Kab. Bandung Barat;Prov. Jawa Barat
022311  ;Kec. Parongpong;Kab. Bandung Barat;Prov. Jawa Barat
026002  ;Kec. Babakan Ciparay;Kota Bandung;Prov. Jawa Barat
026005  ;Kec. Astananyar;Kota Bandung;Prov. Jawa Barat
026023  ;Kec. Coblong;Kota Bandung;Prov. Jawa Barat
026003  ;Kec. Bojong Loa Kaler;Kota Bandung;Prov. Jawa Barat
022225  ;Kec. Sukakarya;Kab. Bekasi;Prov. Jawa Barat
026021  ;Kec. Cibeunying Kidul;Kota Bandung;Prov. Jawa Barat
026103  ;Kec. Kota Bogor Utara;Kota Bogor;Prov. Jawa Barat
022307  ;Kec. Batujajar;Kab. Bandung Barat;Prov. Jawa Barat
022310  ;Kec. Ngamprah;Kab. Bandung Barat;Prov. Jawa Barat
026028  ;Kec. Panyileukan;Kota Bandung;Prov. Jawa Barat
022215  ;Kec. Muara Gembong;Kab. Bekasi;Prov. Jawa Barat
026013  ;Kec. Arcamanik;Kota Bandung;Prov. Jawa Barat
026031  ;Kec. Antapani;Kota Bandung;Prov. Jawa Barat
026006  ;Kec. Regol;Kota Bandung;Prov. Jawa Barat
026011  ;Kec. Cibiru;Kota Bandung;Prov. Jawa Barat
026102  ;Kec. Kota Bogor Timur;Kota Bogor;Prov. Jawa Barat
022314  ;Kec. Cikalong Wetan;Kab. Bandung Barat;Prov. Jawa Barat
022305  ;Kec. Cihampelas;Kab. Bandung Barat;Prov. Jawa Barat
022315  ;Kec. Cipeundeuy;Kab. Bandung Barat;Prov. Jawa Barat
022214  ;Kec. Cabangbungin;Kab. Bekasi;Prov. Jawa Barat
026018  ;Kec. Andir;Kota Bandung;Prov. Jawa Barat
026016  ;Kec. Batununggal;Kota Bandung;Prov. Jawa Barat
026010  ;Kec. Rancasari;Kota Bandung;Prov. Jawa Barat
026019  ;Kec. Cicendo;Kota Bandung;Prov. Jawa Barat
022226  ;Kec. Sukawangi;Kab. Bekasi;Prov. Jawa Barat
026012  ;Kec. Ujungberung;Kota Bandung;Prov. Jawa Barat
022312  ;Kec. Lembang;Kab. Bandung Barat;Prov. Jawa Barat
030101  ;Kec. Dayeuhluhur;Kab. Cilacap;Prov. Jawa Tengah
026803  ;Kec. Kawalu;Kota Tasikmalaya;Prov. Jawa Barat
026511  ;Kec. Mustika Jaya;Kota Bekasi;Prov. Jawa Barat
026807  ;Kec. Cihideung;Kota Tasikmalaya;Prov. Jawa Barat
026604  ;Kec. Cimanggis;Kota Depok;Prov. Jawa Barat
026201  ;Kec. Baros;Kota Sukabumi;Prov. Jawa Barat
026610  ;Kec. Tapos;Kota Depok;Prov. Jawa Barat
026901  ;Kec. Banjar;Kota Banjar;Prov. Jawa Barat
026507  ;Kec. Bekasi Utara;Kota Bekasi;Prov. Jawa Barat
026302  ;Kec. Lemahwungkuk;Kota Cirebon;Prov. Jawa Barat
026808  ;Kec. Tawang;Kota Tasikmalaya;Prov. Jawa Barat
026305  ;Kec. Kejaksan;Kota Cirebon;Prov. Jawa Barat
026506  ;Kec. Bekasi Barat;Kota Bekasi;Prov. Jawa Barat
026512  ;Kec. Pondok Melati;Kota Bekasi;Prov. Jawa Barat
026601  ;Kec. Sawangan;Kota Depok;Prov. Jawa Barat
026701  ;Kec. Cimahi Selatan;Kota Cimahi;Prov. Jawa Barat
026304  ;Kec. Kesambi;Kota Cirebon;Prov. Jawa Barat
026804  ;Kec. Mangkubumi;Kota Tasikmalaya;Prov. Jawa Barat
030102  ;Kec. Wanareja;Kab. Cilacap;Prov. Jawa Tengah
026303  ;Kec. Pekalipan;Kota Cirebon;Prov. Jawa Barat
026801  ;Kec. Cibeureum;Kota Tasikmalaya;Prov. Jawa Barat
026503  ;Kec. Bantargebang;Kota Bekasi;Prov. Jawa Barat
026611  ;Kec. Bojongsari;Kota Depok;Prov. Jawa Barat
026904  ;Kec. Langensari;Kota Banjar;Prov. Jawa Barat
030107  ;Kec. Sidareja;Kab. Cilacap;Prov. Jawa Tengah
026206  ;Kec. Lembur Situ;Kota Sukabumi;Prov. Jawa Barat
026510  ;Kec. Rawalumbu;Kota Bekasi;Prov. Jawa Barat
026902  ;Kec. Purwaharja;Kota Banjar;Prov. Jawa Barat
030108  ;Kec. Kedungreja;Kab. Cilacap;Prov. Jawa Tengah
026607  ;Kec. Cipayung;Kota Depok;Prov. Jawa Barat
030104  ;Kec. Cimanggu;Kab. Cilacap;Prov. Jawa Tengah
030106  ;Kec. Cipari;Kab. Cilacap;Prov. Jawa Tengah
026502  ;Kec. Jatiasih;Kota Bekasi;Prov. Jawa Barat
026501  ;Kec. Pondokgede;Kota Bekasi;Prov. Jawa Barat
026805  ;Kec. Indihiang;Kota Tasikmalaya;Prov. Jawa Barat
026703  ;Kec. Cimahi Utara;Kota Cimahi;Prov. Jawa Barat
030103  ;Kec. Majenang;Kab. Cilacap;Prov. Jawa Tengah
026606  ;Kec. Limo;Kota Depok;Prov. Jawa Barat
026609  ;Kec. Cinere;Kota Depok;Prov. Jawa Barat
022222  ;Kec. Cikarang Timur;Kab. Bekasi;Prov. Jawa Barat
026504  ;Kec. Bekasi Timur;Kota Bekasi;Prov. Jawa Barat
026105  ;Kec. Kota Bogor Barat;Kota Bogor;Prov. Jawa Barat
022221  ;Kec. Cikarang Selatan;Kab. Bekasi;Prov. Jawa Barat
026207  ;Kec. Cibeureum;Kota Sukabumi;Prov. Jawa Barat
026509  ;Kec. Medan Satria;Kota Bekasi;Prov. Jawa Barat
026605  ;Kec. Beji;Kota Depok;Prov. Jawa Barat
026505  ;Kec. Bekasi Selatan;Kota Bekasi;Prov. Jawa Barat
026810  ;Kec. Bungursari;Kota Tasikmalaya;Prov. Jawa Barat
026809  ;Kec. Purbaratu;Kota Tasikmalaya;Prov. Jawa Barat
026603  ;Kec. Sukmajaya;Kota Depok;Prov. Jawa Barat
026802  ;Kec. Tamansari;Kota Tasikmalaya;Prov. Jawa Barat
026508  ;Kec. Jati Sampurna;Kota Bekasi;Prov. Jawa Barat
026602  ;Kec. Pancoran Mas;Kota Depok;Prov. Jawa Barat
026806  ;Kec. Cipedes;Kota Tasikmalaya;Prov. Jawa Barat
030105  ;Kec. Karangpucung;Kab. Cilacap;Prov. Jawa Tengah
026104  ;Kec. Kota Bogor Tengah;Kota Bogor;Prov. Jawa Barat
026903  ;Kec. Pataruman;Kota Banjar;Prov. Jawa Barat
026301  ;Kec. Harjamukti;Kota Cirebon;Prov. Jawa Barat
026702  ;Kec. Cimahi Tengah;Kota Cimahi;Prov. Jawa Barat
026106  ;Kec. Tanah Sereal;Kota Bogor;Prov. Jawa Barat
030216  ;Kec. Pekuncen;Kab. Banyumas;Prov. Jawa Tengah
030221  ;Kec. Sumbang;Kab. Banyumas;Prov. Jawa Tengah
030117  ;Kec. Maos;Kab. Cilacap;Prov. Jawa Tengah
030227  ;Kec. Purwokerto Utara;Kab. Banyumas;Prov. Jawa Tengah
030213  ;Kec. Purwojati;Kab. Banyumas;Prov. Jawa Tengah
030215  ;Kec. Gumelar;Kab. Banyumas;Prov. Jawa Tengah
030309  ;Kec. Kutasari;Kab. Purbalingga;Prov. Jawa Tengah
030308  ;Kec. Padamara;Kab. Purbalingga;Prov. Jawa Tengah
030205  ;Kec. Kebasen;Kab. Banyumas;Prov. Jawa Tengah
030122  ;Kec. Cilacap Selatan;Kab. Cilacap;Prov. Jawa Tengah
030301  ;Kec. Kemangkon;Kab. Purbalingga;Prov. Jawa Tengah
030212  ;Kec. Patikraja;Kab. Banyumas;Prov. Jawa Tengah
030207  ;Kec. Sumpiuh;Kab. Banyumas;Prov. Jawa Tengah
030124  ;Kec. Cilacap Utara;Kab. Cilacap;Prov. Jawa Tengah
030202  ;Kec. Wangon;Kab. Banyumas;Prov. Jawa Tengah
030206  ;Kec. Kemranjen;Kab. Banyumas;Prov. Jawa Tengah
030115  ;Kec. Kesugihan;Kab. Cilacap;Prov. Jawa Tengah
030209  ;Kec. Somagede;Kab. Banyumas;Prov. Jawa Tengah
030118  ;Kec. Sampang;Kab. Cilacap;Prov. Jawa Tengah
030203  ;Kec. Jatilawang;Kab. Banyumas;Prov. Jawa Tengah
030120  ;Kec. Binangun;Kab. Cilacap;Prov. Jawa Tengah
030315  ;Kec. Karangmoncol;Kab. Purbalingga;Prov. Jawa Tengah
030116  ;Kec. Adipala;Kab. Cilacap;Prov. Jawa Tengah
030225  ;Kec. Purwokerto Barat;Kab. Banyumas;Prov. Jawa Tengah
030121  ;Kec. Nusawungu;Kab. Cilacap;Prov. Jawa Tengah
030310  ;Kec. Bojongsari;Kab. Purbalingga;Prov. Jawa Tengah
030224  ;Kec. Purwokerto Selatan;Kab. Banyumas;Prov. Jawa Tengah
030223  ;Kec. Sokaraja;Kab. Banyumas;Prov. Jawa Tengah
030318  ;Kec. Kertanegara;Kab. Purbalingga;Prov. Jawa Tengah
030123  ;Kec. Cilacap Tengah;Kab. Cilacap;Prov. Jawa Tengah
030219  ;Kec. Kedung Banteng;Kab. Banyumas;Prov. Jawa Tengah
030317  ;Kec. Karangjambu;Kab. Purbalingga;Prov. Jawa Tengah
030109  ;Kec. Patimuan;Kab. Cilacap;Prov. Jawa Tengah
030222  ;Kec. Kembaran;Kab. Banyumas;Prov. Jawa Tengah
030302  ;Kec. Bukateja;Kab. Purbalingga;Prov. Jawa Tengah
030214  ;Kec. Ajibarang;Kab. Banyumas;Prov. Jawa Tengah
030208  ;Kec. Tambak;Kab. Banyumas;Prov. Jawa Tengah
030218  ;Kec. Karanglewas;Kab. Banyumas;Prov. Jawa Tengah
030119  ;Kec. Kroya;Kab. Cilacap;Prov. Jawa Tengah
030210  ;Kec. Kalibagor;Kab. Banyumas;Prov. Jawa Tengah
030204  ;Kec. Rawalo;Kab. Banyumas;Prov. Jawa Tengah
026203  ;Kec. Warudoyong;Kota Sukabumi;Prov. Jawa Barat
030311  ;Kec. Mrebet;Kab. Purbalingga;Prov. Jawa Tengah
030211  ;Kec. Banyumas;Kab. Banyumas;Prov. Jawa Tengah
030312  ;Kec. Bobotsari;Kab. Purbalingga;Prov. Jawa Tengah
030303  ;Kec. Kejobong;Kab. Purbalingga;Prov. Jawa Tengah
030314  ;Kec. Karanganyar;Kab. Purbalingga;Prov. Jawa Tengah
030304  ;Kec. Pengadegan;Kab. Purbalingga;Prov. Jawa Tengah
026205  ;Kec. Cikole;Kota Sukabumi;Prov. Jawa Barat
030201  ;Kec. Lumbir;Kab. Banyumas;Prov. Jawa Tengah
030110  ;Kec. Gandrungmangu;Kab. Cilacap;Prov. Jawa Tengah
030402  ;Kec. Purworejo/ Klampok;Kab. Banjarnegara;Prov. Jawa Tengah
030313  ;Kec. Karangreja;Kab. Purbalingga;Prov. Jawa Tengah
030306  ;Kec. Purbalingga;Kab. Purbalingga;Prov. Jawa Tengah
030305  ;Kec. Kaligondang;Kab. Purbalingga;Prov. Jawa Tengah
030226  ;Kec. Purwokerto Timur;Kab. Banyumas;Prov. Jawa Tengah
030316  ;Kec. Rembang;Kab. Purbalingga;Prov. Jawa Tengah
030307  ;Kec. Kalimanah;Kab. Purbalingga;Prov. Jawa Tengah
026204  ;Kec. Gunung Puyuh;Kota Sukabumi;Prov. Jawa Barat
030220  ;Kec. Baturaden;Kab. Banyumas;Prov. Jawa Tengah
030416  ;Kec. Batur;Kab. Banjarnegara;Prov. Jawa Tengah
030609  ;Kec. Kutoarjo;Kab. Purworejo;Prov. Jawa Tengah
030511  ;Kec. Alian;Kab. Kebumen;Prov. Jawa Tengah
030420  ;Kec. Pagedongan;Kab. Banjarnegara;Prov. Jawa Tengah
030502  ;Kec. Buayan;Kab. Kebumen;Prov. Jawa Tengah
030514  ;Kec. Sruweng;Kab. Kebumen;Prov. Jawa Tengah
030520  ;Kec. Karanganyar;Kab. Kebumen;Prov. Jawa Tengah
030508  ;Kec. Mirit;Kab. Kebumen;Prov. Jawa Tengah
030411  ;Kec. Rakit;Kab. Banjarnegara;Prov. Jawa Tengah
030407  ;Kec. Sigaluh;Kab. Banjarnegara;Prov. Jawa Tengah
030608  ;Kec. Bayan;Kab. Purworejo;Prov. Jawa Tengah
030415  ;Kec. Pejawaran;Kab. Banjarnegara;Prov. Jawa Tengah
030418  ;Kec. Kalibening;Kab. Banjarnegara;Prov. Jawa Tengah
030614  ;Kec. Gebang;Kab. Purworejo;Prov. Jawa Tengah
030612  ;Kec. Kemiri;Kab. Purworejo;Prov. Jawa Tengah
030616  ;Kec. Bener;Kab. Purworejo;Prov. Jawa Tengah
030412  ;Kec. Punggelan;Kab. Banjarnegara;Prov. Jawa Tengah
030501  ;Kec. Ayah;Kab. Kebumen;Prov. Jawa Tengah
030417  ;Kec. Wanayasa;Kab. Banjarnegara;Prov. Jawa Tengah
030518  ;Kec. Sempor;Kab. Kebumen;Prov. Jawa Tengah
030509  ;Kec. Prembun;Kab. Kebumen;Prov. Jawa Tengah
030505  ;Kec. Klirong;Kab. Kebumen;Prov. Jawa Tengah
030114  ;Kec. Jeruklegi;Kab. Cilacap;Prov. Jawa Tengah
030516  ;Kec. Kuwarasan;Kab. Kebumen;Prov. Jawa Tengah
030113  ;Kec. Kampung Laut;Kab. Cilacap;Prov. Jawa Tengah
030601  ;Kec. Grabag;Kab. Purworejo;Prov. Jawa Tengah
030611  ;Kec. Pituruh;Kab. Purworejo;Prov. Jawa Tengah
030507  ;Kec. Ambal;Kab. Kebumen;Prov. Jawa Tengah
030519  ;Kec. Gombong;Kab. Kebumen;Prov. Jawa Tengah
030613  ;Kec. Bruno;Kab. Purworejo;Prov. Jawa Tengah
030413  ;Kec. Karangkobar;Kab. Banjarnegara;Prov. Jawa Tengah
030504  ;Kec. Petanahan;Kab. Kebumen;Prov. Jawa Tengah
030506  ;Kec. Bulupesantren;Kab. Kebumen;Prov. Jawa Tengah
030606  ;Kec. Purworejo;Kab. Purworejo;Prov. Jawa Tengah
030610  ;Kec. Butuh;Kab. Purworejo;Prov. Jawa Tengah
030525  ;Kec. Poncowarno;Kab. Kebumen;Prov. Jawa Tengah
030603  ;Kec. Purwodadi;Kab. Purworejo;Prov. Jawa Tengah
030517  ;Kec. Rowokele;Kab. Kebumen;Prov. Jawa Tengah
030112  ;Kec. Kawunganten;Kab. Cilacap;Prov. Jawa Tengah
030524  ;Kec. Padureso;Kab. Kebumen;Prov. Jawa Tengah
030510  ;Kec. Kutowinangun;Kab. Kebumen;Prov. Jawa Tengah
030522  ;Kec. Sadang;Kab. Kebumen;Prov. Jawa Tengah
030404  ;Kec. Purwonegara;Kab. Banjarnegara;Prov. Jawa Tengah
030607  ;Kec. Banyu Urip;Kab. Purworejo;Prov. Jawa Tengah
030521  ;Kec. Karangganyam;Kab. Kebumen;Prov. Jawa Tengah
030512  ;Kec. Kebumen;Kab. Kebumen;Prov. Jawa Tengah
030605  ;Kec. Kaligesing;Kab. Purworejo;Prov. Jawa Tengah
030405  ;Kec. Bawang;Kab. Banjarnegara;Prov. Jawa Tengah
030515  ;Kec. Adimulyo;Kab. Kebumen;Prov. Jawa Tengah
030615  ;Kec. Loano;Kab. Purworejo;Prov. Jawa Tengah
030602  ;Kec. Ngombol;Kab. Purworejo;Prov. Jawa Tengah
030409  ;Kec. Banjarmangu;Kab. Banjarnegara;Prov. Jawa Tengah
030414  ;Kec. Pagentan;Kab. Banjarnegara;Prov. Jawa Tengah
030408  ;Kec. Madukara;Kab. Banjarnegara;Prov. Jawa Tengah
030604  ;Kec. Bagelen;Kab. Purworejo;Prov. Jawa Tengah
030503  ;Kec. Puring;Kab. Kebumen;Prov. Jawa Tengah
030523  ;Kec. Bonorowo;Kab. Kebumen;Prov. Jawa Tengah
030419  ;Kec. Pandan Arum;Kab. Banjarnegara;Prov. Jawa Tengah
030526  ;Kec. Karangsambung;Kab. Kebumen;Prov. Jawa Tengah
030410  ;Kec. Wanadadi;Kab. Banjarnegara;Prov. Jawa Tengah
030803  ;Kec. Ngluwar;Kab. Magelang;Prov. Jawa Tengah
031003  ;Kec. Wedi;Kab. Klaten;Prov. Jawa Tengah
030908  ;Kec. Sawit;Kab. Boyolali;Prov. Jawa Tengah
030714  ;Kec. Sukoharjo;Kab. Wonosobo;Prov. Jawa Tengah
030703  ;Kec. Sapuran;Kab. Wonosobo;Prov. Jawa Tengah
030906  ;Kec. Mojosongo;Kab. Boyolali;Prov. Jawa Tengah
030707  ;Kec. Kalikajar;Kab. Wonosobo;Prov. Jawa Tengah
030713  ;Kec. Kejajar;Kab. Wonosobo;Prov. Jawa Tengah
030910  ;Kec. Sambi;Kab. Boyolali;Prov. Jawa Tengah
030911  ;Kec. Ngemplak;Kab. Boyolali;Prov. Jawa Tengah
030809  ;Kec. Sawangan;Kab. Magelang;Prov. Jawa Tengah
031002  ;Kec. Gantiwarno;Kab. Klaten;Prov. Jawa Tengah
031004  ;Kec. Bayat;Kab. Klaten;Prov. Jawa Tengah
030916  ;Kec. Andong;Kab. Boyolali;Prov. Jawa Tengah
030912  ;Kec. Nogosari;Kab. Boyolali;Prov. Jawa Tengah
030820  ;Kec. Grabag;Kab. Magelang;Prov. Jawa Tengah
030705  ;Kec. Leksono;Kab. Wonosobo;Prov. Jawa Tengah
030915  ;Kec. Klego;Kab. Boyolali;Prov. Jawa Tengah
030814  ;Kec. Kaliangkrik;Kab. Magelang;Prov. Jawa Tengah
030909  ;Kec. Banyudono;Kab. Boyolali;Prov. Jawa Tengah
030903  ;Kec. Cepogo;Kab. Boyolali;Prov. Jawa Tengah
030812  ;Kec. Tempuran;Kab. Magelang;Prov. Jawa Tengah
030918  ;Kec. Wonosegoro;Kab. Boyolali;Prov. Jawa Tengah
031012  ;Kec. Ngawen;Kab. Klaten;Prov. Jawa Tengah
030710  ;Kec. Watumalang;Kab. Wonosobo;Prov. Jawa Tengah
030801  ;Kec. Salaman;Kab. Magelang;Prov. Jawa Tengah
030715  ;Kec. Kalibawang;Kab. Wonosobo;Prov. Jawa Tengah
030806  ;Kec. Dukun;Kab. Magelang;Prov. Jawa Tengah
030711  ;Kec. Mojotengah;Kab. Wonosobo;Prov. Jawa Tengah
030816  ;Kec. Windusari;Kab. Magelang;Prov. Jawa Tengah
030913  ;Kec. Simo;Kab. Boyolali;Prov. Jawa Tengah
031007  ;Kec. Kalikotes;Kab. Klaten;Prov. Jawa Tengah
030712  ;Kec. Garung;Kab. Wonosobo;Prov. Jawa Tengah
030811  ;Kec. Martoyudan;Kab. Magelang;Prov. Jawa Tengah
030808  ;Kec. Mungkid;Kab. Magelang;Prov. Jawa Tengah
030914  ;Kec. Karanggede;Kab. Boyolali;Prov. Jawa Tengah
030406  ;Kec. Banjarnegara;Kab. Banjarnegara;Prov. Jawa Tengah
031005  ;Kec. Cawas;Kab. Klaten;Prov. Jawa Tengah
031006  ;Kec. Trucuk;Kab. Klaten;Prov. Jawa Tengah
030802  ;Kec. Borobudur;Kab. Magelang;Prov. Jawa Tengah
030807  ;Kec. Muntilan;Kab. Magelang;Prov. Jawa Tengah
030708  ;Kec. Kertek;Kab. Wonosobo;Prov. Jawa Tengah
030904  ;Kec. Musuk;Kab. Boyolali;Prov. Jawa Tengah
030704  ;Kec. Kaliwiro;Kab. Wonosobo;Prov. Jawa Tengah
030813  ;Kec. Kajoran;Kab. Magelang;Prov. Jawa Tengah
030905  ;Kec. Boyolali;Kab. Boyolali;Prov. Jawa Tengah
030917  ;Kec. Kemusu;Kab. Boyolali;Prov. Jawa Tengah
030810  ;Kec. Candimulyo;Kab. Magelang;Prov. Jawa Tengah
030919  ;Kec. Juwangi;Kab. Boyolali;Prov. Jawa Tengah
030815  ;Kec. Bandongan;Kab. Magelang;Prov. Jawa Tengah
030805  ;Kec. Srumbung;Kab. Magelang;Prov. Jawa Tengah
030709  ;Kec. Wonosobo;Kab. Wonosobo;Prov. Jawa Tengah
030907  ;Kec. Teras;Kab. Boyolali;Prov. Jawa Tengah
030902  ;Kec. Ampel;Kab. Boyolali;Prov. Jawa Tengah
030821  ;Kec. Ngablak;Kab. Magelang;Prov. Jawa Tengah
030901  ;Kec. Selo;Kab. Boyolali;Prov. Jawa Tengah
030819  ;Kec. Pakis;Kab. Magelang;Prov. Jawa Tengah
030804  ;Kec. Salam;Kab. Magelang;Prov. Jawa Tengah
030706  ;Kec. Selomerto;Kab. Wonosobo;Prov. Jawa Tengah
030818  ;Kec. Tegalrejo;Kab. Magelang;Prov. Jawa Tengah
031023  ;Kec. Kemalang;Kab. Klaten;Prov. Jawa Tengah
031109  ;Kec. Grogol;Kab. Sukoharjo;Prov. Jawa Tengah
031110  ;Kec. Baki;Kab. Sukoharjo;Prov. Jawa Tengah
031020  ;Kec. Karanganom;Kab. Klaten;Prov. Jawa Tengah
031011  ;Kec. Karangnongko;Kab. Klaten;Prov. Jawa Tengah
031223  ;Kec. Jatipurno;Kab. Wonogiri;Prov. Jawa Tengah
031101  ;Kec. Weru;Kab. Sukoharjo;Prov. Jawa Tengah
031224  ;Kec. Girimarto;Kab. Wonogiri;Prov. Jawa Tengah
031108  ;Kec. Mojolaban;Kab. Sukoharjo;Prov. Jawa Tengah
031207  ;Kec. Tirtomoyo;Kab. Wonogiri;Prov. Jawa Tengah
031217  ;Kec. Jatiroto;Kab. Wonogiri;Prov. Jawa Tengah
031210  ;Kec. Eromoko;Kab. Wonogiri;Prov. Jawa Tengah
031014  ;Kec. Pedan;Kab. Klaten;Prov. Jawa Tengah
031111  ;Kec. Gatak;Kab. Sukoharjo;Prov. Jawa Tengah
031312  ;Kec. Colomadu;Kab. Karanganyar;Prov. Jawa Tengah
031017  ;Kec. Wonosari;Kab. Klaten;Prov. Jawa Tengah
031218  ;Kec. Kismantoro;Kab. Wonogiri;Prov. Jawa Tengah
031024  ;Kec. Klaten Selatan;Kab. Klaten;Prov. Jawa Tengah
031016  ;Kec. Juwiring;Kab. Klaten;Prov. Jawa Tengah
031219  ;Kec. Purwantoro;Kab. Wonogiri;Prov. Jawa Tengah
031010  ;Kec. Manisrenggo;Kab. Klaten;Prov. Jawa Tengah
031222  ;Kec. Jatisrono;Kab. Wonogiri;Prov. Jawa Tengah
031212  ;Kec. Manyaran;Kab. Wonogiri;Prov. Jawa Tengah
031203  ;Kec. Giritontro;Kab. Wonogiri;Prov. Jawa Tengah
031021  ;Kec. Tulung;Kab. Klaten;Prov. Jawa Tengah
031205  ;Kec. Batuwarno;Kab. Wonogiri;Prov. Jawa Tengah
031216  ;Kec. Sidoharjo;Kab. Wonogiri;Prov. Jawa Tengah
031009  ;Kec. Jogonalan;Kab. Klaten;Prov. Jawa Tengah
031305  ;Kec. Matesih;Kab. Karanganyar;Prov. Jawa Tengah
031206  ;Kec. Karangtengah;Kab. Wonogiri;Prov. Jawa Tengah
031208  ;Kec. Nguntoronadi;Kab. Wonogiri;Prov. Jawa Tengah
031303  ;Kec. Jumapolo;Kab. Karanganyar;Prov. Jawa Tengah
031302  ;Kec. Jatiyoso;Kab. Karanganyar;Prov. Jawa Tengah
031102  ;Kec. Bulu;Kab. Sukoharjo;Prov. Jawa Tengah
031214  ;Kec. Wonogiri;Kab. Wonogiri;Prov. Jawa Tengah
031221  ;Kec. Slogohimo;Kab. Wonogiri;Prov. Jawa Tengah
031022  ;Kec. Jatinom;Kab. Klaten;Prov. Jawa Tengah
031220  ;Kec. Bulukerto;Kab. Wonogiri;Prov. Jawa Tengah
031019  ;Kec. Polanharjo;Kab. Klaten;Prov. Jawa Tengah
031105  ;Kec. Nguter;Kab. Sukoharjo;Prov. Jawa Tengah
031015  ;Kec. Karangdowo;Kab. Klaten;Prov. Jawa Tengah
031104  ;Kec. Sukoharjo;Kab. Sukoharjo;Prov. Jawa Tengah
031215  ;Kec. Ngadirojo;Kab. Wonogiri;Prov. Jawa Tengah
031225  ;Kec. Puhpelem;Kab. Wonogiri;Prov. Jawa Tengah
031311  ;Kec. Jaten;Kab. Karanganyar;Prov. Jawa Tengah
031026  ;Kec. Klaten Utara;Kab. Klaten;Prov. Jawa Tengah
031013  ;Kec. Ceper;Kab. Klaten;Prov. Jawa Tengah
031202  ;Kec. Paranggupito;Kab. Wonogiri;Prov. Jawa Tengah
031213  ;Kec. Selogiri;Kab. Wonogiri;Prov. Jawa Tengah
031107  ;Kec. Polokarto;Kab. Sukoharjo;Prov. Jawa Tengah
031211  ;Kec. Wuryantoro;Kab. Wonogiri;Prov. Jawa Tengah
031201  ;Kec. Pracimantoro;Kab. Wonogiri;Prov. Jawa Tengah
031204  ;Kec. Giriwoyo;Kab. Wonogiri;Prov. Jawa Tengah
031304  ;Kec. Jumantono;Kab. Karanganyar;Prov. Jawa Tengah
031025  ;Kec. Klaten Tengah;Kab. Klaten;Prov. Jawa Tengah
031106  ;Kec. Bendosari;Kab. Sukoharjo;Prov. Jawa Tengah
031103  ;Kec. Tawangsari;Kab. Sukoharjo;Prov. Jawa Tengah
031018  ;Kec. Delanggu;Kab. Klaten;Prov. Jawa Tengah
031209  ;Kec. Baturetno;Kab. Wonogiri;Prov. Jawa Tengah
031310  ;Kec. Tasikmadu;Kab. Karanganyar;Prov. Jawa Tengah
031507  ;Kec. Kradenan;Kab. Grobogan;Prov. Jawa Tengah
031602  ;Kec. Randublatung;Kab. Blora;Prov. Jawa Tengah
031412  ;Kec. Tanon;Kab. Sragen;Prov. Jawa Tengah
031417  ;Kec. Sukodono;Kab. Sragen;Prov. Jawa Tengah
031609  ;Kec. Jepon;Kab. Blora;Prov. Jawa Tengah
031516  ;Kec. Godong;Kab. Grobogan;Prov. Jawa Tengah
031509  ;Kec. Ngaringan;Kab. Grobogan;Prov. Jawa Tengah
031616  ;Kec. Todanan;Kab. Blora;Prov. Jawa Tengah
031406  ;Kec. Gondang;Kab. Sragen;Prov. Jawa Tengah
031418  ;Kec. Gesi;Kab. Sragen;Prov. Jawa Tengah
031519  ;Kec. Tanggungharjo;Kab. Grobogan;Prov. Jawa Tengah
031307  ;Kec. Ngargoyoso;Kab. Karanganyar;Prov. Jawa Tengah
031402  ;Kec. Plupuh;Kab. Sragen;Prov. Jawa Tengah
031410  ;Kec. Sragen;Kab. Sragen;Prov. Jawa Tengah
031517  ;Kec. Gubug;Kab. Grobogan;Prov. Jawa Tengah
031703  ;Kec. Gunem;Kab. Rembang;Prov. Jawa Tengah
031615  ;Kec. Kunduran;Kab. Blora;Prov. Jawa Tengah
031508  ;Kec. Gabus;Kab. Grobogan;Prov. Jawa Tengah
031404  ;Kec. Kedawung;Kab. Sragen;Prov. Jawa Tengah
031608  ;Kec. Bogorejo;Kab. Blora;Prov. Jawa Tengah
031313  ;Kec. Gondangrejo;Kab. Karanganyar;Prov. Jawa Tengah
031506  ;Kec. Pulokulon;Kab. Grobogan;Prov. Jawa Tengah
031420  ;Kec. Jenar;Kab. Sragen;Prov. Jawa Tengah
031505  ;Kec. Geyer;Kab. Grobogan;Prov. Jawa Tengah
031416  ;Kec. Mondokan;Kab. Sragen;Prov. Jawa Tengah
031414  ;Kec. Miri;Kab. Sragen;Prov. Jawa Tengah
031317  ;Kec. Jenawi;Kab. Karanganyar;Prov. Jawa Tengah
031308  ;Kec. Karangpandan;Kab. Karanganyar;Prov. Jawa Tengah
031316  ;Kec. Kerjo;Kab. Karanganyar;Prov. Jawa Tengah
031504  ;Kec. Toroh;Kab. Grobogan;Prov. Jawa Tengah
031518  ;Kec. Tegowanu;Kab. Grobogan;Prov. Jawa Tengah
031409  ;Kec. Karangmalang;Kab. Sragen;Prov. Jawa Tengah
031502  ;Kec. Karangrayung;Kab. Grobogan;Prov. Jawa Tengah
031403  ;Kec. Masaran;Kab. Sragen;Prov. Jawa Tengah
031411  ;Kec. Sidoharjo;Kab. Sragen;Prov. Jawa Tengah
031603  ;Kec. Kradenan;Kab. Blora;Prov. Jawa Tengah
031315  ;Kec. Mojogedang;Kab. Karanganyar;Prov. Jawa Tengah
031501  ;Kec. Kedungjati;Kab. Grobogan;Prov. Jawa Tengah
031514  ;Kec. Brati;Kab. Grobogan;Prov. Jawa Tengah
031503  ;Kec. Penawangan;Kab. Grobogan;Prov. Jawa Tengah
031405  ;Kec. Sambirejo;Kab. Sragen;Prov. Jawa Tengah
031510  ;Kec. Wirosari;Kab. Grobogan;Prov. Jawa Tengah
031701  ;Kec. Sumber;Kab. Rembang;Prov. Jawa Tengah
031513  ;Kec. Purwodadi;Kab. Grobogan;Prov. Jawa Tengah
031601  ;Kec. Jati;Kab. Blora;Prov. Jawa Tengah
031606  ;Kec. Sambong;Kab. Blora;Prov. Jawa Tengah
031407  ;Kec. Sambung Macan;Kab. Sragen;Prov. Jawa Tengah
031309  ;Kec. Karanganyar;Kab. Karanganyar;Prov. Jawa Tengah
031415  ;Kec. Sumberlawang;Kab. Sragen;Prov. Jawa Tengah
031511  ;Kec. Tawangharjo;Kab. Grobogan;Prov. Jawa Tengah
031702  ;Kec. Bulu;Kab. Rembang;Prov. Jawa Tengah
031408  ;Kec. Ngrampal;Kab. Sragen;Prov. Jawa Tengah
031607  ;Kec. Jiken;Kab. Blora;Prov. Jawa Tengah
031604  ;Kec. Kedungtuban;Kab. Blora;Prov. Jawa Tengah
031512  ;Kec. Grobogan;Kab. Grobogan;Prov. Jawa Tengah
031605  ;Kec. Cepu;Kab. Blora;Prov. Jawa Tengah
031515  ;Kec. Klambu;Kab. Grobogan;Prov. Jawa Tengah
031314  ;Kec. Kebakkramat;Kab. Karanganyar;Prov. Jawa Tengah
031610  ;Kec. Kota Blora;Kab. Blora;Prov. Jawa Tengah
031413  ;Kec. Gemolong;Kab. Sragen;Prov. Jawa Tengah
031813  ;Kec. Gembong;Kab. Pati;Prov. Jawa Tengah
031804  ;Kec. Winong;Kab. Pati;Prov. Jawa Tengah
032011  ;Kec. Keling;Kab. Jepara;Prov. Jawa Tengah
032103  ;Kec. Guntur;Kab. Demak;Prov. Jawa Tengah
031817  ;Kec. Margoyoso;Kab. Pati;Prov. Jawa Tengah
032006  ;Kec. Batealit;Kab. Jepara;Prov. Jawa Tengah
031819  ;Kec. Cluwak;Kab. Pati;Prov. Jawa Tengah
031706  ;Kec. Sedan;Kab. Rembang;Prov. Jawa Tengah
031808  ;Kec. Juwana;Kab. Pati;Prov. Jawa Tengah
032016  ;Kec. Pakis Aji;Kab. Jepara;Prov. Jawa Tengah
032004  ;Kec. Mayong;Kab. Jepara;Prov. Jawa Tengah
032001  ;Kec. Kedung;Kab. Jepara;Prov. Jawa Tengah
031711  ;Kec. Pancur;Kab. Rembang;Prov. Jawa Tengah
031809  ;Kec. Jakenan;Kab. Pati;Prov. Jawa Tengah
031905  ;Kec. Mejobo;Kab. Kudus;Prov. Jawa Tengah
031704  ;Kec. Sale;Kab. Rembang;Prov. Jawa Tengah
031801  ;Kec. Sukolilo;Kab. Pati;Prov. Jawa Tengah
031820  ;Kec. Tayu;Kab. Pati;Prov. Jawa Tengah
031614  ;Kec. Ngawen;Kab. Blora;Prov. Jawa Tengah
031714  ;Kec. Lasem;Kab. Rembang;Prov. Jawa Tengah
031707  ;Kec. Pamotan;Kab. Rembang;Prov. Jawa Tengah
031901  ;Kec. Kaliwungu;Kab. Kudus;Prov. Jawa Tengah
031713  ;Kec. Sluke;Kab. Rembang;Prov. Jawa Tengah
031904  ;Kec. Undaan;Kab. Kudus;Prov. Jawa Tengah
031908  ;Kec. Gebog;Kab. Kudus;Prov. Jawa Tengah
031806  ;Kec. Jaken;Kab. Pati;Prov. Jawa Tengah
031807  ;Kec. Batangan;Kab. Pati;Prov. Jawa Tengah
031805  ;Kec. Pucakwangi;Kab. Pati;Prov. Jawa Tengah
031821  ;Kec. Dukuhseti;Kab. Pati;Prov. Jawa Tengah
031902  ;Kec. Kota Kudus;Kab. Kudus;Prov. Jawa Tengah
031705  ;Kec. Sarang;Kab. Rembang;Prov. Jawa Tengah
032008  ;Kec. Jepara;Kab. Jepara;Prov. Jawa Tengah
031909  ;Kec. Dawe;Kab. Kudus;Prov. Jawa Tengah
031803  ;Kec. Tambakromo;Kab. Pati;Prov. Jawa Tengah
031815  ;Kec. Wedarijaksa;Kab. Pati;Prov. Jawa Tengah
031710  ;Kec. Rembang;Kab. Rembang;Prov. Jawa Tengah
031816  ;Kec. Trangkil;Kab. Pati;Prov. Jawa Tengah
031810  ;Kec. Pati;Kab. Pati;Prov. Jawa Tengah
031906  ;Kec. Jekulo;Kab. Kudus;Prov. Jawa Tengah
031814  ;Kec. Tlogowungu;Kab. Pati;Prov. Jawa Tengah
032007  ;Kec. Tahunan;Kab. Jepara;Prov. Jawa Tengah
031812  ;Kec. Margorejo;Kab. Pati;Prov. Jawa Tengah
031907  ;Kec. Bae;Kab. Kudus;Prov. Jawa Tengah
031818  ;Kec. Gunung Wungkal;Kab. Pati;Prov. Jawa Tengah
032005  ;Kec. Nalumsari;Kab. Jepara;Prov. Jawa Tengah
031709  ;Kec. Kaliori;Kab. Rembang;Prov. Jawa Tengah
032104  ;Kec. Sayung;Kab. Demak;Prov. Jawa Tengah
031903  ;Kec. Jati;Kab. Kudus;Prov. Jawa Tengah
031708  ;Kec. Sulang;Kab. Rembang;Prov. Jawa Tengah
031712  ;Kec. Kragan;Kab. Rembang;Prov. Jawa Tengah
032009  ;Kec. Mlonggo;Kab. Jepara;Prov. Jawa Tengah
032106  ;Kec. Bonang;Kab. Demak;Prov. Jawa Tengah
031612  ;Kec. Tunjungan;Kab. Blora;Prov. Jawa Tengah
032105  ;Kec. Karang Tengah;Kab. Demak;Prov. Jawa Tengah
032010  ;Kec. Bangsri;Kab. Jepara;Prov. Jawa Tengah
032102  ;Kec. Karangawen;Kab. Demak;Prov. Jawa Tengah
031802  ;Kec. Kayen;Kab. Pati;Prov. Jawa Tengah
032003  ;Kec. Welahan;Kab. Jepara;Prov. Jawa Tengah
031613  ;Kec. Japah;Kab. Blora;Prov. Jawa Tengah
032002  ;Kec. Pecangaan;Kab. Jepara;Prov. Jawa Tengah
032110  ;Kec. Gajah;Kab. Demak;Prov. Jawa Tengah
032108  ;Kec. Wonosalam;Kab. Demak;Prov. Jawa Tengah
032221  ;Kec. Bandungan;Kab. Semarang;Prov. Jawa Tengah
032416  ;Kec. Patebon;Kab. Kendal;Prov. Jawa Tengah
032214  ;Kec. Bergas;Kab. Semarang;Prov. Jawa Tengah
032220  ;Kec. Ungaran Timur;Kab. Semarang;Prov. Jawa Tengah
032410  ;Kec. Pegandon;Kab. Kendal;Prov. Jawa Tengah
032202  ;Kec. Tengaran;Kab. Semarang;Prov. Jawa Tengah
032013  ;Kec. Kalinyamatan;Kab. Jepara;Prov. Jawa Tengah
032309  ;Kec. Kedu;Kab. Temanggung;Prov. Jawa Tengah
032014  ;Kec. Kembang;Kab. Jepara;Prov. Jawa Tengah
032213  ;Kec. Pringapus;Kab. Semarang;Prov. Jawa Tengah
032211  ;Kec. Bawen;Kab. Semarang;Prov. Jawa Tengah
032114  ;Kec. Kebonagung;Kab. Demak;Prov. Jawa Tengah
032206  ;Kec. Tuntang;Kab. Semarang;Prov. Jawa Tengah
032412  ;Kec. Waleri;Kab. Kendal;Prov. Jawa Tengah
032112  ;Kec. Mijen;Kab. Demak;Prov. Jawa Tengah
032307  ;Kec. Kaloran;Kab. Temanggung;Prov. Jawa Tengah
032210  ;Kec. Ambarawa;Kab. Semarang;Prov. Jawa Tengah
032313  ;Kec. Tretep;Kab. Temanggung;Prov. Jawa Tengah
032402  ;Kec. Sukorejo;Kab. Kendal;Prov. Jawa Tengah
032109  ;Kec. Dempet;Kab. Demak;Prov. Jawa Tengah
032312  ;Kec. Candiroto;Kab. Temanggung;Prov. Jawa Tengah
032414  ;Kec. Kangkung;Kab. Kendal;Prov. Jawa Tengah
032219  ;Kec. Ungaran Barat;Kab. Semarang;Prov. Jawa Tengah
032113  ;Kec. Wedung;Kab. Demak;Prov. Jawa Tengah
032308  ;Kec. Kandangan;Kab. Temanggung;Prov. Jawa Tengah
032415  ;Kec. Cipiring;Kab. Kendal;Prov. Jawa Tengah
032217  ;Kec. Kaliwungu;Kab. Semarang;Prov. Jawa Tengah
032320  ;Kec. Wonoboyo;Kab. Temanggung;Prov. Jawa Tengah
032310  ;Kec. Ngadirejo;Kab. Temanggung;Prov. Jawa Tengah
032302  ;Kec. Bulu;Kab. Temanggung;Prov. Jawa Tengah
032204  ;Kec. Suruh;Kab. Semarang;Prov. Jawa Tengah
032205  ;Kec. Pabelan;Kab. Semarang;Prov. Jawa Tengah
032203  ;Kec. Susukan;Kab. Semarang;Prov. Jawa Tengah
032315  ;Kec. Bansari;Kab. Temanggung;Prov. Jawa Tengah
032201  ;Kec. Getasan;Kab. Semarang;Prov. Jawa Tengah
032107  ;Kec. Demak;Kab. Demak;Prov. Jawa Tengah
032403  ;Kec. Pegeruyung;Kab. Kendal;Prov. Jawa Tengah
032318  ;Kec. Gemawang;Kab. Temanggung;Prov. Jawa Tengah
032311  ;Kec. Jumo;Kab. Temanggung;Prov. Jawa Tengah
032411  ;Kec. Gemuh;Kab. Kendal;Prov. Jawa Tengah
032015  ;Kec. Donorojo;Kab. Jepara;Prov. Jawa Tengah
032401  ;Kec. Plantungan;Kab. Kendal;Prov. Jawa Tengah
032208  ;Kec. Jambu;Kab. Semarang;Prov. Jawa Tengah
032218  ;Kec. Bancak;Kab. Semarang;Prov. Jawa Tengah
032207  ;Kec. Banyubiru;Kab. Semarang;Prov. Jawa Tengah
032304  ;Kec. Tembarak;Kab. Temanggung;Prov. Jawa Tengah
032408  ;Kec. Kaliwungu;Kab. Kendal;Prov. Jawa Tengah
032319  ;Kec. Bejen;Kab. Temanggung;Prov. Jawa Tengah
032305  ;Kec. Kranggan;Kab. Temanggung;Prov. Jawa Tengah
032314  ;Kec. Kledung;Kab. Temanggung;Prov. Jawa Tengah
032317  ;Kec. Selopampang;Kab. Temanggung;Prov. Jawa Tengah
032209  ;Kec. Sumowono;Kab. Semarang;Prov. Jawa Tengah
032303  ;Kec. Temanggung;Kab. Temanggung;Prov. Jawa Tengah
032409  ;Kec. Brangsong;Kab. Kendal;Prov. Jawa Tengah
032413  ;Kec. Rowosari;Kab. Kendal;Prov. Jawa Tengah
032111  ;Kec. Karanganyar;Kab. Demak;Prov. Jawa Tengah
032306  ;Kec. Pringsurat;Kab. Temanggung;Prov. Jawa Tengah
032316  ;Kec. Tlogomulyo;Kab. Temanggung;Prov. Jawa Tengah
032502  ;Kec. Bandar;Kab. Batang;Prov. Jawa Tengah
032504  ;Kec. Reban;Kab. Batang;Prov. Jawa Tengah
032419  ;Kec. Ringinarum;Kab. Kendal;Prov. Jawa Tengah
032706  ;Kec. Bantarbolang;Kab. Pemalang;Prov. Jawa Tengah
032511  ;Kec. Batang;Kab. Batang;Prov. Jawa Tengah
032708  ;Kec. Pemalang;Kab. Pemalang;Prov. Jawa Tengah
032803  ;Kec. Bojong;Kab. Tegal;Prov. Jawa Tengah
032701  ;Kec. Moga;Kab. Pemalang;Prov. Jawa Tengah
032614  ;Kec. Buaran;Kab. Pekalongan;Prov. Jawa Tengah
032501  ;Kec. Wonotunggal;Kab. Batang;Prov. Jawa Tengah
032418  ;Kec. Ngampel;Kab. Kendal;Prov. Jawa Tengah
032615  ;Kec. Tirto;Kab. Pekalongan;Prov. Jawa Tengah
032608  ;Kec. Kajen;Kab. Pekalongan;Prov. Jawa Tengah
032705  ;Kec. Bodeh;Kab. Pemalang;Prov. Jawa Tengah
032804  ;Kec. Balapulang;Kab. Tegal;Prov. Jawa Tengah
032617  ;Kec. Siwalan;Kab. Pekalongan;Prov. Jawa Tengah
032606  ;Kec. Doro;Kab. Pekalongan;Prov. Jawa Tengah
032811  ;Kec. Dukuhwaru;Kab. Tegal;Prov. Jawa Tengah
032807  ;Kec. Jatinegara;Kab. Tegal;Prov. Jawa Tengah
032609  ;Kec. Kesesi;Kab. Pekalongan;Prov. Jawa Tengah
032805  ;Kec. Pagerbarang;Kab. Tegal;Prov. Jawa Tengah
032602  ;Kec. Peninggaran;Kab. Pekalongan;Prov. Jawa Tengah
032810  ;Kec. Slawi;Kab. Tegal;Prov. Jawa Tengah
032802  ;Kec. Bumijawa;Kab. Tegal;Prov. Jawa Tengah
032505  ;Kec. Bawang;Kab. Batang;Prov. Jawa Tengah
032508  ;Kec. Limpung;Kab. Batang;Prov. Jawa Tengah
032507  ;Kec. Gringsing;Kab. Batang;Prov. Jawa Tengah
032513  ;Kec. Banyuputih;Kab. Batang;Prov. Jawa Tengah
032605  ;Kec. Talun;Kab. Pekalongan;Prov. Jawa Tengah
032601  ;Kec. Kandang Serang;Kab. Pekalongan;Prov. Jawa Tengah
032710  ;Kec. Petarukan;Kab. Pemalang;Prov. Jawa Tengah
032407  ;Kec. Boja;Kab. Kendal;Prov. Jawa Tengah
032515  ;Kec. Kandeman;Kab. Batang;Prov. Jawa Tengah
032809  ;Kec. Pangkah;Kab. Tegal;Prov. Jawa Tengah
032603  ;Kec. Lebakbarang;Kab. Pekalongan;Prov. Jawa Tengah
032417  ;Kec. Kota Kendal;Kab. Kendal;Prov. Jawa Tengah
032613  ;Kec. Kedungwuni;Kab. Pekalongan;Prov. Jawa Tengah
032618  ;Kec. Karangdadap;Kab. Pekalongan;Prov. Jawa Tengah
032420  ;Kec. Kaliwungu Selatan;Kab. Kendal;Prov. Jawa Tengah
032707  ;Kec. Randudongkel;Kab. Pemalang;Prov. Jawa Tengah
032604  ;Kec. Petungkriono;Kab. Pekalongan;Prov. Jawa Tengah
032806  ;Kec. Lebaksiu;Kab. Tegal;Prov. Jawa Tengah
032510  ;Kec. Tulis;Kab. Batang;Prov. Jawa Tengah
032607  ;Kec. Karanganyar;Kab. Pekalongan;Prov. Jawa Tengah
032610  ;Kec. Sragi;Kab. Pekalongan;Prov. Jawa Tengah
032506  ;Kec. Tersono;Kab. Batang;Prov. Jawa Tengah
032619  ;Kec. Wonokerto;Kab. Pekalongan;Prov. Jawa Tengah
032808  ;Kec. Kedung Banteng;Kab. Tegal;Prov. Jawa Tengah
032405  ;Kec. Singorojo;Kab. Kendal;Prov. Jawa Tengah
032512  ;Kec. Warung Asem;Kab. Batang;Prov. Jawa Tengah
032406  ;Kec. Limbangan;Kab. Kendal;Prov. Jawa Tengah
032611  ;Kec. Bojong;Kab. Pekalongan;Prov. Jawa Tengah
032612  ;Kec. Wonopringgo;Kab. Pekalongan;Prov. Jawa Tengah
032616  ;Kec. Wiradesa;Kab. Pekalongan;Prov. Jawa Tengah
032709  ;Kec. Taman;Kab. Pemalang;Prov. Jawa Tengah
032503  ;Kec. Blado;Kab. Batang;Prov. Jawa Tengah
032703  ;Kec. Belik;Kab. Pemalang;Prov. Jawa Tengah
032702  ;Kec. Pulosari;Kab. Pemalang;Prov. Jawa Tengah
032704  ;Kec. Watukumpul;Kab. Pemalang;Prov. Jawa Tengah
032509  ;Kec. Subah;Kab. Batang;Prov. Jawa Tengah
036102  ;Kec. Serengan;Kota Surakarta;Prov. Jawa Tengah
032816  ;Kec. Kramat;Kab. Tegal;Prov. Jawa Tengah
036202  ;Kec. Tingkir;Kota Salatiga;Prov. Jawa Tengah
036401  ;Kec. Pekalongan Barat;Kota Pekalongan;Prov. Jawa Tengah
036302  ;Kec. Gunung Pati;Kota Semarang;Prov. Jawa Tengah
036204  ;Kec. Sidorejo;Kota Salatiga;Prov. Jawa Tengah
032903  ;Kec. Bumiayu;Kab. Brebes;Prov. Jawa Tengah
032910  ;Kec. Losari;Kab. Brebes;Prov. Jawa Tengah
032914  ;Kec. Wanasari;Kab. Brebes;Prov. Jawa Tengah
032713  ;Kec. Ulujami;Kab. Pemalang;Prov. Jawa Tengah
036001  ;Kec. Magelang Selatan;Kota Magelang;Prov. Jawa Tengah
032714  ;Kec. Warungpring;Kab. Pemalang;Prov. Jawa Tengah
036306  ;Kec. Candisari;Kota Semarang;Prov. Jawa Tengah
032818  ;Kec. Warureja;Kab. Tegal;Prov. Jawa Tengah
032813  ;Kec. Dukuhturi;Kab. Tegal;Prov. Jawa Tengah
036105  ;Kec. Banjarsari;Kota Surakarta;Prov. Jawa Tengah
036503  ;Kec. Tegal Barat;Kota Tegal;Prov. Jawa Tengah
032712  ;Kec. Comal;Kab. Pemalang;Prov. Jawa Tengah
032907  ;Kec. Larangan;Kab. Brebes;Prov. Jawa Tengah
032911  ;Kec. Tanjung;Kab. Brebes;Prov. Jawa Tengah
032916  ;Kec. Jatibarang;Kab. Brebes;Prov. Jawa Tengah
032913  ;Kec. Bulakamba;Kab. Brebes;Prov. Jawa Tengah
032817  ;Kec. Suradadi;Kab. Tegal;Prov. Jawa Tengah
036404  ;Kec. Pekalongan Utara;Kota Pekalongan;Prov. Jawa Tengah
040101  ;Kec. Srandakan;Kab. Bantul;Prov. D.I. Yogyakarta
032902  ;Kec. Bantarkawung;Kab. Brebes;Prov. Jawa Tengah
036504  ;Kec. Margadana;Kota Tegal;Prov. Jawa Tengah
040103  ;Kec. Kretek;Kab. Bantul;Prov. D.I. Yogyakarta
036303  ;Kec. Banyumanik;Kota Semarang;Prov. Jawa Tengah
032908  ;Kec. Ketanggungan;Kab. Brebes;Prov. Jawa Tengah
032815  ;Kec. Tarub;Kab. Tegal;Prov. Jawa Tengah
036301  ;Kec. Mijen;Kota Semarang;Prov. Jawa Tengah
036502  ;Kec. Tegal Timur;Kota Tegal;Prov. Jawa Tengah
036402  ;Kec. Pekalongan Timur;Kota Pekalongan;Prov. Jawa Tengah
036315  ;Kec. Tugu;Kota Semarang;Prov. Jawa Tengah
032814  ;Kec. Talang;Kab. Tegal;Prov. Jawa Tengah
036307  ;Kec. Tembalang;Kota Semarang;Prov. Jawa Tengah
032917  ;Kec. Brebes;Kab. Brebes;Prov. Jawa Tengah
036304  ;Kec. Gajah Mungkur;Kota Semarang;Prov. Jawa Tengah
036203  ;Kec. Sidomukti;Kota Salatiga;Prov. Jawa Tengah
032905  ;Kec. Sirampog;Kab. Brebes;Prov. Jawa Tengah
036002  ;Kec. Magelang Utara;Kota Magelang;Prov. Jawa Tengah
036305  ;Kec. Semarang Selatan;Kota Semarang;Prov. Jawa Tengah
036310  ;Kec. Gayamsari;Kota Semarang;Prov. Jawa Tengah
032906  ;Kec. Tonjong;Kab. Brebes;Prov. Jawa Tengah
036103  ;Kec. Pasarkliwon;Kota Surakarta;Prov. Jawa Tengah
036003  ;Kec. Magelang Tengah;Kota Magelang;Prov. Jawa Tengah
032912  ;Kec. Kersana;Kab. Brebes;Prov. Jawa Tengah
036309  ;Kec. Genuk;Kota Semarang;Prov. Jawa Tengah
036101  ;Kec. Laweyan;Kota Surakarta;Prov. Jawa Tengah
036403  ;Kec. Pekalongan Selatan;Kota Pekalongan;Prov. Jawa Tengah
036501  ;Kec. Tegal Selatan;Kota Tegal;Prov. Jawa Tengah
032904  ;Kec. Paguyangan;Kab. Brebes;Prov. Jawa Tengah
040102  ;Kec. Sanden;Kab. Bantul;Prov. D.I. Yogyakarta
032915  ;Kec. Songgom;Kab. Brebes;Prov. Jawa Tengah
036104  ;Kec. Jebres;Kota Surakarta;Prov. Jawa Tengah
036316  ;Kec. Ngaliyan;Kota Semarang;Prov. Jawa Tengah
036201  ;Kec. Argomulyo;Kota Salatiga;Prov. Jawa Tengah
032901  ;Kec. Salem;Kab. Brebes;Prov. Jawa Tengah
036308  ;Kec. Pedurungan;Kota Semarang;Prov. Jawa Tengah
040214  ;Kec. Tempel;Kab. Sleman;Prov. D.I. Yogyakarta
040404  ;Kec. Galur;Kab. Kulon Progo;Prov. D.I. Yogyakarta
040106  ;Kec. Pandak;Kab. Bantul;Prov. D.I. Yogyakarta
040306  ;Kec. Semanu;Kab. Gunung Kidul;Prov. D.I. Yogyakarta
040310  ;Kec. Playen;Kab. Gunung Kidul;Prov. D.I. Yogyakarta
040303  ;Kec. Sapto Sari;Kab. Gunung Kidul;Prov. D.I. Yogyakarta
040215  ;Kec. Turi;Kab. Sleman;Prov. D.I. Yogyakarta
040209  ;Kec. Prambanan;Kab. Sleman;Prov. D.I. Yogyakarta
040408  ;Kec. Kokap;Kab. Kulon Progo;Prov. D.I. Yogyakarta
040105  ;Kec. Bambang Lipuro;Kab. Bantul;Prov. D.I. Yogyakarta
040409  ;Kec. Girimulyo;Kab. Kulon Progo;Prov. D.I. Yogyakarta
040211  ;Kec. Ngemplak;Kab. Sleman;Prov. D.I. Yogyakarta
040318  ;Kec. Tanjungsari;Kab. Gunung Kidul;Prov. D.I. Yogyakarta
040403  ;Kec. Panjatan;Kab. Kulon Progo;Prov. D.I. Yogyakarta
040412  ;Kec. Samigaluh;Kab. Kulon Progo;Prov. D.I. Yogyakarta
040104  ;Kec. Pundong;Kab. Bantul;Prov. D.I. Yogyakarta
040107  ;Kec. Bantul;Kab. Bantul;Prov. D.I. Yogyakarta
040313  ;Kec. Nglipar;Kab. Gunung Kidul;Prov. D.I. Yogyakarta
040115  ;Kec. Kasihan;Kab. Bantul;Prov. D.I. Yogyakarta
040110  ;Kec. Dlingo;Kab. Bantul;Prov. D.I. Yogyakarta
040208  ;Kec. Berbah;Kab. Sleman;Prov. D.I. Yogyakarta
036313  ;Kec. Semarang Utara;Kota Semarang;Prov. Jawa Tengah
040402  ;Kec. Wates;Kab. Kulon Progo;Prov. D.I. Yogyakarta
040307  ;Kec. Ponjong;Kab. Gunung Kidul;Prov. D.I. Yogyakarta
040217  ;Kec. Cangkringan;Kab. Sleman;Prov. D.I. Yogyakarta
040309  ;Kec. Wonosari;Kab. Gunung Kidul;Prov. D.I. Yogyakarta
040406  ;Kec. Sentolo;Kab. Kulon Progo;Prov. D.I. Yogyakarta
040305  ;Kec. Rongkop;Kab. Gunung Kidul;Prov. D.I. Yogyakarta
040204  ;Kec. Godean;Kab. Sleman;Prov. D.I. Yogyakarta
040407  ;Kec. Pengasih;Kab. Kulon Progo;Prov. D.I. Yogyakarta
040109  ;Kec. Imogiri;Kab. Bantul;Prov. D.I. Yogyakarta
040405  ;Kec. Lendah;Kab. Kulon Progo;Prov. D.I. Yogyakarta
040202  ;Kec. Minggir;Kab. Sleman;Prov. D.I. Yogyakarta
040311  ;Kec. Patuk;Kab. Gunung Kidul;Prov. D.I. Yogyakarta
040116  ;Kec. Pajangan;Kab. Bantul;Prov. D.I. Yogyakarta
040108  ;Kec. Jetis;Kab. Bantul;Prov. D.I. Yogyakarta
046001  ;Kec. Mantrijeron;Kota Yogyakarta;Prov. D.I. Yogyakarta
040113  ;Kec. Banguntapan;Kab. Bantul;Prov. D.I. Yogyakarta
040216  ;Kec. Pekem;Kab. Sleman;Prov. D.I. Yogyakarta
040212  ;Kec. Ngaglik;Kab. Sleman;Prov. D.I. Yogyakarta
040114  ;Kec. Sewon;Kab. Bantul;Prov. D.I. Yogyakarta
040203  ;Kec. Seyegan;Kab. Sleman;Prov. D.I. Yogyakarta
040301  ;Kec. Panggang;Kab. Gunung Kidul;Prov. D.I. Yogyakarta
040401  ;Kec. Temon;Kab. Kulon Progo;Prov. D.I. Yogyakarta
040312  ;Kec. Gedang Sari;Kab. Gunung Kidul;Prov. D.I. Yogyakarta
040411  ;Kec. Kalibawang;Kab. Kulon Progo;Prov. D.I. Yogyakarta
040112  ;Kec. Piyungan;Kab. Bantul;Prov. D.I. Yogyakarta
040410  ;Kec. Nanggulan;Kab. Kulon Progo;Prov. D.I. Yogyakarta
040302  ;Kec. Paliyan;Kab. Gunung Kidul;Prov. D.I. Yogyakarta
040210  ;Kec. Kalasan;Kab. Sleman;Prov. D.I. Yogyakarta
040213  ;Kec. Sleman;Kab. Sleman;Prov. D.I. Yogyakarta
040201  ;Kec. Moyudan;Kab. Sleman;Prov. D.I. Yogyakarta
036314  ;Kec. Semarang Barat;Kota Semarang;Prov. Jawa Tengah
040111  ;Kec. Pleret;Kab. Bantul;Prov. D.I. Yogyakarta
040207  ;Kec. Depok;Kab. Sleman;Prov. D.I. Yogyakarta
040304  ;Kec. Tepus;Kab. Gunung Kidul;Prov. D.I. Yogyakarta
040206  ;Kec. Mlati;Kab. Sleman;Prov. D.I. Yogyakarta
046002  ;Kec. Kraton;Kota Yogyakarta;Prov. D.I. Yogyakarta
040308  ;Kec. Karangmojo;Kab. Gunung Kidul;Prov. D.I. Yogyakarta
050109  ;Kec. Kebomas;Kab. Gresik;Prov. Jawa Timur
050310  ;Kec. Dlanggu;Kab. Mojokerto;Prov. Jawa Timur
050217  ;Kec. Krian;Kab. Sidoarjo;Prov. Jawa Timur
050304  ;Kec. Trawas;Kab. Mojokerto;Prov. Jawa Timur
050303  ;Kec. Pacet;Kab. Mojokerto;Prov. Jawa Timur
050212  ;Kec. Buduran;Kab. Sidoarjo;Prov. Jawa Timur
046012  ;Kec. Gedongtengen;Kota Yogyakarta;Prov. D.I. Yogyakarta
046007  ;Kec. Danurejan;Kota Yogyakarta;Prov. D.I. Yogyakarta
050311  ;Kec. Puri;Kab. Mojokerto;Prov. Jawa Timur
050102  ;Kec. Driyorejo;Kab. Gresik;Prov. Jawa Timur
046009  ;Kec. Gondomanan;Kota Yogyakarta;Prov. D.I. Yogyakarta
046010  ;Kec. Ngampilan;Kota Yogyakarta;Prov. D.I. Yogyakarta
050305  ;Kec. Ngoro;Kab. Mojokerto;Prov. Jawa Timur
050313  ;Kec. Sooko;Kab. Mojokerto;Prov. Jawa Timur
050315  ;Kec. Kemlagi;Kab. Mojokerto;Prov. Jawa Timur
046004  ;Kec. Umbulharjo;Kota Yogyakarta;Prov. D.I. Yogyakarta
050202  ;Kec. Prambon;Kab. Sidoarjo;Prov. Jawa Timur
050307  ;Kec. Kutorejo;Kab. Mojokerto;Prov. Jawa Timur
050112  ;Kec. Bungah;Kab. Gresik;Prov. Jawa Timur
050306  ;Kec. Pungging;Kab. Mojokerto;Prov. Jawa Timur
046011  ;Kec. Wirobrajan;Kota Yogyakarta;Prov. D.I. Yogyakarta
050115  ;Kec. Panceng;Kab. Gresik;Prov. Jawa Timur
050203  ;Kec. Krembung;Kab. Sidoarjo;Prov. Jawa Timur
050103  ;Kec. Kedamean;Kab. Gresik;Prov. Jawa Timur
040316  ;Kec. Purwosari;Kab. Gunung Kidul;Prov. D.I. Yogyakarta
050111  ;Kec. Manyar;Kab. Gresik;Prov. Jawa Timur
050218  ;Kec. Balong Bendo;Kab. Sidoarjo;Prov. Jawa Timur
050118  ;Kec. Tambak;Kab. Gresik;Prov. Jawa Timur
050302  ;Kec. Gondang;Kab. Mojokerto;Prov. Jawa Timur
050201  ;Kec. Tarik;Kab. Sidoarjo;Prov. Jawa Timur
050210  ;Kec. Sukodono;Kab. Sidoarjo;Prov. Jawa Timur
050104  ;Kec. Menganti;Kab. Gresik;Prov. Jawa Timur
046013  ;Kec. Jetis;Kota Yogyakarta;Prov. D.I. Yogyakarta
050105  ;Kec. Cerme;Kab. Gresik;Prov. Jawa Timur
050110  ;Kec. Gresik;Kab. Gresik;Prov. Jawa Timur
050206  ;Kec. Tanggulangin;Kab. Sidoarjo;Prov. Jawa Timur
050116  ;Kec. Ujung Pangkah;Kab. Gresik;Prov. Jawa Timur
050101  ;Kec. Wringin Anom;Kab. Gresik;Prov. Jawa Timur
050314  ;Kec. Gedek;Kab. Mojokerto;Prov. Jawa Timur
050204  ;Kec. Porong;Kab. Sidoarjo;Prov. Jawa Timur
040315  ;Kec. Semin;Kab. Gunung Kidul;Prov. D.I. Yogyakarta
050301  ;Kec. Jatirejo;Kab. Mojokerto;Prov. Jawa Timur
050209  ;Kec. Wonoayu;Kab. Sidoarjo;Prov. Jawa Timur
050308  ;Kec. Mojosari;Kab. Mojokerto;Prov. Jawa Timur
046006  ;Kec. Gondokusuman;Kota Yogyakarta;Prov. D.I. Yogyakarta
050117  ;Kec. Sangkapura;Kab. Gresik;Prov. Jawa Timur
050312  ;Kec. Trowulan;Kab. Mojokerto;Prov. Jawa Timur
050108  ;Kec. Duduk Sampeyan;Kab. Gresik;Prov. Jawa Timur
050208  ;Kec. Tulangan;Kab. Sidoarjo;Prov. Jawa Timur
050113  ;Kec. Sidayu;Kab. Gresik;Prov. Jawa Timur
050205  ;Kec. Jabon;Kab. Sidoarjo;Prov. Jawa Timur
046005  ;Kec. Kotagede;Kota Yogyakarta;Prov. D.I. Yogyakarta
050114  ;Kec. Dukun;Kab. Gresik;Prov. Jawa Timur
050309  ;Kec. Bangsal;Kab. Mojokerto;Prov. Jawa Timur
050106  ;Kec. Benjeng;Kab. Gresik;Prov. Jawa Timur
040317  ;Kec. Girisubo;Kab. Gunung Kidul;Prov. D.I. Yogyakarta
050107  ;Kec. Balong Panggang;Kab. Gresik;Prov. Jawa Timur
050207  ;Kec. Candi;Kab. Sidoarjo;Prov. Jawa Timur
046008  ;Kec. Pakualaman;Kota Yogyakarta;Prov. D.I. Yogyakarta
050211  ;Kec. Sidoarjo;Kab. Sidoarjo;Prov. Jawa Timur
050416  ;Kec. Kesamben;Kab. Jombang;Prov. Jawa Timur
050610  ;Kec. Widang;Kab. Tuban;Prov. Jawa Timur
050406  ;Kec. Mojowarno;Kab. Jombang;Prov. Jawa Timur
050216  ;Kec. Taman;Kab. Sidoarjo;Prov. Jawa Timur
050609  ;Kec. Plumpang;Kab. Tuban;Prov. Jawa Timur
050404  ;Kec. Diwek;Kab. Jombang;Prov. Jawa Timur
050405  ;Kec. Ngoro;Kab. Jombang;Prov. Jawa Timur
050507  ;Kec. Sugihwaras;Kab. Bojonegoro;Prov. Jawa Timur
050508  ;Kec. Kedungadem;Kab. Bojonegoro;Prov. Jawa Timur
050514  ;Kec. Sukosewu;Kab. Bojonegoro;Prov. Jawa Timur
050502  ;Kec. Ngraho;Kab. Bojonegoro;Prov. Jawa Timur
050401  ;Kec. Bandar Kedung Mulyo;Kab. Jombang;Prov. Jawa Timur
050513  ;Kec. Balen;Kab. Bojonegoro;Prov. Jawa Timur
050402  ;Kec. Perak;Kab. Jombang;Prov. Jawa Timur
050515  ;Kec. Kapas;Kab. Bojonegoro;Prov. Jawa Timur
050414  ;Kec. Megaluh;Kab. Jombang;Prov. Jawa Timur
050503  ;Kec. Tambakrejo;Kab. Bojonegoro;Prov. Jawa Timur
050415  ;Kec. Tembelang;Kab. Jombang;Prov. Jawa Timur
050318  ;Kec. Mojoanyar;Kab. Mojokerto;Prov. Jawa Timur
050215  ;Kec. Gedangan;Kab. Sidoarjo;Prov. Jawa Timur
050527  ;Kec. Sekar;Kab. Bojonegoro;Prov. Jawa Timur
050403  ;Kec. Gudo;Kab. Jombang;Prov. Jawa Timur
050505  ;Kec. Bubulan;Kab. Bojonegoro;Prov. Jawa Timur
050603  ;Kec. Senori;Kab. Tuban;Prov. Jawa Timur
050417  ;Kec. Kudu;Kab. Jombang;Prov. Jawa Timur
050317  ;Kec. Dawar Blandong;Kab. Mojokerto;Prov. Jawa Timur
050420  ;Kec. Plandaan;Kab. Jombang;Prov. Jawa Timur
050512  ;Kec. Sumberrejo;Kab. Bojonegoro;Prov. Jawa Timur
050604  ;Kec. Singgahan;Kab. Tuban;Prov. Jawa Timur
050410  ;Kec. Somobito;Kab. Jombang;Prov. Jawa Timur
050411  ;Kec. Jogo Roto;Kab. Jombang;Prov. Jawa Timur
050526  ;Kec. Gondang;Kab. Bojonegoro;Prov. Jawa Timur
050606  ;Kec. Parengan;Kab. Tuban;Prov. Jawa Timur
050608  ;Kec. Rengel;Kab. Tuban;Prov. Jawa Timur
050523  ;Kec. Padangan;Kab. Bojonegoro;Prov. Jawa Timur
050506  ;Kec. Temayang;Kab. Bojonegoro;Prov. Jawa Timur
050509  ;Kec. Kepoh Baru;Kab. Bojonegoro;Prov. Jawa Timur
050419  ;Kec. Kabuh;Kab. Jombang;Prov. Jawa Timur
050412  ;Kec. Peterongan;Kab. Jombang;Prov. Jawa Timur
050524  ;Kec. Kasiman;Kab. Bojonegoro;Prov. Jawa Timur
050501  ;Kec. Margomulyo;Kab. Bojonegoro;Prov. Jawa Timur
050525  ;Kec. Kedewan;Kab. Bojonegoro;Prov. Jawa Timur
050521  ;Kec. Malo;Kab. Bojonegoro;Prov. Jawa Timur
050316  ;Kec. Jetis;Kab. Mojokerto;Prov. Jawa Timur
050611  ;Kec. Palang;Kab. Tuban;Prov. Jawa Timur
050408  ;Kec. Wonosalam;Kab. Jombang;Prov. Jawa Timur
050612  ;Kec. Semanding;Kab. Tuban;Prov. Jawa Timur
050605  ;Kec. Montong;Kab. Tuban;Prov. Jawa Timur
050511  ;Kec. Kanor;Kab. Bojonegoro;Prov. Jawa Timur
050504  ;Kec. Ngambon;Kab. Bojonegoro;Prov. Jawa Timur
050522  ;Kec. Purwosari;Kab. Bojonegoro;Prov. Jawa Timur
050421  ;Kec. Ngusikan;Kab. Jombang;Prov. Jawa Timur
050409  ;Kec. Mojoagung;Kab. Jombang;Prov. Jawa Timur
050602  ;Kec. Bangilan;Kab. Tuban;Prov. Jawa Timur
050510  ;Kec. Baureno;Kab. Bojonegoro;Prov. Jawa Timur
050516  ;Kec. Bojonegoro;Kab. Bojonegoro;Prov. Jawa Timur
050413  ;Kec. Jombang;Kab. Jombang;Prov. Jawa Timur
050418  ;Kec. Ploso;Kab. Jombang;Prov. Jawa Timur
050607  ;Kec. Soko;Kab. Tuban;Prov. Jawa Timur
050214  ;Kec. Waru;Kab. Sidoarjo;Prov. Jawa Timur
050912  ;Kec. Paron;Kab. Ngawi;Prov. Jawa Timur
050910  ;Kec. Padas;Kab. Ngawi;Prov. Jawa Timur
050907  ;Kec. Pangkur;Kab. Ngawi;Prov. Jawa Timur
050518  ;Kec. Dander;Kab. Bojonegoro;Prov. Jawa Timur
050702  ;Kec. Bluluk;Kab. Lamongan;Prov. Jawa Timur
050809  ;Kec. Pilangkenceng;Kab. Madiun;Prov. Jawa Timur
050618  ;Kec. Jatirogo;Kab. Tuban;Prov. Jawa Timur
050712  ;Kec. Sukodadi;Kab. Lamongan;Prov. Jawa Timur
050715  ;Kec. Deket;Kab. Lamongan;Prov. Jawa Timur
050905  ;Kec. Geneng;Kab. Ngawi;Prov. Jawa Timur
050708  ;Kec. Kedungpring;Kab. Lamongan;Prov. Jawa Timur
050615  ;Kec. Merakurak;Kab. Tuban;Prov. Jawa Timur
050705  ;Kec. Mantup;Kab. Lamongan;Prov. Jawa Timur
050913  ;Kec. Kedunggalar;Kab. Ngawi;Prov. Jawa Timur
050703  ;Kec. Ngimbang;Kab. Lamongan;Prov. Jawa Timur
050813  ;Kec. Madiun;Kab. Madiun;Prov. Jawa Timur
050707  ;Kec. Sugio;Kab. Lamongan;Prov. Jawa Timur
050719  ;Kec. Kalitengah;Kab. Lamongan;Prov. Jawa Timur
050801  ;Kec. Kebonsari;Kab. Madiun;Prov. Jawa Timur
050706  ;Kec. Kambang Bahu;Kab. Lamongan;Prov. Jawa Timur
050519  ;Kec. Ngasem;Kab. Bojonegoro;Prov. Jawa Timur
050718  ;Kec. Turi;Kab. Lamongan;Prov. Jawa Timur
050710  ;Kec. Babat;Kab. Lamongan;Prov. Jawa Timur
050617  ;Kec. Tambakboyo;Kab. Tuban;Prov. Jawa Timur
050903  ;Kec. Jogorogo;Kab. Ngawi;Prov. Jawa Timur
050520  ;Kec. Kalitidu;Kab. Bojonegoro;Prov. Jawa Timur
050811  ;Kec. Wonoasri;Kab. Madiun;Prov. Jawa Timur
050726  ;Kec. Brondong;Kab. Lamongan;Prov. Jawa Timur
050717  ;Kec. Karangbinangun;Kab. Lamongan;Prov. Jawa Timur
050721  ;Kec. Sekaran;Kab. Lamongan;Prov. Jawa Timur
050713  ;Kec. Lamongan;Kab. Lamongan;Prov. Jawa Timur
050904  ;Kec. Kendal;Kab. Ngawi;Prov. Jawa Timur
050619  ;Kec. Bancar;Kab. Tuban;Prov. Jawa Timur
050711  ;Kec. Pucuk;Kab. Lamongan;Prov. Jawa Timur
050812  ;Kec. Balerejo;Kab. Madiun;Prov. Jawa Timur
050909  ;Kec. Bringin;Kab. Ngawi;Prov. Jawa Timur
050810  ;Kec. Mejayan;Kab. Madiun;Prov. Jawa Timur
050614  ;Kec. Jenu;Kab. Tuban;Prov. Jawa Timur
050613  ;Kec. Tuban;Kab. Tuban;Prov. Jawa Timur
050911  ;Kec. Ngawi;Kab. Ngawi;Prov. Jawa Timur
050701  ;Kec. Sukorame;Kab. Lamongan;Prov. Jawa Timur
050709  ;Kec. Modo;Kab. Lamongan;Prov. Jawa Timur
050714  ;Kec. Tikung;Kab. Lamongan;Prov. Jawa Timur
050616  ;Kec. Kerek;Kab. Tuban;Prov. Jawa Timur
050720  ;Kec. Karang Geneng;Kab. Lamongan;Prov. Jawa Timur
050716  ;Kec. Glagah;Kab. Lamongan;Prov. Jawa Timur
050815  ;Kec. Jiwan;Kab. Madiun;Prov. Jawa Timur
050802  ;Kec. Geger;Kab. Madiun;Prov. Jawa Timur
050722  ;Kec. Maduran;Kab. Lamongan;Prov. Jawa Timur
050814  ;Kec. Sawahan;Kab. Madiun;Prov. Jawa Timur
050902  ;Kec. Ngrambe;Kab. Ngawi;Prov. Jawa Timur
050808  ;Kec. Saradan;Kab. Madiun;Prov. Jawa Timur
050906  ;Kec. Kwadungan;Kab. Ngawi;Prov. Jawa Timur
050908  ;Kec. Karangjati;Kab. Ngawi;Prov. Jawa Timur
050727  ;Kec. Sarirejo;Kab. Lamongan;Prov. Jawa Timur
050724  ;Kec. Solokuro;Kab. Lamongan;Prov. Jawa Timur
050803  ;Kec. Dolopo;Kab. Madiun;Prov. Jawa Timur
050725  ;Kec. Paciran;Kab. Lamongan;Prov. Jawa Timur
050704  ;Kec. Sambeng;Kab. Lamongan;Prov. Jawa Timur
050723  ;Kec. Laren;Kab. Lamongan;Prov. Jawa Timur
050916  ;Kec. Mantingan;Kab. Ngawi;Prov. Jawa Timur
051107  ;Kec. Pulung;Kab. Ponorogo;Prov. Jawa Timur
051305  ;Kec. Puncu;Kab. Kediri;Prov. Jawa Timur
051106  ;Kec. Sooko;Kab. Ponorogo;Prov. Jawa Timur
051111  ;Kec. Balong;Kab. Ponorogo;Prov. Jawa Timur
051304  ;Kec. Kepung;Kab. Kediri;Prov. Jawa Timur
051019  ;Kec. Sidorejo;Kab. Magetan;Prov. Jawa Timur
051005  ;Kec. Kawedanan;Kab. Magetan;Prov. Jawa Timur
051118  ;Kec. Babadan;Kab. Ponorogo;Prov. Jawa Timur
051210  ;Kec. Tulakan;Kab. Pacitan;Prov. Jawa Timur
051306  ;Kec. Ploso Klaten;Kab. Kediri;Prov. Jawa Timur
050918  ;Kec. Gerih;Kab. Ngawi;Prov. Jawa Timur
051016  ;Kec. Karas;Kab. Magetan;Prov. Jawa Timur
050914  ;Kec. Pitu;Kab. Ngawi;Prov. Jawa Timur
051009  ;Kec. Sukomoro;Kab. Magetan;Prov. Jawa Timur
051204  ;Kec. Pacitan;Kab. Pacitan;Prov. Jawa Timur
051015  ;Kec. Kartoharjo;Kab. Magetan;Prov. Jawa Timur
050807  ;Kec. Gemarang;Kab. Madiun;Prov. Jawa Timur
051117  ;Kec. Ponorogo;Kab. Ponorogo;Prov. Jawa Timur
051207  ;Kec. Nawangan;Kab. Pacitan;Prov. Jawa Timur
050806  ;Kec. Kare;Kab. Madiun;Prov. Jawa Timur
051121  ;Kec. Pudak;Kab. Ponorogo;Prov. Jawa Timur
051105  ;Kec. Sawoo;Kab. Ponorogo;Prov. Jawa Timur
051212  ;Kec. Sudimoro;Kab. Pacitan;Prov. Jawa Timur
051017  ;Kec. Ngariboyo;Kab. Magetan;Prov. Jawa Timur
051301  ;Kec. Kras;Kab. Kediri;Prov. Jawa Timur
050917  ;Kec. Karanganyar;Kab. Ngawi;Prov. Jawa Timur
051007  ;Kec. Plaosan;Kab. Magetan;Prov. Jawa Timur
051119  ;Kec. Jenangan;Kab. Ponorogo;Prov. Jawa Timur
051110  ;Kec. Jetis;Kab. Ponorogo;Prov. Jawa Timur
051209  ;Kec. Tegalombo;Kab. Pacitan;Prov. Jawa Timur
051202  ;Kec. Punung;Kab. Pacitan;Prov. Jawa Timur
051006  ;Kec. Magetan;Kab. Magetan;Prov. Jawa Timur
051003  ;Kec. Lembeyan;Kab. Magetan;Prov. Jawa Timur
051008  ;Kec. Panekan;Kab. Magetan;Prov. Jawa Timur
051206  ;Kec. Arjosari;Kab. Pacitan;Prov. Jawa Timur
051018  ;Kec. Nguntoronadi;Kab. Magetan;Prov. Jawa Timur
051001  ;Kec. Poncol;Kab. Magetan;Prov. Jawa Timur
051303  ;Kec. Ngancar;Kab. Kediri;Prov. Jawa Timur
051112  ;Kec. Kauman;Kab. Ponorogo;Prov. Jawa Timur
050915  ;Kec. Widodaren;Kab. Ngawi;Prov. Jawa Timur
051101  ;Kec. Ngrayun;Kab. Ponorogo;Prov. Jawa Timur
051002  ;Kec. Parang;Kab. Magetan;Prov. Jawa Timur
051004  ;Kec. Takeran;Kab. Magetan;Prov. Jawa Timur
051108  ;Kec. Mlarak;Kab. Ponorogo;Prov. Jawa Timur
051012  ;Kec. Karangrejo;Kab. Magetan;Prov. Jawa Timur
051205  ;Kec. Kebon Agung;Kab. Pacitan;Prov. Jawa Timur
051120  ;Kec. Ngebel;Kab. Ponorogo;Prov. Jawa Timur
051203  ;Kec. Pringkuku;Kab. Pacitan;Prov. Jawa Timur
051208  ;Kec. Bandar;Kab. Pacitan;Prov. Jawa Timur
051011  ;Kec. Maospati;Kab. Magetan;Prov. Jawa Timur
051014  ;Kec. Barat;Kab. Magetan;Prov. Jawa Timur
051211  ;Kec. Ngadirojo;Kab. Pacitan;Prov. Jawa Timur
051109  ;Kec. Siman;Kab. Ponorogo;Prov. Jawa Timur
050805  ;Kec. Wungu;Kab. Madiun;Prov. Jawa Timur
051102  ;Kec. Slahung;Kab. Ponorogo;Prov. Jawa Timur
051302  ;Kec. Ringinrejo;Kab. Kediri;Prov. Jawa Timur
051103  ;Kec. Bungkal;Kab. Ponorogo;Prov. Jawa Timur
051104  ;Kec. Sambit;Kab. Ponorogo;Prov. Jawa Timur
051010  ;Kec. Bendo;Kab. Magetan;Prov. Jawa Timur
051404  ;Kec. Loceret;Kab. Nganjuk;Prov. Jawa Timur
051314  ;Kec. Grogol;Kab. Kediri;Prov. Jawa Timur
051519  ;Kec. Ponggok;Kab. Blitar;Prov. Jawa Timur
051326  ;Kec. Badas;Kab. Kediri;Prov. Jawa Timur
051511  ;Kec. Kesamben;Kab. Blitar;Prov. Jawa Timur
051321  ;Kec. Kunjang;Kab. Kediri;Prov. Jawa Timur
051512  ;Kec. Selorejo;Kab. Blitar;Prov. Jawa Timur
051522  ;Kec. Udanawu;Kab. Blitar;Prov. Jawa Timur
051402  ;Kec. Ngetos;Kab. Nganjuk;Prov. Jawa Timur
051516  ;Kec. Garum;Kab. Blitar;Prov. Jawa Timur
051513  ;Kec. Doko;Kab. Blitar;Prov. Jawa Timur
051509  ;Kec. Talun;Kab. Blitar;Prov. Jawa Timur
051315  ;Kec. Gampengrejo;Kab. Kediri;Prov. Jawa Timur
051521  ;Kec. Wonodadi;Kab. Blitar;Prov. Jawa Timur
051420  ;Kec. Jatikalen;Kab. Nganjuk;Prov. Jawa Timur
051411  ;Kec. Baron;Kab. Nganjuk;Prov. Jawa Timur
051419  ;Kec. Lengkong;Kab. Nganjuk;Prov. Jawa Timur
051517  ;Kec. Nglegok;Kab. Blitar;Prov. Jawa Timur
051317  ;Kec. Pagu;Kab. Kediri;Prov. Jawa Timur
051323  ;Kec. Kandangan;Kab. Kediri;Prov. Jawa Timur
051401  ;Kec. Sawahan;Kab. Nganjuk;Prov. Jawa Timur
051316  ;Kec. Gurah;Kab. Kediri;Prov. Jawa Timur
051412  ;Kec. Gondang;Kab. Nganjuk;Prov. Jawa Timur
051313  ;Kec. Tarokan;Kab. Kediri;Prov. Jawa Timur
051501  ;Kec. Bakung;Kab. Blitar;Prov. Jawa Timur
051322  ;Kec. Pare;Kab. Kediri;Prov. Jawa Timur
051502  ;Kec. Wonotirto;Kab. Blitar;Prov. Jawa Timur
051116  ;Kec. Sukorejo;Kab. Ponorogo;Prov. Jawa Timur
051325  ;Kec. Ngasem;Kab. Kediri;Prov. Jawa Timur
051311  ;Kec. Semen;Kab. Kediri;Prov. Jawa Timur
051406  ;Kec. Tanjunganom;Kab. Nganjuk;Prov. Jawa Timur
051504  ;Kec. Wates;Kab. Blitar;Prov. Jawa Timur
051507  ;Kec. Kademangan;Kab. Blitar;Prov. Jawa Timur
051115  ;Kec. Sampung;Kab. Ponorogo;Prov. Jawa Timur
051515  ;Kec. Gandusari;Kab. Blitar;Prov. Jawa Timur
051408  ;Kec. Ngronggot;Kab. Nganjuk;Prov. Jawa Timur
051324  ;Kec. Kayen Kidul;Kab. Kediri;Prov. Jawa Timur
051520  ;Kec. Srengat;Kab. Blitar;Prov. Jawa Timur
051114  ;Kec. Badegan;Kab. Ponorogo;Prov. Jawa Timur
051318  ;Kec. Papar;Kab. Kediri;Prov. Jawa Timur
051503  ;Kec. Panggungrejo;Kab. Blitar;Prov. Jawa Timur
051405  ;Kec. Pace;Kab. Nganjuk;Prov. Jawa Timur
051514  ;Kec. Wlingi;Kab. Blitar;Prov. Jawa Timur
051414  ;Kec. Nganjuk;Kab. Nganjuk;Prov. Jawa Timur
051505  ;Kec. Binangun;Kab. Blitar;Prov. Jawa Timur
051309  ;Kec. Ngadiluwih;Kab. Kediri;Prov. Jawa Timur
051307  ;Kec. Wates;Kab. Kediri;Prov. Jawa Timur
051409  ;Kec. Kertosono;Kab. Nganjuk;Prov. Jawa Timur
051506  ;Kec. Sutojayan;Kab. Blitar;Prov. Jawa Timur
051518  ;Kec. Sanankulon;Kab. Blitar;Prov. Jawa Timur
051308  ;Kec. Kandat;Kab. Kediri;Prov. Jawa Timur
051413  ;Kec. Sukomoro;Kab. Nganjuk;Prov. Jawa Timur
051312  ;Kec. Banyakan;Kab. Kediri;Prov. Jawa Timur
051320  ;Kec. Purwoasri;Kab. Kediri;Prov. Jawa Timur
051410  ;Kec. Patianrowo;Kab. Nganjuk;Prov. Jawa Timur
051407  ;Kec. Prambon;Kab. Nganjuk;Prov. Jawa Timur
051510  ;Kec. Selopuro;Kab. Blitar;Prov. Jawa Timur
051319  ;Kec. Plemahan;Kab. Kediri;Prov. Jawa Timur
051508  ;Kec. Kanigoro;Kab. Blitar;Prov. Jawa Timur
051403  ;Kec. Berbek;Kab. Nganjuk;Prov. Jawa Timur
051614  ;Kec. Ngantru;Kab. Tulungagung;Prov. Jawa Timur
051822  ;Kec. Pakisaji;Kab. Malang;Prov. Jawa Timur
051827  ;Kec. Lawang;Kab. Malang;Prov. Jawa Timur
051705  ;Kec. Dongko;Kab. Trenggalek;Prov. Jawa Timur
051820  ;Kec. Ngajum;Kab. Malang;Prov. Jawa Timur
051714  ;Kec. Suruh;Kab. Trenggalek;Prov. Jawa Timur
051701  ;Kec. Panggul;Kab. Trenggalek;Prov. Jawa Timur
051607  ;Kec. Pucang Laban;Kab. Tulungagung;Prov. Jawa Timur
051713  ;Kec. Bendungan;Kab. Trenggalek;Prov. Jawa Timur
051610  ;Kec. Sumbergempol;Kab. Tulungagung;Prov. Jawa Timur
051815  ;Kec. Bululawang;Kab. Malang;Prov. Jawa Timur
051618  ;Kec. Pagerwojo;Kab. Tulungagung;Prov. Jawa Timur
051606  ;Kec. Kalidawir;Kab. Tulungagung;Prov. Jawa Timur
051806  ;Kec. Sumber Manjing Wetan;Kab. Malang;Prov. Jawa Timur
051613  ;Kec. Kedungwaru;Kab. Tulungagung;Prov. Jawa Timur
051710  ;Kec. Pogalan;Kab. Trenggalek;Prov. Jawa Timur
051706  ;Kec. Pule;Kab. Trenggalek;Prov. Jawa Timur
051712  ;Kec. Tugu;Kab. Trenggalek;Prov. Jawa Timur
051619  ;Kec. Sendang;Kab. Tulungagung;Prov. Jawa Timur
051821  ;Kec. Wagir;Kab. Malang;Prov. Jawa Timur
051814  ;Kec. Gondanglegi;Kab. Malang;Prov. Jawa Timur
051608  ;Kec. Rejotangan;Kab. Tulungagung;Prov. Jawa Timur
051707  ;Kec. Karangan;Kab. Trenggalek;Prov. Jawa Timur
051611  ;Kec. Boyolangu;Kab. Tulungagung;Prov. Jawa Timur
051817  ;Kec. Sumberpucung;Kab. Malang;Prov. Jawa Timur
051808  ;Kec. Tirto Yudo;Kab. Malang;Prov. Jawa Timur
051816  ;Kec. Kepanjen;Kab. Malang;Prov. Jawa Timur
051811  ;Kec. Wajak;Kab. Malang;Prov. Jawa Timur
051416  ;Kec. Wilangan;Kab. Nganjuk;Prov. Jawa Timur
051708  ;Kec. Gandusari;Kab. Trenggalek;Prov. Jawa Timur
051711  ;Kec. Trenggalek;Kab. Trenggalek;Prov. Jawa Timur
051810  ;Kec. Poncokusumo;Kab. Malang;Prov. Jawa Timur
051826  ;Kec. Jabung;Kab. Malang;Prov. Jawa Timur
051812  ;Kec. Turen;Kab. Malang;Prov. Jawa Timur
051823  ;Kec. Tajinan;Kab. Malang;Prov. Jawa Timur
051828  ;Kec. Singosari;Kab. Malang;Prov. Jawa Timur
051824  ;Kec. Tumpang;Kab. Malang;Prov. Jawa Timur
051615  ;Kec. Karangrejo;Kab. Tulungagung;Prov. Jawa Timur
051819  ;Kec. Wonosari;Kab. Malang;Prov. Jawa Timur
051832  ;Kec. Ngantang;Kab. Malang;Prov. Jawa Timur
051616  ;Kec. Kauman;Kab. Tulungagung;Prov. Jawa Timur
051825  ;Kec. Pakis;Kab. Malang;Prov. Jawa Timur
051702  ;Kec. Munjungan;Kab. Trenggalek;Prov. Jawa Timur
051807  ;Kec. Dampit;Kab. Malang;Prov. Jawa Timur
051709  ;Kec. Durenan;Kab. Trenggalek;Prov. Jawa Timur
051818  ;Kec. Kromengan;Kab. Malang;Prov. Jawa Timur
051809  ;Kec. Ampelgading;Kab. Malang;Prov. Jawa Timur
051703  ;Kec. Watulimo;Kab. Trenggalek;Prov. Jawa Timur
051704  ;Kec. Kampak;Kab. Trenggalek;Prov. Jawa Timur
051417  ;Kec. Rejoso;Kab. Nganjuk;Prov. Jawa Timur
051609  ;Kec. Ngunut;Kab. Tulungagung;Prov. Jawa Timur
051602  ;Kec. Bandung;Kab. Tulungagung;Prov. Jawa Timur
051418  ;Kec. Ngluyu;Kab. Nganjuk;Prov. Jawa Timur
051617  ;Kec. Gondang;Kab. Tulungagung;Prov. Jawa Timur
051813  ;Kec. Pagelaran;Kab. Malang;Prov. Jawa Timur
051604  ;Kec. Campur Darat;Kab. Tulungagung;Prov. Jawa Timur
051830  ;Kec. Dau;Kab. Malang;Prov. Jawa Timur
051605  ;Kec. Tanggung Gunung;Kab. Tulungagung;Prov. Jawa Timur
051612  ;Kec. Tulungagung;Kab. Tulungagung;Prov. Jawa Timur
051829  ;Kec. Karangploso;Kab. Malang;Prov. Jawa Timur
052104  ;Kec. Pasirian;Kab. Lumajang;Prov. Jawa Timur
051908  ;Kec. Wonorejo;Kab. Pasuruan;Prov. Jawa Timur
051903  ;Kec. Puspo;Kab. Pasuruan;Prov. Jawa Timur
052014  ;Kec. Besuk;Kab. Probolinggo;Prov. Jawa Timur
051923  ;Kec. Lekok;Kab. Pasuruan;Prov. Jawa Timur
052023  ;Kec. Tongas;Kab. Probolinggo;Prov. Jawa Timur
051910  ;Kec. Prigen;Kab. Pasuruan;Prov. Jawa Timur
051912  ;Kec. Pandaan;Kab. Pasuruan;Prov. Jawa Timur
051901  ;Kec. Purwodadi;Kab. Pasuruan;Prov. Jawa Timur
052110  ;Kec. Lumajang;Kab. Lumajang;Prov. Jawa Timur
051918  ;Kec. Pohjentrek;Kab. Pasuruan;Prov. Jawa Timur
052022  ;Kec. Lumbang;Kab. Probolinggo;Prov. Jawa Timur
052021  ;Kec. Wonomerto;Kab. Probolinggo;Prov. Jawa Timur
052024  ;Kec. Sumberasih;Kab. Probolinggo;Prov. Jawa Timur
051906  ;Kec. Pasrepan;Kab. Pasuruan;Prov. Jawa Timur
052015  ;Kec. Kraksaan;Kab. Probolinggo;Prov. Jawa Timur
052114  ;Kec. Sukodono;Kab. Lumajang;Prov. Jawa Timur
052109  ;Kec. Tekung;Kab. Lumajang;Prov. Jawa Timur
052013  ;Kec. Paiton;Kab. Probolinggo;Prov. Jawa Timur
051917  ;Kec. Kraton;Kab. Pasuruan;Prov. Jawa Timur
052001  ;Kec. Sukapura;Kab. Probolinggo;Prov. Jawa Timur
052103  ;Kec. Candipuro;Kab. Lumajang;Prov. Jawa Timur
052004  ;Kec. Bantaran;Kab. Probolinggo;Prov. Jawa Timur
051802  ;Kec. Kalipare;Kab. Malang;Prov. Jawa Timur
051921  ;Kec. Winongan;Kab. Pasuruan;Prov. Jawa Timur
052108  ;Kec. Rowokangkung;Kab. Lumajang;Prov. Jawa Timur
051902  ;Kec. Tutur;Kab. Pasuruan;Prov. Jawa Timur
051919  ;Kec. Gondang Wetan;Kab. Pasuruan;Prov. Jawa Timur
052106  ;Kec. Kunir;Kab. Lumajang;Prov. Jawa Timur
052018  ;Kec. Maron;Kab. Probolinggo;Prov. Jawa Timur
051804  ;Kec. Bantur;Kab. Malang;Prov. Jawa Timur
051922  ;Kec. Grati;Kab. Pasuruan;Prov. Jawa Timur
051924  ;Kec. Nguling;Kab. Pasuruan;Prov. Jawa Timur
052107  ;Kec. Yosowilangun;Kab. Lumajang;Prov. Jawa Timur
052020  ;Kec. Dringu;Kab. Probolinggo;Prov. Jawa Timur
051907  ;Kec. Kejayan;Kab. Pasuruan;Prov. Jawa Timur
052010  ;Kec. Gading;Kab. Probolinggo;Prov. Jawa Timur
052102  ;Kec. Pronojiwo;Kab. Lumajang;Prov. Jawa Timur
051905  ;Kec. Lumbang;Kab. Pasuruan;Prov. Jawa Timur
052012  ;Kec. Kota Anyar;Kab. Probolinggo;Prov. Jawa Timur
052113  ;Kec. Padang;Kab. Lumajang;Prov. Jawa Timur
052002  ;Kec. Sumber;Kab. Probolinggo;Prov. Jawa Timur
051920  ;Kec. Rejoso;Kab. Pasuruan;Prov. Jawa Timur
052019  ;Kec. Gending;Kab. Probolinggo;Prov. Jawa Timur
051803  ;Kec. Pagak;Kab. Malang;Prov. Jawa Timur
051916  ;Kec. Rembang;Kab. Pasuruan;Prov. Jawa Timur
051913  ;Kec. Gempol;Kab. Pasuruan;Prov. Jawa Timur
051915  ;Kec. Bangil;Kab. Pasuruan;Prov. Jawa Timur
052017  ;Kec. Pajarakan;Kab. Probolinggo;Prov. Jawa Timur
051904  ;Kec. Tosari;Kab. Pasuruan;Prov. Jawa Timur
051909  ;Kec. Purwosari;Kab. Pasuruan;Prov. Jawa Timur
051914  ;Kec. Beji;Kab. Pasuruan;Prov. Jawa Timur
052016  ;Kec. Krejengan;Kab. Probolinggo;Prov. Jawa Timur
052009  ;Kec. Krucil;Kab. Probolinggo;Prov. Jawa Timur
052105  ;Kec. Tempeh;Kab. Lumajang;Prov. Jawa Timur
051833  ;Kec. Kasembon;Kab. Malang;Prov. Jawa Timur
051911  ;Kec. Sukorejo;Kab. Pasuruan;Prov. Jawa Timur
052011  ;Kec. Pakuniran;Kab. Probolinggo;Prov. Jawa Timur
052003  ;Kec. Kuripan;Kab. Probolinggo;Prov. Jawa Timur
052112  ;Kec. Senduro;Kab. Lumajang;Prov. Jawa Timur
052306  ;Kec. Mlandingan;Kab. Situbondo;Prov. Jawa Timur
052212  ;Kec. Pakem;Kab. Bondowoso;Prov. Jawa Timur
052317  ;Kec. Banyuputih;Kab. Situbondo;Prov. Jawa Timur
052006  ;Kec. Tegal Siwalan;Kab. Probolinggo;Prov. Jawa Timur
052206  ;Kec. Sukosari;Kab. Bondowoso;Prov. Jawa Timur
052404  ;Kec. Wuluhan;Kab. Jember;Prov. Jawa Timur
052303  ;Kec. Banyuglugur;Kab. Situbondo;Prov. Jawa Timur
052307  ;Kec. Bungatan;Kab. Situbondo;Prov. Jawa Timur
052410  ;Kec. Jenggawah;Kab. Jember;Prov. Jawa Timur
052316  ;Kec. Asembagus;Kab. Situbondo;Prov. Jawa Timur
052407  ;Kec. Silo;Kab. Jember;Prov. Jawa Timur
052408  ;Kec. Mayang;Kab. Jember;Prov. Jawa Timur
052008  ;Kec. Tiris;Kab. Probolinggo;Prov. Jawa Timur
052216  ;Kec. Prajekan;Kab. Bondowoso;Prov. Jawa Timur
052402  ;Kec. Gumuk Mas;Kab. Jember;Prov. Jawa Timur
052116  ;Kec. Randuagung;Kab. Lumajang;Prov. Jawa Timur
052121  ;Kec. Sumbersuko;Kab. Lumajang;Prov. Jawa Timur
052416  ;Kec. Jombang;Kab. Jember;Prov. Jawa Timur
052120  ;Kec. Ranuyoso;Kab. Lumajang;Prov. Jawa Timur
052218  ;Kec. Binakal;Kab. Bondowoso;Prov. Jawa Timur
052210  ;Kec. Bondowoso;Kab. Bondowoso;Prov. Jawa Timur
052412  ;Kec. Rambipuji;Kab. Jember;Prov. Jawa Timur
052309  ;Kec. Panarukan;Kab. Situbondo;Prov. Jawa Timur
052208  ;Kec. Wonosari;Kab. Bondowoso;Prov. Jawa Timur
052409  ;Kec. Mumbulsari;Kab. Jember;Prov. Jawa Timur
052117  ;Kec. Kedungjajang;Kab. Lumajang;Prov. Jawa Timur
052305  ;Kec. Suboh;Kab. Situbondo;Prov. Jawa Timur
052310  ;Kec. Situbondo;Kab. Situbondo;Prov. Jawa Timur
052205  ;Kec. Tlogosari;Kab. Bondowoso;Prov. Jawa Timur
052220  ;Kec. Sempol;Kab. Bondowoso;Prov. Jawa Timur
052413  ;Kec. Balung;Kab. Jember;Prov. Jawa Timur
052204  ;Kec. Pujer;Kab. Bondowoso;Prov. Jawa Timur
052214  ;Kec. Tegalampel;Kab. Bondowoso;Prov. Jawa Timur
052115  ;Kec. Jatiroto;Kab. Lumajang;Prov. Jawa Timur
052209  ;Kec. Tenggarang;Kab. Bondowoso;Prov. Jawa Timur
052118  ;Kec. Gucialit;Kab. Lumajang;Prov. Jawa Timur
052203  ;Kec. Tamanan;Kab. Bondowoso;Prov. Jawa Timur
052313  ;Kec. Kapongan;Kab. Situbondo;Prov. Jawa Timur
052308  ;Kec. Kendit;Kab. Situbondo;Prov. Jawa Timur
052314  ;Kec. Arjasa;Kab. Situbondo;Prov. Jawa Timur
052405  ;Kec. Ambulu;Kab. Jember;Prov. Jawa Timur
052217  ;Kec. Cermee;Kab. Bondowoso;Prov. Jawa Timur
052401  ;Kec. Kencong;Kab. Jember;Prov. Jawa Timur
052201  ;Kec. Maesan;Kab. Bondowoso;Prov. Jawa Timur
052312  ;Kec. Panji;Kab. Situbondo;Prov. Jawa Timur
052304  ;Kec. Besuki;Kab. Situbondo;Prov. Jawa Timur
052311  ;Kec. Mangaran;Kab. Situbondo;Prov. Jawa Timur
052202  ;Kec. Grujugan;Kab. Bondowoso;Prov. Jawa Timur
052415  ;Kec. Semboro;Kab. Jember;Prov. Jawa Timur
052406  ;Kec. Tempurejo;Kab. Jember;Prov. Jawa Timur
052211  ;Kec. Curahdami;Kab. Bondowoso;Prov. Jawa Timur
052007  ;Kec. Banyu Anyar;Kab. Probolinggo;Prov. Jawa Timur
052414  ;Kec. Umbulsari;Kab. Jember;Prov. Jawa Timur
052403  ;Kec. Puger;Kab. Jember;Prov. Jawa Timur
052215  ;Kec. Klabang;Kab. Bondowoso;Prov. Jawa Timur
052315  ;Kec. Jangkar;Kab. Situbondo;Prov. Jawa Timur
052219  ;Kec. Sumber Wringin;Kab. Bondowoso;Prov. Jawa Timur
052213  ;Kec. Wringin;Kab. Bondowoso;Prov. Jawa Timur
052119  ;Kec. Klakah;Kab. Lumajang;Prov. Jawa Timur
052207  ;Kec. Tapen;Kab. Bondowoso;Prov. Jawa Timur
052506  ;Kec. Cluring;Kab. Banyuwangi;Prov. Jawa Timur
052423  ;Kec. Pakusari;Kab. Jember;Prov. Jawa Timur
052505  ;Kec. Muncar;Kab. Banyuwangi;Prov. Jawa Timur
052607  ;Kec. Palengaan;Kab. Pamekasan;Prov. Jawa Timur
052429  ;Kec. Kaliwates;Kab. Jember;Prov. Jawa Timur
052604  ;Kec. Larangan;Kab. Pamekasan;Prov. Jawa Timur
052431  ;Kec. Patrang;Kab. Jember;Prov. Jawa Timur
052703  ;Kec. Sampang;Kab. Sampang;Prov. Jawa Timur
052518  ;Kec. Banyuwangi;Kab. Banyuwangi;Prov. Jawa Timur
052223  ;Kec. Botolinggo;Kab. Bondowoso;Prov. Jawa Timur
052420  ;Kec. Panti;Kab. Jember;Prov. Jawa Timur
052706  ;Kec. Kedungdung;Kab. Sampang;Prov. Jawa Timur
052508  ;Kec. Glenmore;Kab. Banyuwangi;Prov. Jawa Timur
052426  ;Kec. Sumberjambe;Kab. Jember;Prov. Jawa Timur
052707  ;Kec. Jrengik;Kab. Sampang;Prov. Jawa Timur
052510  ;Kec. Genteng;Kab. Banyuwangi;Prov. Jawa Timur
052503  ;Kec. Purwoharjo;Kab. Banyuwangi;Prov. Jawa Timur
052523  ;Kec. Tegalsari;Kab. Banyuwangi;Prov. Jawa Timur
052301  ;Kec. Sumber Malang;Kab. Situbondo;Prov. Jawa Timur
052605  ;Kec. Pamekasan;Kab. Pamekasan;Prov. Jawa Timur
052708  ;Kec. Tambelangan;Kab. Sampang;Prov. Jawa Timur
052710  ;Kec. Robatal;Kab. Sampang;Prov. Jawa Timur
052608  ;Kec. Pegantenan;Kab. Pamekasan;Prov. Jawa Timur
052612  ;Kec. Batu Marmer;Kab. Pamekasan;Prov. Jawa Timur
052521  ;Kec. Wongsorejo;Kab. Banyuwangi;Prov. Jawa Timur
052427  ;Kec. Sukowono;Kab. Jember;Prov. Jawa Timur
052509  ;Kec. Kalibaru;Kab. Banyuwangi;Prov. Jawa Timur
052601  ;Kec. Tlanakan;Kab. Pamekasan;Prov. Jawa Timur
052611  ;Kec. Waru;Kab. Pamekasan;Prov. Jawa Timur
052602  ;Kec. Pademawu;Kab. Pamekasan;Prov. Jawa Timur
052430  ;Kec. Sumbersari;Kab. Jember;Prov. Jawa Timur
052610  ;Kec. Pakong;Kab. Pamekasan;Prov. Jawa Timur
052422  ;Kec. Arjasa;Kab. Jember;Prov. Jawa Timur
052417  ;Kec. Sumberbaru;Kab. Jember;Prov. Jawa Timur
052502  ;Kec. Bangorejo;Kab. Banyuwangi;Prov. Jawa Timur
052516  ;Kec. Songgon;Kab. Banyuwangi;Prov. Jawa Timur
052520  ;Kec. Kalipuro;Kab. Banyuwangi;Prov. Jawa Timur
052424  ;Kec. Kalisat;Kab. Jember;Prov. Jawa Timur
052606  ;Kec. Proppo;Kab. Pamekasan;Prov. Jawa Timur
052519  ;Kec. Giri;Kab. Banyuwangi;Prov. Jawa Timur
052613  ;Kec. Pasean;Kab. Pamekasan;Prov. Jawa Timur
052504  ;Kec. Tegaldlimo;Kab. Banyuwangi;Prov. Jawa Timur
052418  ;Kec. Tanggul;Kab. Jember;Prov. Jawa Timur
052522  ;Kec. Licin;Kab. Banyuwangi;Prov. Jawa Timur
052702  ;Kec. Torjun;Kab. Sampang;Prov. Jawa Timur
052603  ;Kec. Galis;Kab. Pamekasan;Prov. Jawa Timur
052524  ;Kec. Siliragung;Kab. Banyuwangi;Prov. Jawa Timur
052501  ;Kec. Pesanggaran;Kab. Banyuwangi;Prov. Jawa Timur
052711  ;Kec. Ketapang;Kab. Sampang;Prov. Jawa Timur
052419  ;Kec. Bangsalsari;Kab. Jember;Prov. Jawa Timur
052709  ;Kec. Banyuates;Kab. Sampang;Prov. Jawa Timur
052609  ;Kec. Kadur;Kab. Pamekasan;Prov. Jawa Timur
052421  ;Kec. Sukorambi;Kab. Jember;Prov. Jawa Timur
052222  ;Kec. Taman Krocok;Kab. Bondowoso;Prov. Jawa Timur
052428  ;Kec. Jelbuk;Kab. Jember;Prov. Jawa Timur
052517  ;Kec. Glagah;Kab. Banyuwangi;Prov. Jawa Timur
052425  ;Kec. Ledok Ombo;Kab. Jember;Prov. Jawa Timur
052705  ;Kec. Omben;Kab. Sampang;Prov. Jawa Timur
052515  ;Kec. Sempu;Kab. Banyuwangi;Prov. Jawa Timur
052507  ;Kec. Gambiran;Kab. Banyuwangi;Prov. Jawa Timur
052904  ;Kec. Modung;Kab. Bangkalan;Prov. Jawa Timur
056004  ;Kec. Wonocolo;Kota Surabaya;Prov. Jawa Timur
052808  ;Kec. Lenteng;Kab. Sumenep;Prov. Jawa Timur
052827  ;Kec. Batuan;Kab. Sumenep;Prov. Jawa Timur
052816  ;Kec. Batuputih;Kab. Sumenep;Prov. Jawa Timur
056007  ;Kec. Rungkut;Kota Surabaya;Prov. Jawa Timur
052910  ;Kec. Socah;Kab. Bangkalan;Prov. Jawa Timur
056002  ;Kec. Jambangan;Kota Surabaya;Prov. Jawa Timur
052809  ;Kec. Ganding;Kab. Sumenep;Prov. Jawa Timur
056014  ;Kec. Lakarsantri;Kota Surabaya;Prov. Jawa Timur
052828  ;Kec. Kangayan;Kab. Sumenep;Prov. Jawa Timur
052916  ;Kec. Tanjungbumi;Kab. Bangkalan;Prov. Jawa Timur
052513  ;Kec. Kabat;Kab. Banyuwangi;Prov. Jawa Timur
052819  ;Kec. Dungkek;Kab. Sumenep;Prov. Jawa Timur
052804  ;Kec. Giligenteng;Kab. Sumenep;Prov. Jawa Timur
052803  ;Kec. Saronggi;Kab. Sumenep;Prov. Jawa Timur
052805  ;Kec. Talango;Kab. Sumenep;Prov. Jawa Timur
056012  ;Kec. Dukuh Pakis;Kota Surabaya;Prov. Jawa Timur
056015  ;Kec. Tandes;Kota Surabaya;Prov. Jawa Timur
056011  ;Kec. Wonokromo;Kota Surabaya;Prov. Jawa Timur
052825  ;Kec. Masalembu;Kab. Sumenep;Prov. Jawa Timur
052906  ;Kec. Konang;Kab. Bangkalan;Prov. Jawa Timur
052814  ;Kec. Dasuk;Kab. Sumenep;Prov. Jawa Timur
052909  ;Kec. Tragah;Kab. Bangkalan;Prov. Jawa Timur
052807  ;Kec. Kota Sumenep;Kab. Sumenep;Prov. Jawa Timur
056010  ;Kec. Gubeng;Kota Surabaya;Prov. Jawa Timur
052913  ;Kec. Arosbaya;Kab. Bangkalan;Prov. Jawa Timur
052912  ;Kec. Burneh;Kab. Bangkalan;Prov. Jawa Timur
052712  ;Kec. Sokobanah;Kab. Sampang;Prov. Jawa Timur
056013  ;Kec. Wiyung;Kota Surabaya;Prov. Jawa Timur
052917  ;Kec. Sepulu;Kab. Bangkalan;Prov. Jawa Timur
052512  ;Kec. Rogojampi;Kab. Banyuwangi;Prov. Jawa Timur
052817  ;Kec. Gapura;Kab. Sumenep;Prov. Jawa Timur
052901  ;Kec. Kamal;Kab. Bangkalan;Prov. Jawa Timur
056003  ;Kec. Gayungan;Kota Surabaya;Prov. Jawa Timur
056009  ;Kec. Mulyorejo;Kota Surabaya;Prov. Jawa Timur
052914  ;Kec. Geger;Kab. Bangkalan;Prov. Jawa Timur
052903  ;Kec. Kwanyar;Kab. Bangkalan;Prov. Jawa Timur
052714  ;Kec. Pangarengan;Kab. Sampang;Prov. Jawa Timur
052811  ;Kec. Pasongsongan;Kab. Sumenep;Prov. Jawa Timur
052810  ;Kec. Guluk Guluk;Kab. Sumenep;Prov. Jawa Timur
052820  ;Kec. Nonggunong;Kab. Sumenep;Prov. Jawa Timur
052514  ;Kec. Singojuruh;Kab. Banyuwangi;Prov. Jawa Timur
052802  ;Kec. Bluto;Kab. Sumenep;Prov. Jawa Timur
052915  ;Kec. Kokop;Kab. Bangkalan;Prov. Jawa Timur
052812  ;Kec. Ambunten;Kab. Sumenep;Prov. Jawa Timur
052902  ;Kec. Labang;Kab. Bangkalan;Prov. Jawa Timur
056001  ;Kec. Karang Pilang;Kota Surabaya;Prov. Jawa Timur
052905  ;Kec. Blega;Kab. Bangkalan;Prov. Jawa Timur
052815  ;Kec. Manding;Kab. Sumenep;Prov. Jawa Timur
052918  ;Kec. Klampis;Kab. Bangkalan;Prov. Jawa Timur
052908  ;Kec. Tanah Merah;Kab. Bangkalan;Prov. Jawa Timur
052806  ;Kec. Kalianget;Kab. Sumenep;Prov. Jawa Timur
052911  ;Kec. Bangkalan;Kab. Bangkalan;Prov. Jawa Timur
056008  ;Kec. Sukolilo;Kota Surabaya;Prov. Jawa Timur
052818  ;Kec. Batang Batang;Kab. Sumenep;Prov. Jawa Timur
052813  ;Kec. Rubaru;Kab. Sumenep;Prov. Jawa Timur
052907  ;Kec. Galis;Kab. Bangkalan;Prov. Jawa Timur
056005  ;Kec. Tenggilis Mejoyo;Kota Surabaya;Prov. Jawa Timur
052713  ;Kec. Karangpenang;Kab. Sampang;Prov. Jawa Timur
060110  ;Kec. Suka Makmur;Kab. Aceh Besar;Prov. Aceh
056604  ;Panggungrejo;Kota Pasuruan;Prov. Jawa Timur
056023  ;Kec. Semampir;Kota Surabaya;Prov. Jawa Timur
056020  ;Kec. Tambaksari;Kota Surabaya;Prov. Jawa Timur
056601  ;Kec. Gadingrejo;Kota Pasuruan;Prov. Jawa Timur
060111  ;Kec. Darul Imarah;Kab. Aceh Besar;Prov. Aceh
056803  ;Kec. Bumiaji;Kota Batu;Prov. Jawa Timur
060101  ;Kec. Lhoong;Kab. Aceh Besar;Prov. Aceh
060108  ;Kec. Montasik;Kab. Aceh Besar;Prov. Aceh
056028  ;Kec. Benowo;Kota Surabaya;Prov. Jawa Timur
060115  ;Kec. Kuta Malaka;Kab. Aceh Besar;Prov. Aceh
056016  ;Kec. Sukomanunggal;Kota Surabaya;Prov. Jawa Timur
056024  ;Kec. Pabean Cantian;Kota Surabaya;Prov. Jawa Timur
056027  ;Kec. Asemrowo;Kota Surabaya;Prov. Jawa Timur
060117  ;Kec. Kota Jantho;Kab. Aceh Besar;Prov. Aceh
056105  ;Kec. Lowokwaru;Kota Malang;Prov. Jawa Timur
060107  ;Kec. Kuta Baro;Kab. Aceh Besar;Prov. Aceh
056017  ;Kec. Sawahan;Kota Surabaya;Prov. Jawa Timur
056031  ;Kec. Sambi Kerep;Kota Surabaya;Prov. Jawa Timur
056102  ;Kec. Sukun;Kota Malang;Prov. Jawa Timur
056704  ;Kec. Kedopok;Kota Probolinggo;Prov. Jawa Timur
056401  ;Kec. Prajurit Kulon;Kota Mojokerto;Prov. Jawa Timur
056030  ;Kec. Pakal;Kota Surabaya;Prov. Jawa Timur
060116  ;Kec. Leumbah Seulewah;Kab. Aceh Besar;Prov. Aceh
060121  ;Kec. Kuta Cot Glie;Kab. Aceh Besar;Prov. Aceh
056402  ;Kec. Magersari;Kota Mojokerto;Prov. Jawa Timur
056703  ;Kec. Mayangan;Kota Probolinggo;Prov. Jawa Timur
060113  ;Kec. Pulo Aceh;Kab. Aceh Besar;Prov. Aceh
060120  ;Kec. Simpang Tiga;Kab. Aceh Besar;Prov. Aceh
060114  ;Kec. Leupung;Kab. Aceh Besar;Prov. Aceh
060102  ;Kec. Lho Nga;Kab. Aceh Besar;Prov. Aceh
060119  ;Kec. Krung Barona Jaya;Kab. Aceh Besar;Prov. Aceh
060109  ;Kec. Ingin Jaya;Kab. Aceh Besar;Prov. Aceh
052823  ;Kec. Sapeken;Kab. Sumenep;Prov. Jawa Timur
060118  ;Kec. Baitussalam;Kab. Aceh Besar;Prov. Aceh
056602  ;Kec. Purworejo;Kota Pasuruan;Prov. Jawa Timur
056021  ;Kec. Kenjeran;Kota Surabaya;Prov. Jawa Timur
056502  ;Kec. Kepanjen Kidul;Kota Blitar;Prov. Jawa Timur
056705  ;Kec. Kanigaran;Kota Probolinggo;Prov. Jawa Timur
056025  ;Kec. Bubutan;Kota Surabaya;Prov. Jawa Timur
056503  ;Kec. Sanan Wetan;Kota Blitar;Prov. Jawa Timur
056303  ;Kec. Pesantren;Kota Kediri;Prov. Jawa Timur
056103  ;Kec. Klojen;Kota Malang;Prov. Jawa Timur
060105  ;Kec. Mesjid Raya;Kab. Aceh Besar;Prov. Aceh
052824  ;Kec. Arjasa;Kab. Sumenep;Prov. Jawa Timur
056801  ;Kec. Batu;Kota Batu;Prov. Jawa Timur
056104  ;Kec. Blimbing;Kota Malang;Prov. Jawa Timur
056802  ;Kec. Junrejo;Kota Batu;Prov. Jawa Timur
060104  ;Kec. Seulimeum;Kab. Aceh Besar;Prov. Aceh
056501  ;Kec. Sukorejo;Kota Blitar;Prov. Jawa Timur
056026  ;Kec. Krembangan;Kota Surabaya;Prov. Jawa Timur
056701  ;Kec. Kademangan;Kota Probolinggo;Prov. Jawa Timur
056702  ;Kec. Wonoasih;Kota Probolinggo;Prov. Jawa Timur
060106  ;Kec. Darussalam;Kab. Aceh Besar;Prov. Aceh
060103  ;Kec. Indrapuri;Kab. Aceh Besar;Prov. Aceh
056603  ;Kec. Bugul Kidul;Kota Pasuruan;Prov. Jawa Timur
056018  ;Kec. Tegal Sari;Kota Surabaya;Prov. Jawa Timur
056029  ;Kec. Bulak;Kota Surabaya;Prov. Jawa Timur
056019  ;Kec. Genteng;Kota Surabaya;Prov. Jawa Timur
056022  ;Kec. Simokerto;Kota Surabaya;Prov. Jawa Timur
056101  ;Kec. Kedungkandang;Kota Malang;Prov. Jawa Timur
060307  ;Kec. Cot Girek;Kab. Aceh Utara;Prov. Aceh
060412  ;Kec. Ranto Peureulak;Kab. Aceh Timur;Prov. Aceh
056302  ;Kec. Kota Kediri;Kota Kediri;Prov. Jawa Timur
060409  ;Kec. Birem Bayeun;Kab. Aceh Timur;Prov. Aceh
060416  ;Kec. Julok;Kab. Aceh Timur;Prov. Aceh
060209  ;Kec. Tiro/Truseb;Kab. Pidie;Prov. Aceh
060414  ;Kec. Darul Aman;Kab. Aceh Timur;Prov. Aceh
060418  ;Kec. Simpang Ulim;Kab. Aceh Timur;Prov. Aceh
060208  ;Kec. Mutiara;Kab. Pidie;Prov. Aceh
060417  ;Kec. Pante Beudari;Kab. Aceh Timur;Prov. Aceh
060320  ;Kec. Paya Bakong;Kab. Aceh Utara;Prov. Aceh
060305  ;Kec. Meurah Mulia;Kab. Aceh Utara;Prov. Aceh
060411  ;Kec. Peureulak;Kab. Aceh Timur;Prov. Aceh
060312  ;Kec. Tanah Luas;Kab. Aceh Utara;Prov. Aceh
056203  ;Kec. Kartoharjo;Kota Madiun;Prov. Jawa Timur
060315  ;Kec. Tanah Pasir;Kab. Aceh Utara;Prov. Aceh
060201  ;Kec. Geumpang;Kab. Pidie;Prov. Aceh
060220  ;Kec. Kota Sigli;Kab. Pidie;Prov. Aceh
060310  ;Kec. Baktiya;Kab. Aceh Utara;Prov. Aceh
060319  ;Kec. Nibong;Kab. Aceh Utara;Prov. Aceh
060328  ;Kec. Geureudong Pase;Kab. Aceh Utara;Prov. Aceh
060304  ;Kec. Syamtalira Bayu;Kab. Aceh Utara;Prov. Aceh
060410  ;Kec. Rantau Selamat;Kab. Aceh Timur;Prov. Aceh
060230  ;Kec. Glupang Baro;Kab. Pidie;Prov. Aceh
060302  ;Kec. Nisam;Kab. Aceh Utara;Prov. Aceh
060232  ;Kec. Titeuae;Kab. Pidie;Prov. Aceh
060314  ;Kec. Syamtalira Aron;Kab. Aceh Utara;Prov. Aceh
060215  ;Kec. Delima;Kab. Pidie;Prov. Aceh
060306  ;Kec. Matangkuli;Kab. Aceh Utara;Prov. Aceh
060222  ;Kec. Batee;Kab. Pidie;Prov. Aceh
060231  ;Kec. Keumala;Kab. Pidie;Prov. Aceh
056301  ;Kec. Mojoroto;Kota Kediri;Prov. Jawa Timur
060301  ;Kec. Sawang;Kab. Aceh Utara;Prov. Aceh
060213  ;Kec. Mila;Kab. Pidie;Prov. Aceh
060210  ;Kec. Tangse;Kab. Pidie;Prov. Aceh
060309  ;Kec. Seunudon;Kab. Aceh Utara;Prov. Aceh
060413  ;Kec. Idi Rayeuk;Kab. Aceh Timur;Prov. Aceh
060212  ;Kec. Sakti;Kab. Pidie;Prov. Aceh
060123  ;Kec. Blang Bintang;Kab. Aceh Besar;Prov. Aceh
060219  ;Kec. Simpang Tiga;Kab. Pidie;Prov. Aceh
060218  ;Kec. Kembang Tanjung;Kab. Pidie;Prov. Aceh
060217  ;Kec. Peukan Baru;Kab. Pidie;Prov. Aceh
060214  ;Kec. Padang Tiji;Kab. Pidie;Prov. Aceh
060318  ;Kec. Simpang Keramat;Kab. Aceh Utara;Prov. Aceh
060207  ;Kec. Glumpang Tiga;Kab. Pidie;Prov. Aceh
060317  ;Kec. Baktiya Barat;Kab. Aceh Utara;Prov. Aceh
060216  ;Kec. Indrajaya;Kab. Pidie;Prov. Aceh
060303  ;Kec. Kuta Makmur;Kab. Aceh Utara;Prov. Aceh
060316  ;Kec. Langkahan;Kab. Aceh Utara;Prov. Aceh
060221  ;Kec. Pidie;Kab. Pidie;Prov. Aceh
060321  ;Kec. Muara Batu;Kab. Aceh Utara;Prov. Aceh
060122  ;Kec. Darul Kamal;Kab. Aceh Besar;Prov. Aceh
060330  ;Kec. Nisam Antara;Kab. Aceh Utara;Prov. Aceh
060322  ;Kec. Dewantara;Kab. Aceh Utara;Prov. Aceh
060313  ;Kec. Samudera;Kab. Aceh Utara;Prov. Aceh
060308  ;Kec. Tanah Jambo Aye;Kab. Aceh Utara;Prov. Aceh
060329  ;Kec. Banda Baro;Kab. Aceh Utara;Prov. Aceh
060323  ;Kec. Lhoksukon;Kab. Aceh Utara;Prov. Aceh
060326  ;Kec. Lapang;Kab. Aceh Utara;Prov. Aceh
060415  ;Kec. Nurussalam;Kab. Aceh Timur;Prov. Aceh
060527  ;Kec. Bies;Kab. Aceh Tengah;Prov. Aceh
060502  ;Kec. Bintang;Kab. Aceh Tengah;Prov. Aceh
060524  ;Kec. Laut Tawar;Kab. Aceh Tengah;Prov. Aceh
060428  ;Kec. Simpang Jernih;Kab. Aceh Timur;Prov. Aceh
060605  ;Kec. Johan Pahlawan;Kab. Aceh Barat;Prov. Aceh
060709  ;Kec. Labuhan Haji;Kab. Aceh Selatan;Prov. Aceh
060607  ;Kec. Woyla;Kab. Aceh Barat;Prov. Aceh
060704  ;Kec. Kluet Utara;Kab. Aceh Selatan;Prov. Aceh
060432  ;Kec. Darul Falah;Kab. Aceh Timur;Prov. Aceh
060614  ;Kec. Woyla Barat;Kab. Aceh Barat;Prov. Aceh
060514  ;Kec. Celala;Kab. Aceh Tengah;Prov. Aceh
060714  ;Kec. Kluet Tengah;Kab. Aceh Selatan;Prov. Aceh
060426  ;Kec. Madat;Kab. Aceh Timur;Prov. Aceh
060712  ;Kec. Kluet Timur;Kab. Aceh Selatan;Prov. Aceh
060615  ;Kec. Woyla Timur;Kab. Aceh Barat;Prov. Aceh
060522  ;Kec. Kebayakan;Kab. Aceh Tengah;Prov. Aceh
060431  ;Kec. Idi Timur;Kab. Aceh Timur;Prov. Aceh
060805  ;Kec. Badar;Kab. Aceh Tenggara;Prov. Aceh
060228  ;Kec. Mutiara Timur;Kab. Pidie;Prov. Aceh
060525  ;Kec. Atu Lintang;Kab. Aceh Tengah;Prov. Aceh
060422  ;Kec. Banda Alam;Kab. Aceh Timur;Prov. Aceh
060430  ;Kec. Peunaron;Kab. Aceh Timur;Prov. Aceh
060803  ;Kec. Bambel;Kab. Aceh Tenggara;Prov. Aceh
060504  ;Kec. Pegasing;Kab. Aceh Tengah;Prov. Aceh
060713  ;Kec. Bakongan Timur;Kab. Aceh Selatan;Prov. Aceh
060616  ;Kec. Panton Reu;Kab. Aceh Barat;Prov. Aceh
060501  ;Kec. Lingge;Kab. Aceh Tengah;Prov. Aceh
060701  ;Kec. Trumon;Kab. Aceh Selatan;Prov. Aceh
060703  ;Kec. Kluet Selatan;Kab. Aceh Selatan;Prov. Aceh
060610  ;Kec. Bubon;Kab. Aceh Barat;Prov. Aceh
060611  ;Kec. Arongan Lambalek;Kab. Aceh Barat;Prov. Aceh
060528  ;Kec. Rusip Antara;Kab. Aceh Tengah;Prov. Aceh
060707  ;Kec. Sawang;Kab. Aceh Selatan;Prov. Aceh
060806  ;Kec. Darul Hasanah;Kab. Aceh Tenggara;Prov. Aceh
060613  ;Kec. Pantee Ceureumen;Kab. Aceh Barat;Prov. Aceh
060717  ;Kec. Kota Bahagia;Kab. Aceh Selatan;Prov. Aceh
060718  ;Kec. Trumon Tengah;Kab. Aceh Selatan;Prov. Aceh
060425  ;Kec. Indra Makmur;Kab. Aceh Timur;Prov. Aceh
060227  ;Kec. Grong-Grong;Kab. Pidie;Prov. Aceh
060424  ;Kec. Peudawa;Kab. Aceh Timur;Prov. Aceh
060706  ;Kec. Samadua;Kab. Aceh Selatan;Prov. Aceh
060423  ;Kec. Idi Tunong;Kab. Aceh Timur;Prov. Aceh
060606  ;Kec. Samatiga;Kab. Aceh Barat;Prov. Aceh
060802  ;Kec. Lawe Sigala-Gala;Kab. Aceh Tenggara;Prov. Aceh
060609  ;Kec. Sungai Mas;Kab. Aceh Barat;Prov. Aceh
060612  ;Kec. Meureubo;Kab. Aceh Barat;Prov. Aceh
060715  ;Kec. Labuhan Haji Barat;Kab. Aceh Selatan;Prov. Aceh
060608  ;Kec. Kaway XVI;Kab. Aceh Barat;Prov. Aceh
060420  ;Kec. Peureulak Timur;Kab. Aceh Timur;Prov. Aceh
060421  ;Kec. Peureulak Barat;Kab. Aceh Timur;Prov. Aceh
060711  ;Kec. Trumon Timur;Kab. Aceh Selatan;Prov. Aceh
060710  ;Kec. Pasie Raja;Kab. Aceh Selatan;Prov. Aceh
060804  ;Kec. Babussalam;Kab. Aceh Tenggara;Prov. Aceh
060702  ;Kec. Bakongan;Kab. Aceh Selatan;Prov. Aceh
060705  ;Kec. Tapak Tuan;Kab. Aceh Selatan;Prov. Aceh
060716  ;Kec. Labuhan Haji Timur;Kab. Aceh Selatan;Prov. Aceh
060429  ;Kec. Darul Ihsan;Kab. Aceh Timur;Prov. Aceh
060419  ;Kec. Sungai Raya;Kab. Aceh Timur;Prov. Aceh
060526  ;Kec. Jagong Jeget;Kab. Aceh Tengah;Prov. Aceh
060224  ;Kec. Mane;Kab. Pidie;Prov. Aceh
061212  ;Kec. Peulimbang;Kab. Bireuen;Prov. Aceh
060826  ;Kec. Lueser;Kab. Aceh Tenggara;Prov. Aceh
061214  ;Kec. Kuala;Kab. Bireuen;Prov. Aceh
061302  ;Kec. Singkil;Kab. Aceh Singkil;Prov. Aceh
060808  ;Kec. Lawe Bulan;Kab. Aceh Tenggara;Prov. Aceh
061503  ;Kec. Beutong;Kab. Nagan Raya;Prov. Aceh
060809  ;Kec. Bukit Tusam;Kab. Aceh Tenggara;Prov. Aceh
061206  ;Kec. Jeumpa;Kab. Bireuen;Prov. Aceh
061308  ;Kec. Suro Makmur;Kab. Aceh Singkil;Prov. Aceh
061404  ;Kec. Seruway;Kab. Aceh Tamiang;Prov. Aceh
060811  ;Kec. Babul Rahmat;Kab. Aceh Tenggara;Prov. Aceh
060824  ;Kec. Lawe Sumur;Kab. Aceh Tenggara;Prov. Aceh
061305  ;Kec. Singkil Utara;Kab. Aceh Singkil;Prov. Aceh
061207  ;Kec. Jangka;Kab. Bireuen;Prov. Aceh
061307  ;Kec. Danau Paris;Kab. Aceh Singkil;Prov. Aceh
061217  ;Kec. Kuta Blang;Kab. Bireuen;Prov. Aceh
061502  ;Kec. Kuala;Kab. Nagan Raya;Prov. Aceh
061313  ;Kec. Singkohor;Kab. Aceh Singkil;Prov. Aceh
061201  ;Kec. Samalanga;Kab. Bireuen;Prov. Aceh
061414  ;Kec. Tenggulun;Kab. Aceh Tamiang;Prov. Aceh
060807  ;Kec. Babul Makmur;Kab. Aceh Tenggara;Prov. Aceh
061203  ;Kec. Jeunib;Kab. Bireuen;Prov. Aceh
061205  ;Kec. Juli;Kab. Bireuen;Prov. Aceh
061403  ;Kec. Kota Kuala Simpang;Kab. Aceh Tamiang;Prov. Aceh
061209  ;Kec. Makmur;Kab. Bireuen;Prov. Aceh
061103  ;Kec. Simeulue Tengah;Kab. Simeulue;Prov. Aceh
060810  ;Kec. Semadam;Kab. Aceh Tenggara;Prov. Aceh
061402  ;Kec. Kejuruan Muda;Kab. Aceh Tamiang;Prov. Aceh
061415  ;Kec. Sekerak;Kab. Aceh Tamiang;Prov. Aceh
061102  ;Kec. Simeulue Timur;Kab. Simeulue;Prov. Aceh
061101  ;Kec. Teupah Selatan;Kab. Simeulue;Prov. Aceh
061505  ;Kec. Seunagan Timur;Kab. Nagan Raya;Prov. Aceh
061301  ;Kec. Pulau Banyak;Kab. Aceh Singkil;Prov. Aceh
061104  ;Kec. Salang;Kab. Simeulue;Prov. Aceh
061202  ;Kec. Pandrah;Kab. Bireuen;Prov. Aceh
061312  ;Kec. Kuta Baharu;Kab. Aceh Singkil;Prov. Aceh
060822  ;Kec. Ketambe;Kab. Aceh Tenggara;Prov. Aceh
061215  ;Kec. Peusangan Selatan;Kab. Bireuen;Prov. Aceh
061318  ;Pulau Banyak Barat;Kab. Aceh Singkil;Prov. Aceh
061408  ;Kec. Rantau;Kab. Aceh Tamiang;Prov. Aceh
061413  ;Kec. Bandar Pusaka;Kab. Aceh Tamiang;Prov. Aceh
060823  ;Kec. Deleng Pokhkisen;Kab. Aceh Tenggara;Prov. Aceh
061303  ;Kec. Simpang Kanan;Kab. Aceh Singkil;Prov. Aceh
061407  ;Kec. Manyak Payed;Kab. Aceh Tamiang;Prov. Aceh
060513  ;Kec. Ketol;Kab. Aceh Tengah;Prov. Aceh
061504  ;Kec. Seunagan;Kab. Nagan Raya;Prov. Aceh
060825  ;Kec. Tanoh Alas;Kab. Aceh Tenggara;Prov. Aceh
061405  ;Kec. Bendahara;Kab. Aceh Tamiang;Prov. Aceh
061412  ;Kec. Bandar Mulya;Kab. Aceh Tamiang;Prov. Aceh
061406  ;Kec. Karang Baru;Kab. Aceh Tamiang;Prov. Aceh
060506  ;Kec. Silih Nara;Kab. Aceh Tengah;Prov. Aceh
061306  ;Kec. Gunung Mariah;Kab. Aceh Singkil;Prov. Aceh
060512  ;Kec. Kuta Panang;Kab. Aceh Tengah;Prov. Aceh
061401  ;Kec. Tamiang Hulu;Kab. Aceh Tamiang;Prov. Aceh
061208  ;Kec. Peusangan;Kab. Bireuen;Prov. Aceh
061216  ;Kec. Peusangan Siblah Krueng;Kab. Bireuen;Prov. Aceh
061210  ;Kec. Ganda Pura;Kab. Bireuen;Prov. Aceh
061211  ;Kec. Simpang Mamplam;Kab. Bireuen;Prov. Aceh
061204  ;Kec. Peudada;Kab. Bireuen;Prov. Aceh
061213  ;Kec. Kota Juang;Kab. Bireuen;Prov. Aceh
061903  ;Kec. Bandar;Kab. Bener Meriah;Prov. Aceh
066104  ;Kec. Syiah Kuala;Kota Banda Aceh;Prov. Aceh
061604  ;Kec. Sampoiniet;Kab. Aceh Jaya;Prov. Aceh
061901  ;Kec. Timang Gajah;Kab. Bener Meriah;Prov. Aceh
066107  ;Kec. Lueng Bata;Kota Banda Aceh;Prov. Aceh
061107  ;Kec. Teluk Dalam;Kab. Simeulue;Prov. Aceh
061908  ;Bener Kelipah;Kab. Bener Meriah;Prov. Aceh
066103  ;Kec. Kuta Alam;Kota Banda Aceh;Prov. Aceh
061706  ;Kec. Babah Rot;Kab. Aceh Barat Daya;Prov. Aceh
061603  ;Kec. Setia Bakti;Kab. Aceh Jaya;Prov. Aceh
061906  ;Kec. Wih Pesam;Kab. Bener Meriah;Prov. Aceh
061606  ;Kec. Panga;Kab. Aceh Jaya;Prov. Aceh
066105  ;Kec. Kuta Raja;Kota Banda Aceh;Prov. Aceh
061704  ;Kec. Susoh;Kab. Aceh Barat Daya;Prov. Aceh
061705  ;Kec. Kuala Batee;Kab. Aceh Barat Daya;Prov. Aceh
062008  ;Kec. Trienggadeng;Kab. Pidie Jaya;Prov. Aceh
061805  ;Kec. Pinding;Kab. Gayo Lues;Prov. Aceh
061803  ;Kec. Rikit Gaib;Kab. Gayo Lues;Prov. Aceh
066106  ;Kec. Ulee Kareng;Kota Banda Aceh;Prov. Aceh
061902  ;Kec. Bukit;Kab. Bener Meriah;Prov. Aceh
061808  ;Kec. Dabung Gelang;Kab. Gayo Lues;Prov. Aceh
061608  ;Kec. Darul Hikmah;Kab. Aceh Jaya;Prov. Aceh
066102  ;Kec. Baiturrahman;Kota Banda Aceh;Prov. Aceh
061904  ;Kec. Permata;Kab. Bener Meriah;Prov. Aceh
062004  ;Kec. Bandar Dua;Kab. Pidie Jaya;Prov. Aceh
061806  ;Kec. Blang Jerango;Kab. Gayo Lues;Prov. Aceh
062002  ;Kec. Ulim;Kab. Pidie Jaya;Prov. Aceh
066109  ;Kec. Jaya Baru;Kota Banda Aceh;Prov. Aceh
061508  ;Kec. Suka Makmue;Kab. Nagan Raya;Prov. Aceh
061801  ;Kec. Blang Kejeran;Kab. Gayo Lues;Prov. Aceh
061907  ;Kec. Syiah Utama;Kab. Bener Meriah;Prov. Aceh
061709  ;Kec. Jeumpa;Kab. Aceh Barat Daya;Prov. Aceh
061509  ;Kec. Tripa Makmur;Kab. Nagan Raya;Prov. Aceh
061108  ;Kec. Alafan;Kab. Simeulue;Prov. Aceh
061507  ;Kec. Tadu Raya;Kab. Nagan Raya;Prov. Aceh
061506  ;Kec. Kuala Pesisir;Kab. Nagan Raya;Prov. Aceh
062007  ;Kec. Panteraja;Kab. Pidie Jaya;Prov. Aceh
062001  ;Kec. Meureudu;Kab. Pidie Jaya;Prov. Aceh
061106  ;Kec. Teupah Barat;Kab. Simeulue;Prov. Aceh
062003  ;Kec. Jangka Buya;Kab. Pidie Jaya;Prov. Aceh
061905  ;Kec. Pintu Rime Gayo;Kab. Bener Meriah;Prov. Aceh
061607  ;Kec. Indra Jaya;Kab. Aceh Jaya;Prov. Aceh
066101  ;Kec. Meuraxa;Kota Banda Aceh;Prov. Aceh
061804  ;Kec. Terangon;Kab. Gayo Lues;Prov. Aceh
061809  ;Kec. Blang Pegayon;Kab. Gayo Lues;Prov. Aceh
061810  ;Kec. Pantan Cuaca;Kab. Gayo Lues;Prov. Aceh
061708  ;Kec. Setia Bakti;Kab. Aceh Barat Daya;Prov. Aceh
066108  ;Kec. Banda Raya;Kota Banda Aceh;Prov. Aceh
061601  ;Kec. Teunom;Kab. Aceh Jaya;Prov. Aceh
066201  ;Kec. Blang Mangat;Kota Lhokseumawe;Prov. Aceh
061909  ;Mesidah;Kab. Bener Meriah;Prov. Aceh
061811  ;Kec. Tripe Jaya;Kab. Gayo Lues;Prov. Aceh
066002  ;Kec. Sukakarya;Kota Sabang;Prov. Aceh
061605  ;Kec. Jaya;Kab. Aceh Jaya;Prov. Aceh
062006  ;Kec. Bandar Baru;Kab. Pidie Jaya;Prov. Aceh
062005  ;Kec. Meurah Dua;Kab. Pidie Jaya;Prov. Aceh
061707  ;Kec. Lembah Sabil;Kab. Aceh Barat Daya;Prov. Aceh
061807  ;Kec. Puteri Betung;Kab. Gayo Lues;Prov. Aceh
061802  ;Kec. Kuta Panjang;Kab. Gayo Lues;Prov. Aceh
061602  ;Kec. Krueng Sabee;Kab. Aceh Jaya;Prov. Aceh
070220  ;Kec. Pangkalan Susu;Kab. Langkat;Prov. Sumatera Utara
070121  ;Kec. Patumbak;Kab. Deli Serdang;Prov. Sumatera Utara
070218  ;Kec. Berandan Barat;Kab. Langkat;Prov. Sumatera Utara
070127  ;Kec. Batang Kuis;Kab. Deli Serdang;Prov. Sumatera Utara
066402  ;Penanggalan;Kab. Sabussalam;Prov. Aceh
070105  ;Kec. Pancur Batu;Kab. Deli Serdang;Prov. Sumatera Utara
070204  ;Kec. Kuala;Kab. Langkat;Prov. Sumatera Utara
070124  ;Kec. Hamparan Perak;Kab. Deli Serdang;Prov. Sumatera Utara
066202  ;Kec. Muara Dua;Kota Lhokseumawe;Prov. Aceh
070103  ;Kec. Sibolangit;Kab. Deli Serdang;Prov. Sumatera Utara
070208  ;Kec. Wampu;Kab. Langkat;Prov. Sumatera Utara
070222  ;Kec. Kutambaru;Kab. Langkat;Prov. Sumatera Utara
070211  ;Kec. Padang Tualang;Kab. Langkat;Prov. Sumatera Utara
066401  ;Simpang Kiri;Kab. Sabussalam;Prov. Aceh
070130  ;Kec. Lubuk Pakam;Kab. Deli Serdang;Prov. Sumatera Utara
070126  ;Kec. Percut Sei Tuan;Kab. Deli Serdang;Prov. Sumatera Utara
070202  ;Kec. Salapian;Kab. Langkat;Prov. Sumatera Utara
070303  ;Kec. Tiga Binanga;Kab. Karo;Prov. Sumatera Utara
070223  ;Kec. Pematang Jaya;Kab. Langkat;Prov. Sumatera Utara
070131  ;Kec. Pagar Marbau;Kab. Deli Serdang;Prov. Sumatera Utara
070132  ;STM Hilir;Kab. Deli Serdang;Prov. Sumatera Utara
070119  ;Kec. Galang;Kab. Deli Serdang;Prov. Sumatera Utara
070102  ;Kec. Sinembah Tanjung Muda Hul;Kab. Deli Serdang;Prov. Sumatera Utara
070213  ;Kec. Secanggang;Kab. Langkat;Prov. Sumatera Utara
070201  ;Kec. Bohorok;Kab. Langkat;Prov. Sumatera Utara
070104  ;Kec. KutaIimbaru;Kab. Deli Serdang;Prov. Sumatera Utara
070109  ;Kec. Bangun Purba;Kab. Deli Serdang;Prov. Sumatera Utara
066301  ;Kec. Langsa Timur;Kota Langsa;Prov. Aceh
070301  ;Kec. Mardinding;Kab. Karo;Prov. Sumatera Utara
061702  ;Kec. Tangan-Tangan;Kab. Aceh Barat Daya;Prov. Aceh
070214  ;Kec. Tanjung Pura;Kab. Langkat;Prov. Sumatera Utara
070207  ;Kec. Stabat;Kab. Langkat;Prov. Sumatera Utara
070106  ;Kec. Namo Rambe;Kab. Deli Serdang;Prov. Sumatera Utara
070217  ;Kec. Babalan;Kab. Langkat;Prov. Sumatera Utara
070123  ;Kec. Sunggal;Kab. Deli Serdang;Prov. Sumatera Utara
061703  ;Kec. Blang Pidie;Kab. Aceh Barat Daya;Prov. Aceh
070128  ;Kec. Pantai Labu;Kab. Deli Serdang;Prov. Sumatera Utara
070209  ;Kec. Batang Serangan;Kab. Langkat;Prov. Sumatera Utara
070215  ;Kec. Gebang;Kab. Langkat;Prov. Sumatera Utara
066303  ;Kec. Langsa Kota;Kota Langsa;Prov. Aceh
066203  ;Kec. Banda Sakti;Kota Lhokseumawe;Prov. Aceh
070302  ;Kec. Laubaleng;Kab. Karo;Prov. Sumatera Utara
070203  ;Kec. Sei Bingai;Kab. Langkat;Prov. Sumatera Utara
070305  ;Kec. Munte;Kab. Karo;Prov. Sumatera Utara
070125  ;Kec. Labuhan Deli;Kab. Deli Serdang;Prov. Sumatera Utara
066304  ;Kec. Langsa Lama;Kota Langsa;Prov. Aceh
070129  ;Kec. Beringin;Kab. Deli Serdang;Prov. Sumatera Utara
070210  ;Kec. Sawit Seberang;Kab. Langkat;Prov. Sumatera Utara
070219  ;Kec. Besitang;Kab. Langkat;Prov. Sumatera Utara
070212  ;Kec. Hinai;Kab. Langkat;Prov. Sumatera Utara
070304  ;Kec. Juhar;Kab. Karo;Prov. Sumatera Utara
070205  ;Kec. Selesai;Kab. Langkat;Prov. Sumatera Utara
066204  ;Kec. Muara Satu;Kota Lhokseumawe;Prov. Aceh
070221  ;Kec. Serapit;Kab. Langkat;Prov. Sumatera Utara
070122  ;Kec. Deli Tua;Kab. Deli Serdang;Prov. Sumatera Utara
066305  ;Kec. Langsa Baro;Kota Langsa;Prov. Aceh
066302  ;Kec. Langsa Barat;Kota Langsa;Prov. Aceh
070107  ;Kec. Sibiru-biru;Kab. Deli Serdang;Prov. Sumatera Utara
070216  ;Kec. Sei Lepan;Kab. Langkat;Prov. Sumatera Utara
070120  ;Kec. Tanjung Morawa;Kab. Deli Serdang;Prov. Sumatera Utara
070510  ;Kec. Siempat Nempu Hilir;Kab. Dairi;Prov. Sumatera Utara
070514  ;Kec. Gunung Stember;Kab. Dairi;Prov. Sumatera Utara
070310  ;Kec. Berastagi;Kab. Karo;Prov. Sumatera Utara
070411  ;Kec. Dolok Silau;Kab. Simalungun;Prov. Sumatera Utara
070403  ;Kec. Dolok Pardamean;Kab. Simalungun;Prov. Sumatera Utara
070504  ;Kec. Parbuluan;Kab. Dairi;Prov. Sumatera Utara
070416  ;Kec. Siantar;Kab. Simalungun;Prov. Sumatera Utara
070404  ;Kec. Sidamanik;Kab. Simalungun;Prov. Sumatera Utara
070414  ;Kec. Tapian Dolok;Kab. Simalungun;Prov. Sumatera Utara
070509  ;Kec. Silima Pungga-Pungga;Kab. Dairi;Prov. Sumatera Utara
066404  ;Sultan Daulat;Kab. Sabussalam;Prov. Aceh
070406  ;Kec. Tanah Jawa;Kab. Simalungun;Prov. Sumatera Utara
070516  ;Kec. Sitinjo;Kab. Dairi;Prov. Sumatera Utara
070405  ;Kec. Girsang Simpangan Bolon;Kab. Simalungun;Prov. Sumatera Utara
070427  ;Kec. Hatonduhan;Kab. Simalungun;Prov. Sumatera Utara
070428  ;Kec. Jawa Maraja Bah Jambi;Kab. Simalungun;Prov. Sumatera Utara
070413  ;Kec. Raya Kahean;Kab. Simalungun;Prov. Sumatera Utara
070311  ;Kec. Tiga Panah;Kab. Karo;Prov. Sumatera Utara
070407  ;Kec. Dolok Panribuan;Kab. Simalungun;Prov. Sumatera Utara
070517  ;Silahi Sabungan;Kab. Dairi;Prov. Sumatera Utara
070421  ;Kec. Ujung Padang;Kab. Simalungun;Prov. Sumatera Utara
070604  ;Kec. Sei Kepayang;Kab. Asahan;Prov. Sumatera Utara
070412  ;Kec. Silau Kahean;Kab. Simalungun;Prov. Sumatera Utara
070390  ;Tiganderket;Kab. Karo;Prov. Sumatera Utara
070513  ;Kec. Lae Parira;Kab. Dairi;Prov. Sumatera Utara
066405  ;Longkib;Kab. Sabussalam;Prov. Aceh
070426  ;Kec. Bandar Masilam;Kab. Simalungun;Prov. Sumatera Utara
070515  ;Kec. Berampu;Kab. Dairi;Prov. Sumatera Utara
070312  ;Kec. Merek;Kab. Karo;Prov. Sumatera Utara
070306  ;Kec. Kuta Buluh;Kab. Karo;Prov. Sumatera Utara
070605  ;Kec. Tanjung Balai;Kab. Asahan;Prov. Sumatera Utara
070415  ;Kec. Dolok Batu Nanggar;Kab. Simalungun;Prov. Sumatera Utara
070431  ;Pamatang Silima Huta;Kab. Simalungun;Prov. Sumatera Utara
070309  ;Kec. Kabanjahe;Kab. Karo;Prov. Sumatera Utara
070508  ;Kec. Siempat Nempu;Kab. Dairi;Prov. Sumatera Utara
070425  ;Kec. Bandar Huluan;Kab. Simalungun;Prov. Sumatera Utara
070101  ;Kec. Gunung Meriah;Kab. Deli Serdang;Prov. Sumatera Utara
070417  ;Kec. Hutabayu Raja;Kab. Simalungun;Prov. Sumatera Utara
070506  ;Kec. Pegangan Hilir;Kab. Dairi;Prov. Sumatera Utara
070503  ;Kec. Sidikalang;Kab. Dairi;Prov. Sumatera Utara
070424  ;Kec. Gunung Maligas;Kab. Simalungun;Prov. Sumatera Utara
070419  ;Kec. Bandar;Kab. Simalungun;Prov. Sumatera Utara
070512  ;Kec. Tanah Pinem;Kab. Dairi;Prov. Sumatera Utara
070313  ;Kec. Barus Jahe;Kab. Karo;Prov. Sumatera Utara
070420  ;Kec. Bosar Maligas;Kab. Simalungun;Prov. Sumatera Utara
070408  ;Kec. Jorlang Hataran;Kab. Simalungun;Prov. Sumatera Utara
070409  ;Kec. Pane;Kab. Simalungun;Prov. Sumatera Utara
070422  ;Kec. Panombeian Pane;Kab. Simalungun;Prov. Sumatera Utara
070418  ;Kec. Pematang Bandar;Kab. Simalungun;Prov. Sumatera Utara
070402  ;Kec. Purba;Kab. Simalungun;Prov. Sumatera Utara
070603  ;Kec. Pulau Rakyat;Kab. Asahan;Prov. Sumatera Utara
070511  ;Kec. Tigalingga;Kab. Dairi;Prov. Sumatera Utara
070423  ;Kec. Gunung Malela;Kab. Simalungun;Prov. Sumatera Utara
070308  ;Kec. Simpang Empat;Kab. Karo;Prov. Sumatera Utara
070602  ;Kec. Bandar Pulau;Kab. Asahan;Prov. Sumatera Utara
070307  ;Kec. Payung;Kab. Karo;Prov. Sumatera Utara
070429  ;Kec. Haranggaol Horison;Kab. Simalungun;Prov. Sumatera Utara
070430  ;Kec. Pematang Sidamanik;Kab. Simalungun;Prov. Sumatera Utara
070410  ;Kec. Raya;Kab. Simalungun;Prov. Sumatera Utara
070632  ;Kec. Pulo Bandring;Kab. Asahan;Prov. Sumatera Utara
070628  ;Kec. Teluk Dalam;Kab. Asahan;Prov. Sumatera Utara
070633  ;Kec. Rawang Panca Arga;Kab. Asahan;Prov. Sumatera Utara
070606  ;Kec. Simpang Empat;Kab. Asahan;Prov. Sumatera Utara
070806  ;Kec. Tarutung;Kab. Tapanuli Utara;Prov. Sumatera Utara
070722  ;Kec. Rantau Utara;Kab. Labuhan Batu;Prov. Sumatera Utara
070624  ;Kec. Rahuning;Kab. Asahan;Prov. Sumatera Utara
070608  ;Kec. Buntu Pane;Kab. Asahan;Prov. Sumatera Utara
070315  ;Kec. Naman Teran;Kab. Karo;Prov. Sumatera Utara
070819  ;Kec. Purbatua;Kab. Tapanuli Utara;Prov. Sumatera Utara
070634  ;Kec. Silo Laut;Kab. Asahan;Prov. Sumatera Utara
070808  ;Kec. Pahae Julu;Kab. Tapanuli Utara;Prov. Sumatera Utara
070630  ;Kec. Tinggi Raja;Kab. Asahan;Prov. Sumatera Utara
070715  ;Kec. Panai Tengah;Kab. Labuhan Batu;Prov. Sumatera Utara
070908  ;Kec. Manduamas;Kab. Tapanuli Tengah;Prov. Sumatera Utara
070807  ;Kec. Pahae Jae;Kab. Tapanuli Utara;Prov. Sumatera Utara
070905  ;Kec. Kolang;Kab. Tapanuli Tengah;Prov. Sumatera Utara
070631  ;Kec. Setia Janji;Kab. Asahan;Prov. Sumatera Utara
070910  ;Kec. Sorkam Barat;Kab. Tapanuli Tengah;Prov. Sumatera Utara
070919  ;Kec. Barus Utara;Kab. Tapanuli Tengah;Prov. Sumatera Utara
070812  ;Kec. Siborong-Borong;Kab. Tapanuli Utara;Prov. Sumatera Utara
070609  ;Kec. Meranti;Kab. Asahan;Prov. Sumatera Utara
070716  ;Kec. Panai Hilir;Kab. Labuhan Batu;Prov. Sumatera Utara
070610  ;Kec. Air Joman;Kab. Asahan;Prov. Sumatera Utara
070626  ;Kec. Sei Kepayang Barat;Kab. Asahan;Prov. Sumatera Utara
070629  ;Kec. Sei dadap;Kab. Asahan;Prov. Sumatera Utara
070714  ;Kec. Panai Hulu;Kab. Labuhan Batu;Prov. Sumatera Utara
070627  ;Kec. Sei Kepayang Timur;Kab. Asahan;Prov. Sumatera Utara
070901  ;Kec. Lumut;Kab. Tapanuli Tengah;Prov. Sumatera Utara
070810  ;Kec. Garoga;Kab. Tapanuli Utara;Prov. Sumatera Utara
070906  ;Kec. Sorkam;Kab. Tapanuli Tengah;Prov. Sumatera Utara
070721  ;Kec. Rantau Selatan;Kab. Labuhan Batu;Prov. Sumatera Utara
070918  ;Kec. Sarudik;Kab. Tapanuli Tengah;Prov. Sumatera Utara
070823  ;Kec. Siatas Barita;Kab. Tapanuli Utara;Prov. Sumatera Utara
070916  ;Kec. Pinang Sori;Kab. Tapanuli Tengah;Prov. Sumatera Utara
070915  ;Kec. Tukka;Kab. Tapanuli Tengah;Prov. Sumatera Utara
070907  ;Kec. Barus;Kab. Tapanuli Tengah;Prov. Sumatera Utara
070707  ;Kec. Pangkatan;Kab. Labuhan Batu;Prov. Sumatera Utara
070912  ;Kec. Badiri;Kab. Tapanuli Tengah;Prov. Sumatera Utara
070818  ;Kec. Muara;Kab. Tapanuli Utara;Prov. Sumatera Utara
070902  ;Kec. Sibabangun;Kab. Tapanuli Tengah;Prov. Sumatera Utara
070805  ;Kec. Sipoholon;Kab. Tapanuli Utara;Prov. Sumatera Utara
070909  ;Kec. Sosor Gadong;Kab. Tapanuli Tengah;Prov. Sumatera Utara
070607  ;Kec. Air Batu;Kab. Asahan;Prov. Sumatera Utara
070911  ;Kec. Andam Dewi;Kab. Tapanuli Tengah;Prov. Sumatera Utara
070708  ;Kec. Bilah Barat;Kab. Labuhan Batu;Prov. Sumatera Utara
070822  ;Kec. Simangumban;Kab. Tapanuli Utara;Prov. Sumatera Utara
070317  ;Kec. Dolat Rayat;Kab. Karo;Prov. Sumatera Utara
070713  ;Kec. Bilah Hilir;Kab. Labuhan Batu;Prov. Sumatera Utara
070803  ;Kec. Parmonangan;Kab. Tapanuli Utara;Prov. Sumatera Utara
070811  ;Kec. Sipahutar;Kab. Tapanuli Utara;Prov. Sumatera Utara
070914  ;Kec. Sirandorung;Kab. Tapanuli Tengah;Prov. Sumatera Utara
070917  ;Kec. Sukabangun;Kab. Tapanuli Tengah;Prov. Sumatera Utara
070813  ;Kec. Pagaran;Kab. Tapanuli Utara;Prov. Sumatera Utara
070904  ;Kec. Tapian Nauli;Kab. Tapanuli Tengah;Prov. Sumatera Utara
070316  ;Kec. Merdeka;Kab. Karo;Prov. Sumatera Utara
070804  ;Kec. Adian Koting;Kab. Tapanuli Utara;Prov. Sumatera Utara
070903  ;Kec. Pandan;Kab. Tapanuli Tengah;Prov. Sumatera Utara
070913  ;Kec. Sitahuis;Kab. Tapanuli Tengah;Prov. Sumatera Utara
070625  ;Kec. Aek Ledong;Kab. Asahan;Prov. Sumatera Utara
071123  ;Kec. Ulugawo;Kab. Nias;Prov. Sumatera Utara
071616  ;Kec. Uluan;Kab. Toba Samosir;Prov. Sumatera Utara
071514  ;Kec. Lembah Sorik Merapi;Kab. Mandailing Natal;Prov. Sumatera Utara
071010  ;Kec. Batang Toru;Kab. Tapanuli Selatan;Prov. Sumatera Utara
071603  ;Kec. Balige;Kab. Toba Samosir;Prov. Sumatera Utara
071517  ;Kec. Langga Bayu;Kab. Mandailing Natal;Prov. Sumatera Utara
071032  ;Angkola Selatan;Kab. Tapanuli Selatan;Prov. Sumatera Utara
071624  ;Kec. Parmaksian;Kab. Toba Samosir;Prov. Sumatera Utara
071702  ;Kec. Teluk Dalam;Kab. Nias Selatan;Prov. Sumatera Utara
071508  ;Kec. Siabu;Kab. Mandailing Natal;Prov. Sumatera Utara
071504  ;Kec. Muara Sipongi;Kab. Mandailing Natal;Prov. Sumatera Utara
071027  ;Kec. Aek Bilah;Kab. Tapanuli Selatan;Prov. Sumatera Utara
071029  ;Kec. Muaro Batang Toru;Kab. Tapanuli Selatan;Prov. Sumatera Utara
071607  ;Kec. Porsea;Kab. Toba Samosir;Prov. Sumatera Utara
071034  ;Tantom Angkola;Kab. Tapanuli Selatan;Prov. Sumatera Utara
071506  ;Kec. Natal;Kab. Mandailing Natal;Prov. Sumatera Utara
071706  ;Kec. Lolomatua;Kab. Nias Selatan;Prov. Sumatera Utara
071503  ;Kec. Kotanopan;Kab. Mandailing Natal;Prov. Sumatera Utara
071621  ;Kec. Nassau;Kab. Toba Samosir;Prov. Sumatera Utara
071505  ;Kec. Panyabungan Kota;Kab. Mandailing Natal;Prov. Sumatera Utara
071113  ;Kec. Hiliduho;Kab. Nias;Prov. Sumatera Utara
071705  ;Kec. Gomo;Kab. Nias Selatan;Prov. Sumatera Utara
071033  ;Angkola Timur;Kab. Tapanuli Selatan;Prov. Sumatera Utara
071608  ;Kec. Lumban Julu;Kab. Toba Samosir;Prov. Sumatera Utara
071511  ;Kec. Panyabungan Timur;Kab. Mandailing Natal;Prov. Sumatera Utara
070623  ;Kec. Aek Songsongan;Kab. Asahan;Prov. Sumatera Utara
071516  ;Kec. Tambangan;Kab. Mandailing Natal;Prov. Sumatera Utara
071132  ;Kec. Hili Serangkai;Kab. Nias;Prov. Sumatera Utara
071707  ;Kec. Lolowa`U;Kab. Nias Selatan;Prov. Sumatera Utara
071030  ;Angkola Barat;Kab. Tapanuli Selatan;Prov. Sumatera Utara
071617  ;Kec. Pintu Pohan Meranti;Kab. Toba Samosir;Prov. Sumatera Utara
071502  ;Kec. Batang Natal;Kab. Mandailing Natal;Prov. Sumatera Utara
070920  ;Pasaribu Tobing;Kab. Tapanuli Tengah;Prov. Sumatera Utara
071606  ;Kec. Silaen;Kab. Toba Samosir;Prov. Sumatera Utara
071625  ;Kec. Bonatua Lunasi;Kab. Toba Samosir;Prov. Sumatera Utara
071190  ;Sogaeadu;Kab. Nias;Prov. Sumatera Utara
071133  ;Kec. Botomuzoi;Kab. Nias;Prov. Sumatera Utara
071509  ;Kec. Panyabungan Utara;Kab. Mandailing Natal;Prov. Sumatera Utara
071031  ;Angkola Sangkunur;Kab. Tapanuli Selatan;Prov. Sumatera Utara
071125  ;Kec. Ma U;Kab. Nias;Prov. Sumatera Utara
071106  ;Kec. Idano Gawo;Kab. Nias;Prov. Sumatera Utara
071512  ;Kec. Panyabungan Selatan;Kab. Mandailing Natal;Prov. Sumatera Utara
071510  ;Kec. Panyabungan Barat;Kab. Mandailing Natal;Prov. Sumatera Utara
071507  ;Kec. Muara Batang Gadis;Kab. Mandailing Natal;Prov. Sumatera Utara
071515  ;Kec. Ulu Pungut;Kab. Mandailing Natal;Prov. Sumatera Utara
071622  ;Kec. Sigumpar;Kab. Toba Samosir;Prov. Sumatera Utara
071619  ;Kec. Borbor;Kab. Toba Samosir;Prov. Sumatera Utara
071618  ;Kec. Ajibata;Kab. Toba Samosir;Prov. Sumatera Utara
071604  ;Kec. Lagu Boti;Kab. Toba Samosir;Prov. Sumatera Utara
071107  ;Kec. Gido;Kab. Nias;Prov. Sumatera Utara
071501  ;Kec. Batahan;Kab. Mandailing Natal;Prov. Sumatera Utara
070621  ;Kec. Kisaran Barat;Kab. Asahan;Prov. Sumatera Utara
071623  ;Kec. Siantar Narumonda;Kab. Toba Samosir;Prov. Sumatera Utara
071703  ;Kec. Amandraya;Kab. Nias Selatan;Prov. Sumatera Utara
071001  ;Kec. Batang Angkola;Kab. Tapanuli Selatan;Prov. Sumatera Utara
071704  ;Kec. Lahusa;Kab. Nias Selatan;Prov. Sumatera Utara
071119  ;Kec. Bawalato;Kab. Nias;Prov. Sumatera Utara
071126  ;Kec. Somolo-Molo;Kab. Nias;Prov. Sumatera Utara
071620  ;Kec. Tampahan;Kab. Toba Samosir;Prov. Sumatera Utara
070622  ;Kec. Kisaran Timur;Kab. Asahan;Prov. Sumatera Utara
071605  ;Kec. Habinsaran;Kab. Toba Samosir;Prov. Sumatera Utara
072102  ;Kec. Dolok Masihul;Kab. Serdang Bedagai;Prov. Sumatera Utara
071901  ;Kec. Pakkat;Kab. Humbang Hasudutan;Prov. Sumatera Utara
071908  ;Kec. Bakti Raja;Kab. Humbang Hasudutan;Prov. Sumatera Utara
071902  ;Kec. Onan Ganjang;Kab. Humbang Hasudutan;Prov. Sumatera Utara
071026  ;Kec. Sayur Matinggi;Kab. Tapanuli Selatan;Prov. Sumatera Utara
071904  ;Kec. Dolok Sanggul;Kab. Humbang Hasudutan;Prov. Sumatera Utara
072204  ;Kec. Sei Balai;Kab. Batubara;Prov. Sumatera Utara
071715  ;Kec. Aramo;Kab. Nias Selatan;Prov. Sumatera Utara
072202  ;Kec. Air Putih;Kab. Batubara;Prov. Sumatera Utara
071807  ;Kec. Tinada;Kab. Pak pak Bharat;Prov. Sumatera Utara
071713  ;Kec. Mazino;Kab. Nias Selatan;Prov. Sumatera Utara
071016  ;Kec. Saipar Dolok Hole;Kab. Tapanuli Selatan;Prov. Sumatera Utara
072107  ;Kec. Tanjung Beringin;Kab. Serdang Bedagai;Prov. Sumatera Utara
072205  ;Kec. Sei Suka;Kab. Batubara;Prov. Sumatera Utara
071905  ;Kec. Parlilitan;Kab. Humbang Hasudutan;Prov. Sumatera Utara
072106  ;Kec. Bandar Khalifah;Kab. Serdang Bedagai;Prov. Sumatera Utara
071801  ;Kec. Salak;Kab. Pak pak Bharat;Prov. Sumatera Utara
071710  ;Kec. Maniamolo;Kab. Nias Selatan;Prov. Sumatera Utara
072101  ;Kec. Kotarih;Kab. Serdang Bedagai;Prov. Sumatera Utara
072003  ;Kec. Onan Runggu Timur;Kab. Samosir;Prov. Sumatera Utara
072110  ;Kec. Perbaungan;Kab. Serdang Bedagai;Prov. Sumatera Utara
072112  ;Kec. Silinda;Kab. Serdang Bedagai;Prov. Sumatera Utara
072008  ;Kec. Ronggur Nihuta;Kab. Samosir;Prov. Sumatera Utara
072109  ;Kec. Sei Rampah;Kab. Serdang Bedagai;Prov. Sumatera Utara
071712  ;Kec. Toma;Kab. Nias Selatan;Prov. Sumatera Utara
072007  ;Kec. Nainggolan;Kab. Samosir;Prov. Sumatera Utara
071718  ;Kec. Fanayama;Kab. Nias Selatan;Prov. Sumatera Utara
072004  ;Kec. Palipi;Kab. Samosir;Prov. Sumatera Utara
072206  ;Kec. Talawi;Kab. Batubara;Prov. Sumatera Utara
072115  ;Kec. Tebing Syahbandar;Kab. Serdang Bedagai;Prov. Sumatera Utara
071025  ;Kec. Marancar;Kab. Tapanuli Selatan;Prov. Sumatera Utara
072105  ;Kec. Tebing Tinggi;Kab. Serdang Bedagai;Prov. Sumatera Utara
072116  ;Kec. Sei Bamban;Kab. Serdang Bedagai;Prov. Sumatera Utara
071907  ;Kec. Paranginan;Kab. Humbang Hasudutan;Prov. Sumatera Utara
071906  ;Kec. Pollung;Kab. Humbang Hasudutan;Prov. Sumatera Utara
071899  ;Sitelu Tali Urang Julu;Kab. Pak pak Bharat;Prov. Sumatera Utara
071802  ;Kec. Kerajaan;Kab. Pak pak Bharat;Prov. Sumatera Utara
071805  ;Kec. Pangindar;Kab. Pak pak Bharat;Prov. Sumatera Utara
071910  ;Kec. Tarabintang;Kab. Humbang Hasudutan;Prov. Sumatera Utara
071717  ;Kec. Mazo;Kab. Nias Selatan;Prov. Sumatera Utara
072001  ;Kec. Harian;Kab. Samosir;Prov. Sumatera Utara
072117  ;Kec. Pegajahan;Kab. Serdang Bedagai;Prov. Sumatera Utara
071806  ;Kec. Pergetteng-getteng Sengku;Kab. Pak pak Bharat;Prov. Sumatera Utara
072203  ;Kec. Lima Puluh;Kab. Batubara;Prov. Sumatera Utara
071808  ;Kec. Siempat Rube;Kab. Pak pak Bharat;Prov. Sumatera Utara
071909  ;Kec. Sijamapolang;Kab. Humbang Hasudutan;Prov. Sumatera Utara
071903  ;Kec. Lintong Nihuta;Kab. Humbang Hasudutan;Prov. Sumatera Utara
072108  ;Kec. Teluk Mengkudu;Kab. Serdang Bedagai;Prov. Sumatera Utara
072103  ;Kec. Sipispis;Kab. Serdang Bedagai;Prov. Sumatera Utara
071803  ;Kec. Sitelutali Urang Jehe;Kab. Pak pak Bharat;Prov. Sumatera Utara
072111  ;Kec. Pantai Cermin;Kab. Serdang Bedagai;Prov. Sumatera Utara
072002  ;Kec. Sianjur Mula Mula;Kab. Samosir;Prov. Sumatera Utara
072114  ;Kec. Serbajadi;Kab. Serdang Bedagai;Prov. Sumatera Utara
072104  ;Kec. Dolok Merawan;Kab. Serdang Bedagai;Prov. Sumatera Utara
072113  ;Kec. Bintang Bayu;Kab. Serdang Bedagai;Prov. Sumatera Utara
071711  ;Kec. Hilimegai;Kab. Nias Selatan;Prov. Sumatera Utara
072006  ;Kec. Simanindo;Kab. Samosir;Prov. Sumatera Utara
071714  ;Kec. Umbunasi;Kab. Nias Selatan;Prov. Sumatera Utara
072009  ;Kec. Sitiotio;Kab. Samosir;Prov. Sumatera Utara
072804  ;Kec. Sawo;Kab. Nias Utara;Prov. Sumatera Utara
072811  ;Kec. Lahewa Timur;Kab. Nias Utara;Prov. Sumatera Utara
072803  ;Kec. Sitolu Ori;Kab. Nias Utara;Prov. Sumatera Utara
076003  ;Kec. Medan Amplas;Kota Medan;Prov. Sumatera Utara
076014  ;Kec. Medan Barat;Kota Medan;Prov. Sumatera Utara
072507  ;Kec. Kualuh Leidong;Kab. Labuhan Batu Utara;Prov. Sumatera Utara
072603  ;Kec. Kota Pinang;Kab. Labuhan Batu Selatan;Prov. Sumatera Utara
072702  ;Kec. Sirombu;Kab. Nias Barat;Prov. Sumatera Utara
072404  ;Kec. Batang Lubu Sutam.;Kab. Padang Lawas;Prov. Sumatera Utara
072502  ;Kec. Aek Natas;Kab. Labuhan Batu Utara;Prov. Sumatera Utara
072401  ;Kec. Barumun;Kab. Padang Lawas;Prov. Sumatera Utara
076009  ;Kec. Medan Baru;Kota Medan;Prov. Sumatera Utara
076016  ;Kec. Medan Perjuangan;Kota Medan;Prov. Sumatera Utara
072806  ;Kec. Namohalu Esiwa;Kab. Nias Utara;Prov. Sumatera Utara
072501  ;Kec. Na IX-X;Kab. Labuhan Batu Utara;Prov. Sumatera Utara
072407  ;Kec. Huristak;Kab. Padang Lawas;Prov. Sumatera Utara
072805  ;Kec. Alasa;Kab. Nias Utara;Prov. Sumatera Utara
076015  ;Kec. Medan Timur;Kota Medan;Prov. Sumatera Utara
072304  ;Kec. Dolok Sxigompulon;Kab. Padang Lawas utara;Prov. Sumatera Utara
072706  ;Kec. Moro O;Kab. Nias Barat;Prov. Sumatera Utara
072503  ;Kec. Aek Kuo;Kab. Labuhan Batu Utara;Prov. Sumatera Utara
072504  ;Kec. Kualuh Hilir;Kab. Labuhan Batu Utara;Prov. Sumatera Utara
072809  ;Kec. Lahewa;Kab. Nias Utara;Prov. Sumatera Utara
072705  ;Kec. Mandrehe Barat;Kab. Nias Barat;Prov. Sumatera Utara
072410  ;Kec. Barumun Selatan;Kab. Padang Lawas;Prov. Sumatera Utara
072810  ;Kec. Afulu;Kab. Nias Utara;Prov. Sumatera Utara
072402  ;Kec. Sosa;Kab. Padang Lawas;Prov. Sumatera Utara
072408  ;Kec. Ulu Barumun;Kab. Padang Lawas;Prov. Sumatera Utara
076008  ;Kec. Medan Polonia;Kota Medan;Prov. Sumatera Utara
072305  ;Kec. Portibi;Kab. Padang Lawas utara;Prov. Sumatera Utara
072506  ;Kec. Kualuh Hulu;Kab. Labuhan Batu Utara;Prov. Sumatera Utara
072403  ;Kec. Barumun Tengah;Kab. Padang Lawas;Prov. Sumatera Utara
072405  ;Kec. Huta Raja Tinggi;Kab. Padang Lawas;Prov. Sumatera Utara
072708  ;Kec. Ulo Moro O;Kab. Nias Barat;Prov. Sumatera Utara
072605  ;Kec. Kampung Rakyat;Kab. Labuhan Batu Selatan;Prov. Sumatera Utara
072406  ;Kec. Lubuk Barumun;Kab. Padang Lawas;Prov. Sumatera Utara
076006  ;Kec. Medan Kota;Kota Medan;Prov. Sumatera Utara
072390  ;Hulu Sihapas;Kab. Padang Lawas utara;Prov. Sumatera Utara
072307  ;Kec. Batang Onang;Kab. Padang Lawas utara;Prov. Sumatera Utara
072807  ;Kec. Alasa Talu Muzoi;Kab. Nias Utara;Prov. Sumatera Utara
072704  ;Kec. Mandrehe;Kab. Nias Barat;Prov. Sumatera Utara
072802  ;Kec. Lotu;Kab. Nias Utara;Prov. Sumatera Utara
072604  ;Kec. Silangkitang;Kab. Labuhan Batu Selatan;Prov. Sumatera Utara
072703  ;Kec. Lahomi;Kab. Nias Barat;Prov. Sumatera Utara
076007  ;Kec. Medan Maimun;Kota Medan;Prov. Sumatera Utara
072409  ;Kec. Sosopan;Kab. Padang Lawas;Prov. Sumatera Utara
076002  ;Kec. Medan Johor;Kota Medan;Prov. Sumatera Utara
072601  ;Kec. Sungai Kanan;Kab. Labuhan Batu Selatan;Prov. Sumatera Utara
072306  ;Kec. Simangambat;Kab. Padang Lawas utara;Prov. Sumatera Utara
072308  ;Kec. Dolok;Kab. Padang Lawas utara;Prov. Sumatera Utara
072302  ;Kec. Padang Bolak;Kab. Padang Lawas utara;Prov. Sumatera Utara
072303  ;Kec. Halongonan;Kab. Padang Lawas utara;Prov. Sumatera Utara
072801  ;Kec. Tuhemberua;Kab. Nias Utara;Prov. Sumatera Utara
072602  ;Kec. Torgamba;Kab. Labuhan Batu Selatan;Prov. Sumatera Utara
072505  ;Kec. Kualuh Selatan;Kab. Labuhan Batu Utara;Prov. Sumatera Utara
072508  ;Kec. Marbau;Kab. Labuhan Batu Utara;Prov. Sumatera Utara
072808  ;Kec. Tugala Oyo;Kab. Nias Utara;Prov. Sumatera Utara
076005  ;Kec. Medan Area;Kota Medan;Prov. Sumatera Utara
072411  ;Kec. Aek Nabara Barumun;Kab. Padang Lawas;Prov. Sumatera Utara
076004  ;Kec. Medan Denai;Kota Medan;Prov. Sumatera Utara
076017  ;Kec. Medan Tembung;Kota Medan;Prov. Sumatera Utara
076405  ;Kec. Teluk Nibung;Kota Tanjung Balai;Prov. Sumatera Utara
076306  ;Kec. Siantar Martoba;Kota Pematang Siantar;Prov. Sumatera Utara
076301  ;Kec. Siantar Marihat;Kota Pematang Siantar;Prov. Sumatera Utara
080119  ;Ampek Nagari;Kab. Agam;Prov. Sumatera Barat
076303  ;Kec. Siantar Barat;Kota Pematang Siantar;Prov. Sumatera Utara
076406  ;Kec. Datuk Bandar Timur;Kota Tanjung Balai;Prov. Sumatera Utara
076013  ;Kec. Medan Petisah;Kota Medan;Prov. Sumatera Utara
080103  ;Kec. Tanjung Raya;Kab. Agam;Prov. Sumatera Barat
076702  ;Kec. Gunung Sitoli   Alo Oa;Kota Gunung Sitoli;Prov. Sumatera Utara
076604  ;Kec. Padang Sidimpuan Hutaimba;Kota Padang Sidempuan;Prov. Sumatera Utara
076201  ;Kec. Padang Hulu;Kota Tebing Tinggi;Prov. Sumatera Utara
076205  ;Kec. Tebing Tinggi Kota;Kota Tebing Tinggi;Prov. Sumatera Utara
080109  ;Kec. Tilatang Kamang;Kab. Agam;Prov. Sumatera Barat
080117  ;Kec. Ampek Angkek;Kab. Agam;Prov. Sumatera Barat
076021  ;Kec. Medan Kota Belawan;Kota Medan;Prov. Sumatera Utara
076705  ;Kec. Gunung Sitoli Barat;Kota Gunung Sitoli;Prov. Sumatera Utara
076305  ;Kec. Siantar Timur;Kota Pematang Siantar;Prov. Sumatera Utara
076703  ;Kec. Gunung Sitoli;Kota Gunung Sitoli;Prov. Sumatera Utara
076308  ;Kec. Siantar Sitalasari;Kota Pematang Siantar;Prov. Sumatera Utara
076203  ;Kec. Padang Hilir;Kota Tebing Tinggi;Prov. Sumatera Utara
076502  ;Kec. Sibolga Kota;Kota Sibolga;Prov. Sumatera Utara
076701  ;Kec. Gunung Sitoli Idanoi;Kota Gunung Sitoli;Prov. Sumatera Utara
076601  ;Kec. Padang Sidimpuan Selatan;Kota Padang Sidempuan;Prov. Sumatera Utara
080105  ;Kec. IV Koto;Kab. Agam;Prov. Sumatera Barat
076706  ;Kec. Gunung Sitoli Utara;Kota Gunung Sitoli;Prov. Sumatera Utara
076503  ;Kec. Sibolga Selatan;Kota Sibolga;Prov. Sumatera Utara
076605  ;Kec. Padang Sidimpuan Tenggara;Kota Padang Sidempuan;Prov. Sumatera Utara
076018  ;Kec. Medan Deli;Kota Medan;Prov. Sumatera Utara
080101  ;Kec. Tanjung Mutiara;Kab. Agam;Prov. Sumatera Barat
076302  ;Kec. Siantar Selatan;Kota Pematang Siantar;Prov. Sumatera Utara
076403  ;Kec. Tanjung Balai Utara;Kota Tanjung Balai;Prov. Sumatera Utara
076402  ;Kec. Tanjung Balai Selatan;Kota Tanjung Balai;Prov. Sumatera Utara
076101  ;Kec. Binjai Selatan;Kota Binjai;Prov. Sumatera Utara
080108  ;Kec. Baso;Kab. Agam;Prov. Sumatera Barat
076105  ;Kec. Binjai Barat;Kota Binjai;Prov. Sumatera Utara
076020  ;Kec. Medan Marelan;Kota Medan;Prov. Sumatera Utara
076603  ;Kec. Padang Sidimpuan Batu Nad;Kota Padang Sidempuan;Prov. Sumatera Utara
080104  ;Kec. Matur;Kab. Agam;Prov. Sumatera Barat
080118  ;Kec. Malalak;Kab. Agam;Prov. Sumatera Barat
076307  ;Kec. Siantar Marimbun;Kota Pematang Siantar;Prov. Sumatera Utara
076602  ;Kec. Padang Sidimpuan Utara;Kota Padang Sidempuan;Prov. Sumatera Utara
076103  ;Kec. Binjai Timur;Kota Binjai;Prov. Sumatera Utara
080207  ;Kec. Bonjol;Kab. Pasaman;Prov. Sumatera Barat
080210  ;Kec. II Koto;Kab. Pasaman;Prov. Sumatera Barat
080102  ;Kec. Lubuk Basung;Kab. Agam;Prov. Sumatera Barat
080208  ;Kec. Lubuk Sikaping;Kab. Pasaman;Prov. Sumatera Barat
076304  ;Kec. Siantar Utara;Kota Pematang Siantar;Prov. Sumatera Utara
076501  ;Kec. Sibolga Utara;Kota Sibolga;Prov. Sumatera Utara
076204  ;Kec. Bajenis;Kota Tebing Tinggi;Prov. Sumatera Utara
076019  ;Kec. Medan Labuhan;Kota Medan;Prov. Sumatera Utara
076704  ;Kec. Gunung Sitoli Selatan;Kota Gunung Sitoli;Prov. Sumatera Utara
076104  ;Kec. Binjai Utara;Kota Binjai;Prov. Sumatera Utara
076404  ;Kec. S. Tualang Raso;Kota Tanjung Balai;Prov. Sumatera Utara
076102  ;Kec. Binjai Kota;Kota Binjai;Prov. Sumatera Utara
080110  ;Kec. Palembayan;Kab. Agam;Prov. Sumatera Barat
076504  ;Kec. Sibolga Sambas;Kota Sibolga;Prov. Sumatera Utara
076202  ;Kec. Rambutan;Kota Tebing Tinggi;Prov. Sumatera Utara
080509  ;Kec. Sungai Geringging;Kab. Padang Pariaman;Prov. Sumatera Barat
080608  ;Kec. Batang Kapas;Kab. Pesisir Selatan;Prov. Sumatera Barat
080418  ;Kec. Danau Kembar;Kab. Solok;Prov. Sumatera Barat
080606  ;Kec. Lengayang;Kab. Pesisir Selatan;Prov. Sumatera Barat
080304  ;Kec. Guguak;Kab. Lima Puluh Koto;Prov. Sumatera Barat
080501  ;Kec. Batang Anai;Kab. Padang Pariaman;Prov. Sumatera Barat
080504  ;Kec. Nan Sabaris;Kab. Padang Pariaman;Prov. Sumatera Barat
080605  ;Kec. Ranah Pesisir;Kab. Pesisir Selatan;Prov. Sumatera Barat
080306  ;Kec. Gunuang Omeh;Kab. Lima Puluh Koto;Prov. Sumatera Barat
080308  ;Kec. Pangkalan Koto Baru;Kab. Lima Puluh Koto;Prov. Sumatera Barat
080219  ;Kec. Rao Selatan;Kab. Pasaman;Prov. Sumatera Barat
080503  ;Kec. Ulakan Tapakis;Kab. Padang Pariaman;Prov. Sumatera Barat
080409  ;Kec. Bukit Sundi;Kab. Solok;Prov. Sumatera Barat
080516  ;Kec. Padang Sago;Kab. Padang Pariaman;Prov. Sumatera Barat
080115  ;Kec. Kamang Magek;Kab. Agam;Prov. Sumatera Barat
080301  ;Kec. Payakumbuh;Kab. Lima Puluh Koto;Prov. Sumatera Barat
080513  ;Kec. Batang Gasan;Kab. Padang Pariaman;Prov. Sumatera Barat
080215  ;Kec. Mapat Tunggul Selatan;Kab. Pasaman;Prov. Sumatera Barat
080416  ;Kec. Hiliran Gumanti;Kab. Solok;Prov. Sumatera Barat
080410  ;Kec. Kubung;Kab. Solok;Prov. Sumatera Barat
080610  ;Kec. Bayang;Kab. Pesisir Selatan;Prov. Sumatera Barat
080312  ;Kec. Situjuah Limo Nagari;Kab. Lima Puluh Koto;Prov. Sumatera Barat
080311  ;Kec. Akabiluru;Kab. Lima Puluh Koto;Prov. Sumatera Barat
080212  ;Kec. III Nagari;Kab. Pasaman;Prov. Sumatera Barat
080309  ;Kec. Bukkt Barisan;Kab. Lima Puluh Koto;Prov. Sumatera Barat
080404  ;Kec. Pantai Cermin;Kab. Solok;Prov. Sumatera Barat
080611  ;Kec. Koto XI Terusan;Kab. Pesisir Selatan;Prov. Sumatera Barat
080218  ;Kec. Rao Utara;Kab. Pasaman;Prov. Sumatera Barat
080607  ;Kec. Sutera;Kab. Pesisir Selatan;Prov. Sumatera Barat
080517  ;Kec. 2 x 11 Kayu Tanam;Kab. Padang Pariaman;Prov. Sumatera Barat
080510  ;Kec. IV Koto Aur Malintang;Kab. Padang Pariaman;Prov. Sumatera Barat
080217  ;Kec. Padang Gelugur;Kab. Pasaman;Prov. Sumatera Barat
080214  ;Kec. Mapat Tunggul;Kab. Pasaman;Prov. Sumatera Barat
080411  ;Kec. IX Koto Sungai Lasi;Kab. Solok;Prov. Sumatera Barat
080313  ;Kec. Lareh Sago Halaban;Kab. Lima Puluh Koto;Prov. Sumatera Barat
080502  ;Kec. Lubuk Alung;Kab. Padang Pariaman;Prov. Sumatera Barat
080116  ;Kec. Banuhampu;Kab. Agam;Prov. Sumatera Barat
080307  ;Kec. Kapur IX;Kab. Lima Puluh Koto;Prov. Sumatera Barat
080408  ;Kec. Gunung Talang;Kab. Solok;Prov. Sumatera Barat
080413  ;Kec. X Koto Singkarak;Kab. Solok;Prov. Sumatera Barat
080407  ;Kec. Lembang Jaya;Kab. Solok;Prov. Sumatera Barat
080507  ;Kec. V Koto Kampung Dalam;Kab. Padang Pariaman;Prov. Sumatera Barat
080508  ;Kec. Sungai Limau;Kab. Padang Pariaman;Prov. Sumatera Barat
080305  ;Kec. Suliki;Kab. Lima Puluh Koto;Prov. Sumatera Barat
080412  ;Kec. X Koto Diatas;Kab. Solok;Prov. Sumatera Barat
080211  ;Kec. Panti;Kab. Pasaman;Prov. Sumatera Barat
080303  ;Kec. Harau;Kab. Lima Puluh Koto;Prov. Sumatera Barat
080406  ;Kec. Payung Sekaki;Kab. Solok;Prov. Sumatera Barat
080514  ;Kec. V Koto Timur;Kab. Padang Pariaman;Prov. Sumatera Barat
080213  ;Kec. Rao;Kab. Pasaman;Prov. Sumatera Barat
080302  ;Kec. Luak;Kab. Lima Puluh Koto;Prov. Sumatera Barat
080515  ;Kec. Patamuan;Kab. Padang Pariaman;Prov. Sumatera Barat
080114  ;Kec. Candung;Kab. Agam;Prov. Sumatera Barat
080609  ;Kec. IV Jurai;Kab. Pesisir Selatan;Prov. Sumatera Barat
080216  ;Kec. Simpang Alahan Mati;Kab. Pasaman;Prov. Sumatera Barat
080310  ;Kec. Mungka;Kab. Lima Puluh Koto;Prov. Sumatera Barat
080414  ;Kec. Junjung Sirih;Kab. Solok;Prov. Sumatera Barat
080506  ;Kec. VII Koto Sungai Sarik;Kab. Padang Pariaman;Prov. Sumatera Barat
080505  ;Kec. 2 x 11 VI Lingkung;Kab. Padang Pariaman;Prov. Sumatera Barat
080417  ;Kec. Tigo Lurah;Kab. Solok;Prov. Sumatera Barat
081008  ;Kec. Sipora Utara;Kab. Kepulauan Mentawai;Prov. Sumatera Barat
080711  ;Kec. Salimpaung;Kab. Tanah Datar;Prov. Sumatera Barat
081003  ;Kec. Siberut Selatan;Kab. Kepulauan Mentawai;Prov. Sumatera Barat
081201  ;Kec. Sungai Rumbai;Kab. Dharmas Raya;Prov. Sumatera Barat
081206  ;Kec. Timpeh;Kab. Dharmas Raya;Prov. Sumatera Barat
081311  ;Kec. Sungai Aur;Kab. Pasaman Barat;Prov. Sumatera Barat
081004  ;Kec. Siberut Utara;Kab. Kepulauan Mentawai;Prov. Sumatera Barat
080706  ;Kec. Tanjung Mas;Kab. Tanah Datar;Prov. Sumatera Barat
081308  ;Kec. Koto Balingka;Kab. Pasaman Barat;Prov. Sumatera Barat
081106  ;Kec. Pauah Duo;Kab. Solok Selatan;Prov. Sumatera Barat
081305  ;Kec. Pasaman;Kab. Pasaman Barat;Prov. Sumatera Barat
081202  ;Kec. Koto Baru;Kab. Dharmas Raya;Prov. Sumatera Barat
081105  ;Kec. Sangir Batanghari;Kab. Solok Selatan;Prov. Sumatera Barat
080603  ;Kec. Pancung Soal;Kab. Pesisir Selatan;Prov. Sumatera Barat
081103  ;Kec. Koto Parik Gadang Diateh;Kab. Solok Selatan;Prov. Sumatera Barat
081107  ;Kec. Sangir Balai Janggo;Kab. Solok Selatan;Prov. Sumatera Barat
080703  ;Kec. Pariangan;Kab. Tanah Datar;Prov. Sumatera Barat
081204  ;Kec. Pulau Punjung;Kab. Dharmas Raya;Prov. Sumatera Barat
080612  ;Kec. IV Bayang Utara;Kab. Pesisir Selatan;Prov. Sumatera Barat
081207  ;Kec. Koto Salak;Kab. Dharmas Raya;Prov. Sumatera Barat
081309  ;Kec. Luhak Nan Duo;Kab. Pasaman Barat;Prov. Sumatera Barat
081310  ;Kec. Sasak Ranah Pesisir;Kab. Pasaman Barat;Prov. Sumatera Barat
080713  ;Kec. Lintau Buo Utara;Kab. Tanah Datar;Prov. Sumatera Barat
081102  ;Kec. Sungai Pagu;Kab. Solok Selatan;Prov. Sumatera Barat
081208  ;Kec. Tiumang;Kab. Dharmas Raya;Prov. Sumatera Barat
080807  ;Kec. Sijunjung;Kab. Sawahlunto/ Sijunjung;Prov. Sumatera Barat
081104  ;Kec. Sangir Jujuhan;Kab. Solok Selatan;Prov. Sumatera Barat
080708  ;Kec. Lintau Buo;Kab. Tanah Datar;Prov. Sumatera Barat
080602  ;Kec. Basa IV Balai Tapan;Kab. Pesisir Selatan;Prov. Sumatera Barat
081304  ;Kec. Gunung Tuleh;Kab. Pasaman Barat;Prov. Sumatera Barat
080809  ;Kec. Kupitan;Kab. Sawahlunto/ Sijunjung;Prov. Sumatera Barat
081203  ;Kec. Sitiung;Kab. Dharmas Raya;Prov. Sumatera Barat
081002  ;Kec. Sipora Selatan;Kab. Kepulauan Mentawai;Prov. Sumatera Barat
080701  ;Kec. Sepuluh Koto;Kab. Tanah Datar;Prov. Sumatera Barat
081010  ;Kec. Pagai Selatan;Kab. Kepulauan Mentawai;Prov. Sumatera Barat
080704  ;Kec. Rambatan;Kab. Tanah Datar;Prov. Sumatera Barat
080710  ;Kec. Sungai Tarab;Kab. Tanah Datar;Prov. Sumatera Barat
081306  ;Kec. Kinali;Kab. Pasaman Barat;Prov. Sumatera Barat
081006  ;Kec. Siberut Barat Daya;Kab. Kepulauan Mentawai;Prov. Sumatera Barat
081001  ;Kec. Pagai Utara;Kab. Kepulauan Mentawai;Prov. Sumatera Barat
080601  ;Kec. Lunang Silaut;Kab. Pesisir Selatan;Prov. Sumatera Barat
080712  ;Kec. Batipuh Selatan;Kab. Tanah Datar;Prov. Sumatera Barat
081009  ;Kec. Sikakap;Kab. Kepulauan Mentawai;Prov. Sumatera Barat
080810  ;Kec. Koto Tujuh;Kab. Sawahlunto/ Sijunjung;Prov. Sumatera Barat
080707  ;Kec. Padang Ganting;Kab. Tanah Datar;Prov. Sumatera Barat
081101  ;Kec. Sangir;Kab. Solok Selatan;Prov. Sumatera Barat
081307  ;Kec. Talamau;Kab. Pasaman Barat;Prov. Sumatera Barat
081303  ;Kec. Lembah Melintang;Kab. Pasaman Barat;Prov. Sumatera Barat
080714  ;Kec. Tanjung Baru;Kab. Tanah Datar;Prov. Sumatera Barat
080808  ;Kec. IV Nagari;Kab. Sawahlunto/ Sijunjung;Prov. Sumatera Barat
080702  ;Kec. Batipuh;Kab. Tanah Datar;Prov. Sumatera Barat
081007  ;Kec. Siberut Tengah;Kab. Kepulauan Mentawai;Prov. Sumatera Barat
080709  ;Kec. Sungayang;Kab. Tanah Datar;Prov. Sumatera Barat
086001  ;Kec. Guguk Panjang;Kota Bukittinggi;Prov. Sumatera Barat
081005  ;Kec. Siberut Barat;Kab. Kepulauan Mentawai;Prov. Sumatera Barat
080812  ;Kec. Lubuk Tarok;Kab. Sawahlunto/ Sijunjung;Prov. Sumatera Barat
081302  ;Kec. Ranah Batahan;Kab. Pasaman Barat;Prov. Sumatera Barat
080705  ;Kec. Lima Kaum;Kab. Tanah Datar;Prov. Sumatera Barat
081205  ;Kec. Sembilan Koto;Kab. Dharmas Raya;Prov. Sumatera Barat
090106  ;Kec. Bangkinang Barat;Kab. Kampar;Prov. Riau
090112  ;Kec. Tapung Hilir;Kab. Kampar;Prov. Riau
090206  ;Kec. Bantan;Kab. Bengkalis;Prov. Riau
086601  ;Kec. Pariaman Selatan;Kota Pariaman;Prov. Sumatera Barat
090201  ;Kec. Mandau;Kab. Bengkalis;Prov. Riau
086602  ;Kec. Pariaman Tengah;Kota Pariaman;Prov. Sumatera Barat
081210  ;Kec. Asam Jujuhan;Kab. Dharmas Raya;Prov. Sumatera Barat
086101  ;Kec. Bungus Teluk Kabung;Kota Padang;Prov. Sumatera Barat
090404  ;Kec. Seberida;Kab. Indragiri Hulu;Prov. Riau
090108  ;Kec. Tapung;Kab. Kampar;Prov. Riau
086103  ;Kec. Lubuk Begalung;Kota Padang;Prov. Sumatera Barat
090213  ;Kec. Pinggir;Kab. Bengkalis;Prov. Riau
090405  ;Kec. Rengat;Kab. Indragiri Hulu;Prov. Riau
086102  ;Kec. Lubuk Kilangan;Kota Padang;Prov. Sumatera Barat
086106  ;Kec. Padang Barat;Kota Padang;Prov. Sumatera Barat
086603  ;Kec. Pariaman Utara;Kota Pariaman;Prov. Sumatera Barat
090104  ;Kec. Tambang;Kab. Kampar;Prov. Riau
090207  ;Kec. Bukit Batu;Kab. Bengkalis;Prov. Riau
090208  ;Kec. Rupat;Kab. Bengkalis;Prov. Riau
090110  ;Kec. Kampar Kiri Hilir;Kab. Kampar;Prov. Riau
086003  ;Kec. Aur Birugo Tigo Baleh;Kota Bukittinggi;Prov. Sumatera Barat
086502  ;Kec. Payakumbuh Timur;Kota Payakumbuh;Prov. Sumatera Barat
086505  ;Kec. Payakumbuh Selatan;Kota Payakumbuh;Prov. Sumatera Barat
090102  ;Kec. Kampar Kiri;Kab. Kampar;Prov. Riau
090401  ;Kec. Peranap;Kab. Indragiri Hulu;Prov. Riau
086304  ;Kec. Talawi;Kota Sawah Lunto;Prov. Sumatera Barat
086108  ;Kec. Nanggalo;Kota Padang;Prov. Sumatera Barat
090403  ;Kec. Kelayang;Kab. Indragiri Hulu;Prov. Riau
090103  ;Kec. Kampar;Kab. Kampar;Prov. Riau
090402  ;Kec. Pasir Penyu;Kab. Indragiri Hulu;Prov. Riau
086202  ;Kec. Padang Panjang Timur;Kota Padang Panjang;Prov. Sumatera Barat
086002  ;Kec. Mandiangin Koto Selayan;Kota Bukittinggi;Prov. Sumatera Barat
090116  ;Kec. Bangkinang Seberang;Kab. Kampar;Prov. Riau
090107  ;Kec. Siak Hulu;Kab. Kampar;Prov. Riau
090109  ;Kec. Kampar Kiri Hulu;Kab. Kampar;Prov. Riau
090190  ;Koto Kampar Hulu;Kab. Kampar;Prov. Riau
086105  ;Kec. Padang Timur;Kota Padang;Prov. Sumatera Barat
090111  ;Kec. Tapung Hulu;Kab. Kampar;Prov. Riau
081301  ;Kec. Sungai Beremas;Kab. Pasaman Barat;Prov. Sumatera Barat
086111  ;Kec. Koto Tangah;Kota Padang;Prov. Sumatera Barat
086303  ;Kec. Barangin;Kota Sawah Lunto;Prov. Sumatera Barat
090205  ;Kec. Bengkalis;Kab. Bengkalis;Prov. Riau
090115  ;Kec. Rumbio Jaya;Kab. Kampar;Prov. Riau
090209  ;Kec. Rupat Utara;Kab. Bengkalis;Prov. Riau
090101  ;Kec. XIII Koto Kampar;Kab. Kampar;Prov. Riau
086302  ;Kec. Lembah Segar;Kota Sawah Lunto;Prov. Sumatera Barat
086504  ;Kec. Lamposi Tigo Nagori;Kota Payakumbuh;Prov. Sumatera Barat
086107  ;Kec. Padang Utara;Kota Padang;Prov. Sumatera Barat
090105  ;Kec. Bangkinang;Kab. Kampar;Prov. Riau
086104  ;Kec. Padang Selatan;Kota Padang;Prov. Sumatera Barat
086109  ;Kec. Kuranji;Kota Padang;Prov. Sumatera Barat
090212  ;Kec. Siak Kecil;Kab. Bengkalis;Prov. Riau
086501  ;Kec. Payakumbuh Barat;Kota Payakumbuh;Prov. Sumatera Barat
086503  ;Kec. Payakumbuh Utara;Kota Payakumbuh;Prov. Sumatera Barat
086110  ;Kec. Pauh;Kota Padang;Prov. Sumatera Barat
081211  ;Kec. Koto Besar;Kab. Dharmas Raya;Prov. Sumatera Barat
086201  ;Kec. Padang Panjang Barat;Kota Padang Panjang;Prov. Sumatera Barat
090114  ;Kec. Salo;Kab. Kampar;Prov. Riau
086604  ;Kec. Pariaman Timur;Kota Pariaman;Prov. Sumatera Barat
090120  ;Kec. Kampar Kiri Tengah;Kab. Kampar;Prov. Riau
090811  ;Kec. Bandar Sei Kijang;Kab. Pelalawan;Prov. Riau
090908  ;Kec. Rambah Hilir;Kab. Rokan Hilir;Prov. Riau
090413  ;Kec. Rakit Kulim;Kab. Indragiri Hulu;Prov. Riau
090410  ;Kec. Batang Peranap;Kab. Indragiri Hulu;Prov. Riau
090912  ;Kec. Kabun;Kab. Rokan Hilir;Prov. Riau
090806  ;Kec. Ukui;Kab. Pelalawan;Prov. Riau
090812  ;Kec. Bandar Petalangan;Kab. Pelalawan;Prov. Riau
090802  ;Kec. Pangkalan Kuras;Kab. Pelalawan;Prov. Riau
090509  ;Kec. Gaung Anak Serka;Kab. Indragiri Hilir;Prov. Riau
090902  ;Kec. Rokan IV Koto;Kab. Rokan Hilir;Prov. Riau
090514  ;Kec. Pelangiran;Kab. Indragiri Hilir;Prov. Riau
090808  ;Kec. Kerumutan;Kab. Pelalawan;Prov. Riau
091003  ;Kec. Tanah Putih;Kab. Siak;Prov. Riau
090810  ;Kec. Teluk Meranti;Kab. Pelalawan;Prov. Riau
090503  ;Kec. Enok;Kab. Indragiri Hilir;Prov. Riau
091002  ;Kec. Bangko;Kab. Siak;Prov. Riau
090414  ;Kec. Kuala Cenaku;Kab. Indragiri Hulu;Prov. Riau
090505  ;Kec. Kuala Indragiri;Kab. Indragiri Hilir;Prov. Riau
090516  ;Kec. Teluk Blengkong;Kab. Indragiri Hilir;Prov. Riau
090510  ;Kec. Gaung;Kab. Indragiri Hilir;Prov. Riau
091006  ;Kec. Pasir Limau Kapas;Kab. Siak;Prov. Riau
090803  ;Kec. Bunut;Kab. Pelalawan;Prov. Riau
090911  ;Kec. Tandun;Kab. Rokan Hilir;Prov. Riau
090910  ;Kec. Bangun Purba;Kab. Rokan Hilir;Prov. Riau
090518  ;Kec. Concong;Kab. Indragiri Hilir;Prov. Riau
090512  ;Kec. Kateman;Kab. Indragiri Hilir;Prov. Riau
090805  ;Kec. Pangkalan Kerinci;Kab. Pelalawan;Prov. Riau
090408  ;Kec. Batang Gansal;Kab. Indragiri Hulu;Prov. Riau
090506  ;Kec. Tembilahan;Kab. Indragiri Hilir;Prov. Riau
090508  ;Kec. Batang Tuaka;Kab. Indragiri Hilir;Prov. Riau
090407  ;Kec. Lirik;Kab. Indragiri Hulu;Prov. Riau
090119  ;Kec. Kampar Utara;Kab. Kampar;Prov. Riau
091005  ;Kec. Bagan Sinembah;Kab. Siak;Prov. Riau
090504  ;Kec. Tanah Merah;Kab. Indragiri Hilir;Prov. Riau
090501  ;Kec. Keritang;Kab. Indragiri Hilir;Prov. Riau
090809  ;Kec. Pelalawan;Kab. Pelalawan;Prov. Riau
090804  ;Kec. Kuala Kampar;Kab. Pelalawan;Prov. Riau
090511  ;Kec. Mandah;Kab. Indragiri Hilir;Prov. Riau
090412  ;Kec. Sei Lala;Kab. Indragiri Hulu;Prov. Riau
090515  ;Kec. Pulau Burung;Kab. Indragiri Hilir;Prov. Riau
090914  ;Kec. Pagaran Tapah Darussalam;Kab. Rokan Hilir;Prov. Riau
090913  ;Kec. Bonai Darussalam;Kab. Rokan Hilir;Prov. Riau
091001  ;Kec. Kubu;Kab. Siak;Prov. Riau
090513  ;Kec. Kemuning;Kab. Indragiri Hilir;Prov. Riau
090411  ;Kec. Lubuk Batu Jaya;Kab. Indragiri Hulu;Prov. Riau
090517  ;Kec. Tembilahan Hulu;Kab. Indragiri Hilir;Prov. Riau
090121  ;Kec. Gunung Sahilan;Kab. Kampar;Prov. Riau
090502  ;Kec. Reteh;Kab. Indragiri Hilir;Prov. Riau
090907  ;Kec. Rambah Samo;Kab. Rokan Hilir;Prov. Riau
090406  ;Kec. Rengat Barat;Kab. Indragiri Hulu;Prov. Riau
091004  ;Kec. Rimba Melintang;Kab. Siak;Prov. Riau
090807  ;Kec. Pangkalan Lesung;Kab. Pelalawan;Prov. Riau
090409  ;Kec. Batang Cenaku;Kab. Indragiri Hulu;Prov. Riau
090519  ;Kec. Kempas;Kab. Indragiri Hilir;Prov. Riau
090917  ;Kec. Kepenuhan Hulu;Kab. Rokan Hilir;Prov. Riau
090801  ;Kec. Langgam;Kab. Pelalawan;Prov. Riau
090909  ;Kec. Tembusai Utara;Kab. Rokan Hilir;Prov. Riau
090916  ;Kec. Pendalian IV Koto;Kab. Rokan Hilir;Prov. Riau
091411  ;Kec. Hulu Kuantan;Kab. Rokan Hulu;Prov. Riau
096204  ;Kec. Medang Kampai;Kota Dumai;Prov. Riau
091412  ;Kec. Gunung Toar;Kab. Rokan Hulu;Prov. Riau
091012  ;Kec. Batu Hampar;Kab. Siak;Prov. Riau
096206  ;Kec. Dumai Kota;Kota Dumai;Prov. Riau
100102  ;Kec. Muara Tembesi;Kab. Batang Hari;Prov. Jambi
091115  ;Mempura;Kab. Kuantan Singingi;Prov. Riau
100105  ;Kec. Pemayung;Kab. Batang Hari;Prov. Jambi
091501  ;Kec. Merbau;Kab. Kepulauan Meranti;Prov. Riau
096010  ;Kec. Marpoyan Damai;Kota Pekanbaru;Prov. Riau
091013  ;Kec. Rantau Kopar;Kab. Siak;Prov. Riau
100101  ;Kec. Mersan;Kab. Batang Hari;Prov. Jambi
100103  ;Kec. Batin XXIV;Kab. Batang Hari;Prov. Jambi
091108  ;Kec. Sungai Mandau;Kab. Kuantan Singingi;Prov. Riau
096009  ;Kec. Tenayan Raya;Kota Pekanbaru;Prov. Riau
096207  ;Kec. Dumai Selatan;Kota Dumai;Prov. Riau
091408  ;Kec. Logas Tanah Darat;Kab. Rokan Hulu;Prov. Riau
091102  ;Kec. Siak;Kab. Kuantan Singingi;Prov. Riau
091405  ;Kec. Kuantan Hilir;Kab. Rokan Hulu;Prov. Riau
096012  ;Kec. Payung Sekaki;Kota Pekanbaru;Prov. Riau
096003  ;Kec. Lima Puluh;Kota Pekanbaru;Prov. Riau
091112  ;Kec. Pusako;Kab. Kuantan Singingi;Prov. Riau
100108  ;Kec. Maro Sebo Ilir;Kab. Batang Hari;Prov. Jambi
091410  ;Kec. Singingi Hilir;Kab. Rokan Hulu;Prov. Riau
096203  ;Kec. Dumai Timur;Kota Dumai;Prov. Riau
091502  ;Kec. Rangsang;Kab. Kepulauan Meranti;Prov. Riau
100104  ;Kec. Muara Bulian;Kab. Batang Hari;Prov. Jambi
091107  ;Kec. Bunga Raya;Kab. Kuantan Singingi;Prov. Riau
091007  ;Kec. Sinaboi;Kab. Siak;Prov. Riau
100106  ;Kec. Maro Sebo Ulu;Kab. Batang Hari;Prov. Jambi
091406  ;Kec. Cerenti;Kab. Rokan Hulu;Prov. Riau
096201  ;Kec. Bukit Kapur;Kota Dumai;Prov. Riau
091407  ;Kec. Pangean;Kab. Rokan Hulu;Prov. Riau
096205  ;Kec. Sungai Sembilan;Kota Dumai;Prov. Riau
091402  ;Kec. Kuantan Tengah;Kab. Rokan Hulu;Prov. Riau
096002  ;Kec. Bukit Raya;Kota Pekanbaru;Prov. Riau
091113  ;Kec. Sabak Auh;Kab. Kuantan Singingi;Prov. Riau
091109  ;Kec. Kandis;Kab. Kuantan Singingi;Prov. Riau
091106  ;Kec. Dayun;Kab. Kuantan Singingi;Prov. Riau
091111  ;Kec. Koto Gasip;Kab. Kuantan Singingi;Prov. Riau
090905  ;Kec. Kepenuhan;Kab. Rokan Hilir;Prov. Riau
091409  ;Kec. Inuman;Kab. Rokan Hulu;Prov. Riau
091101  ;Kec. Minas;Kab. Kuantan Singingi;Prov. Riau
091011  ;Kec. Simpang Kanan;Kab. Siak;Prov. Riau
091110  ;Kec. Lubuk Dalam;Kab. Kuantan Singingi;Prov. Riau
091105  ;Kec. Kerinci Kanan;Kab. Kuantan Singingi;Prov. Riau
091103  ;Kec. Sungai Apit;Kab. Kuantan Singingi;Prov. Riau
091504  ;Kec. Tebing Tinggi;Kab. Kepulauan Meranti;Prov. Riau
100107  ;Kec. Bajubang;Kab. Batang Hari;Prov. Jambi
096202  ;Kec. Dumai Barat;Kota Dumai;Prov. Riau
090906  ;Kec. Kunto Darussalam;Kab. Rokan Hilir;Prov. Riau
096011  ;Kec. Rumbai Pesisir;Kota Pekanbaru;Prov. Riau
091503  ;Kec. Rangsang Barat;Kab. Kepulauan Meranti;Prov. Riau
091104  ;Kec. Tualang;Kab. Kuantan Singingi;Prov. Riau
091403  ;Kec. Benai;Kab. Rokan Hulu;Prov. Riau
096001  ;Kec. Tampan;Kota Pekanbaru;Prov. Riau
091010  ;Kec. Bangko Pusako;Kab. Siak;Prov. Riau
091009  ;Kec. Pujud;Kab. Siak;Prov. Riau
091404  ;Kec. Singingi;Kab. Rokan Hulu;Prov. Riau
100409  ;Kec. Muara Papalik;Kab. Tanjung Jabung Barat;Prov. Jambi
100401  ;Kec. Tungkal Ulu;Kab. Tanjung Jabung Barat;Prov. Jambi
100308  ;Kec. Bathin VIII;Kab. Sarolangun;Prov. Jambi
100211  ;Kec. Muko Muko Batin VII;Kab. Bungo;Prov. Jambi
100602  ;Kec. Tebo Ilir;Kab. Tebo;Prov. Jambi
100299  ;Tanah Sepenggal Lintas;Kab. Bungo;Prov. Jambi
096007  ;Kec. Senapelan;Kota Pekanbaru;Prov. Riau
100507  ;Kec. Air Hangat;Kab. Kerinci;Prov. Jambi
100504  ;Kec. Danau Kerinci;Kab. Kerinci;Prov. Jambi
100203  ;Kec. Jujuhan;Kab. Bungo;Prov. Jambi
100213  ;Kec. Bathin III;Kab. Bungo;Prov. Jambi
100516  ;Kec. Siulak;Kab. Kerinci;Prov. Jambi
100608  ;Kec. Rimbo Ulu;Kab. Tebo;Prov. Jambi
100408  ;Kec. Renah Mendalu;Kab. Tanjung Jabung Barat;Prov. Jambi
100607  ;Kec. Rimbo Ilir;Kab. Tebo;Prov. Jambi
100217  ;Kec. Jujuhan Ilir;Kab. Bungo;Prov. Jambi
100515  ;Kec. Gunung Tujuh;Kab. Kerinci;Prov. Jambi
100505  ;Kec. Sitinjau Laut;Kab. Kerinci;Prov. Jambi
100307  ;Kec. Air Hitam;Kab. Sarolangun;Prov. Jambi
100208  ;Kec. Pelepat Ilir;Kab. Bungo;Prov. Jambi
100403  ;Kec. Tungkal Ilir;Kab. Tanjung Jabung Barat;Prov. Jambi
100303  ;Kec. Sarolangon;Kab. Sarolangun;Prov. Jambi
100604  ;Kec. Tebo Ulu;Kab. Tebo;Prov. Jambi
100301  ;Kec. Batang Asai;Kab. Sarolangun;Prov. Jambi
100406  ;Kec. Batang Asam;Kab. Tanjung Jabung Barat;Prov. Jambi
100306  ;Kec. Mandiangin;Kab. Sarolangun;Prov. Jambi
100410  ;Kec. Senyerang;Kab. Tanjung Jabung Barat;Prov. Jambi
100304  ;Kec. Pelawan;Kab. Sarolangun;Prov. Jambi
100609  ;Kec. Tengah Ilir;Kab. Tebo;Prov. Jambi
100216  ;Kec. Bathin II Pelayang;Kab. Bungo;Prov. Jambi
100310  ;Kec. Cermin Nan Gadang;Kab. Sarolangun;Prov. Jambi
100612  ;Kec. Muara Tabir;Kab. Tebo;Prov. Jambi
100302  ;Kec. Limun;Kab. Sarolangun;Prov. Jambi
100218  ;Kec. Rimbo Tengah;Kab. Bungo;Prov. Jambi
100601  ;Kec. Rimbo Bujang;Kab. Tebo;Prov. Jambi
100309  ;Kec. Singkut;Kab. Sarolangun;Prov. Jambi
100509  ;Kec. Kayu Aro;Kab. Kerinci;Prov. Jambi
100209  ;Kec. Limbur Lubuk Mengkuang;Kab. Bungo;Prov. Jambi
100605  ;Kec. Sumay;Kab. Tebo;Prov. Jambi
100611  ;Kec. VII Koto Ilir;Kab. Tebo;Prov. Jambi
100205  ;Kec. Pasar Muara Bungo;Kab. Bungo;Prov. Jambi
100508  ;Kec. Gunung Kerinci;Kab. Kerinci;Prov. Jambi
100404  ;Kec. Betara;Kab. Tanjung Jabung Barat;Prov. Jambi
100407  ;Kec. Tebing Tinggi;Kab. Tanjung Jabung Barat;Prov. Jambi
096008  ;Kec. Rumbai;Kota Pekanbaru;Prov. Riau
100405  ;Kec. Merlung;Kab. Tanjung Jabung Barat;Prov. Jambi
100204  ;Kec. Rantau Pandan;Kab. Bungo;Prov. Jambi
100603  ;Kec. Tebo Tengah;Kab. Tebo;Prov. Jambi
100503  ;Kec. Keliling Danau;Kab. Kerinci;Prov. Jambi
100402  ;Kec. Pengabuan;Kab. Tanjung Jabung Barat;Prov. Jambi
100606  ;Kec. VII Koto;Kab. Tebo;Prov. Jambi
100210  ;Kec. Bathin II Babeko;Kab. Bungo;Prov. Jambi
100517  ;Kec. Depati Tujuh;Kab. Kerinci;Prov. Jambi
100610  ;Kec. Serai Serumpun;Kab. Tebo;Prov. Jambi
096006  ;Kec. Sukajadi;Kota Pekanbaru;Prov. Riau
100305  ;Kec. Pauh;Kab. Sarolangun;Prov. Jambi
100206  ;Kec. Pelepat;Kab. Bungo;Prov. Jambi
100214  ;Kec. Bathin III Ulu;Kab. Bungo;Prov. Jambi
100511  ;Kec. Air Hangat Timur;Kab. Kerinci;Prov. Jambi
106003  ;Kec. Jelutung;Kota Jambi;Prov. Jambi
106105  ;Kec. Kumun Debai;Kab. Sungai Penuh;Prov. Jambi
100804  ;Kec. Nipah Panjang;Kab. Tanjung Jabung Timur;Prov. Jambi
100916  ;Kec. Tabir Timur;Kab. Merangin;Prov. Jambi
110103  ;Kec. Sungai Keruh;Kab. Musi Banyu Asin;Prov. Sumatera Selatan
100921  ;Kec. Renah Pamenang;Kab. Merangin;Prov. Jambi
106103  ;Kec. Hamparan Rawang;Kab. Sungai Penuh;Prov. Jambi
100903  ;Kec. Pamenang;Kab. Merangin;Prov. Jambi
106005  ;Kec. Telanai Pura;Kota Jambi;Prov. Jambi
100907  ;Kec. Tabir Ulu;Kab. Merangin;Prov. Jambi
100808  ;Kec. Geragai;Kab. Tanjung Jabung Timur;Prov. Jambi
106101  ;Kec. Tanah Kampung;Kab. Sungai Penuh;Prov. Jambi
100904  ;Kec. Muara Siau;Kab. Merangin;Prov. Jambi
100912  ;Kec. Nalo Tantan;Kab. Merangin;Prov. Jambi
100704  ;Kec. Sekernan;Kab. Muaro Jambi;Prov. Jambi
100911  ;Kec. Bangko Barat;Kab. Merangin;Prov. Jambi
100706  ;Kec. Kumpeh;Kab. Muaro Jambi;Prov. Jambi
100909  ;Kec. Lembah Masuarai;Kab. Merangin;Prov. Jambi
100915  ;Kec. Tabir Ilir;Kab. Merangin;Prov. Jambi
100805  ;Kec. Rantau Rasau;Kab. Tanjung Jabung Timur;Prov. Jambi
100703  ;Kec. Kumpeh Ulu;Kab. Muaro Jambi;Prov. Jambi
110101  ;Kec. Sanga Desa;Kab. Musi Banyu Asin;Prov. Sumatera Selatan
100925  ;Kec. Tabir Barat;Kab. Merangin;Prov. Jambi
106006  ;Kec. Danau Teluk;Kota Jambi;Prov. Jambi
110110  ;Kec. Bayung Lencir;Kab. Musi Banyu Asin;Prov. Sumatera Selatan
100807  ;Kec. Mendahara Ulu;Kab. Tanjung Jabung Timur;Prov. Jambi
100811  ;Kec. Kuala Jambi;Kab. Tanjung Jabung Timur;Prov. Jambi
106004  ;Kec. Pasar Jambi;Kota Jambi;Prov. Jambi
106001  ;Kec. Kota Baru;Kota Jambi;Prov. Jambi
100413  ;Kec. Kuala Betara;Kab. Tanjung Jabung Barat;Prov. Jambi
100914  ;Kec. Pamenang Barat;Kab. Merangin;Prov. Jambi
100806  ;Kec. Sadu;Kab. Tanjung Jabung Timur;Prov. Jambi
106002  ;Kec. Jambi Selatan;Kota Jambi;Prov. Jambi
100707  ;Kec. Sungai Bahar;Kab. Muaro Jambi;Prov. Jambi
100803  ;Kec. Dendang;Kab. Tanjung Jabung Timur;Prov. Jambi
100923  ;Kec. Tabir Lintas;Kab. Merangin;Prov. Jambi
110109  ;Kec. Sungai Lilin;Kab. Musi Banyu Asin;Prov. Sumatera Selatan
100901  ;Kec. Jangkat;Kab. Merangin;Prov. Jambi
110102  ;Kec. Babat Toman;Kab. Musi Banyu Asin;Prov. Sumatera Selatan
106007  ;Kec. Pelayangan;Kota Jambi;Prov. Jambi
100890  ;Muara Sabak Timur;Kab. Tanjung Jabung Timur;Prov. Jambi
106008  ;Kec. Jambi Timur;Kota Jambi;Prov. Jambi
100902  ;Kec. Bangko;Kab. Merangin;Prov. Jambi
100924  ;Kec. Margo Tabir;Kab. Merangin;Prov. Jambi
100906  ;Kec. Tabir;Kab. Merangin;Prov. Jambi
100913  ;Kec. Batang Masumai;Kab. Merangin;Prov. Jambi
100905  ;Kec. Sungai Manau;Kab. Merangin;Prov. Jambi
100809  ;Kec. Muara Sabak Barat;Kab. Tanjung Jabung Timur;Prov. Jambi
100705  ;Kec. Maro Sebo;Kab. Muaro Jambi;Prov. Jambi
106104  ;Kec. Pesisir Bukit;Kab. Sungai Penuh;Prov. Jambi
100812  ;Kec. Berbak;Kab. Tanjung Jabung Timur;Prov. Jambi
100702  ;Kec. Mestong;Kab. Muaro Jambi;Prov. Jambi
100802  ;Kec. Mendahara;Kab. Tanjung Jabung Timur;Prov. Jambi
100922  ;Kec. Pamenang Selatan;Kab. Merangin;Prov. Jambi
100701  ;Kec. Jambi Luar Kota;Kab. Muaro Jambi;Prov. Jambi
110111  ;Kec. Lais;Kab. Musi Banyu Asin;Prov. Sumatera Selatan
100910  ;Kec. Tabir Selatan;Kab. Merangin;Prov. Jambi
110104  ;Kec. Sekayu;Kab. Musi Banyu Asin;Prov. Sumatera Selatan
106102  ;Kec. Sungai Penuh;Kab. Sungai Penuh;Prov. Jambi
110119  ;Kec. Lawang Wetan;Kab. Musi Banyu Asin;Prov. Sumatera Selatan
100918  ;Kec. Pangkalan Jambu;Kab. Merangin;Prov. Jambi
110424  ;Kec. Kelekar;Kab. Muara Enim;Prov. Sumatera Selatan
110225  ;Kec. Teluk Gelam;Kab. Ogan Komering Ilir;Prov. Sumatera Selatan
110223  ;Kec. Mesuji Raya;Kab. Ogan Komering Ilir;Prov. Sumatera Selatan
110220  ;Kec. Sungai Menang;Kab. Ogan Komering Ilir;Prov. Sumatera Selatan
110420  ;Kec. Semende Darat Tengah;Kab. Muara Enim;Prov. Sumatera Selatan
110221  ;Kec. Lempuing Jaya;Kab. Ogan Komering Ilir;Prov. Sumatera Selatan
110214  ;Kec. Air Sugihan;Kab. Ogan Komering Ilir;Prov. Sumatera Selatan
110425  ;Kec. Muara Belida;Kab. Muara Enim;Prov. Sumatera Selatan
100919  ;Kec. Sungai Tenang;Kab. Merangin;Prov. Jambi
110120  ;Kec. Babat Supat;Kab. Musi Banyu Asin;Prov. Sumatera Selatan
110412  ;Kec. Ujan Mas;Kab. Muara Enim;Prov. Sumatera Selatan
110216  ;Kec. Cengal;Kab. Ogan Komering Ilir;Prov. Sumatera Selatan
110308  ;Kec. Pengandonan;Kab. Ogan Komering Ulu;Prov. Sumatera Selatan
110504  ;Kec. Kota Agung;Kab. Lahat;Prov. Sumatera Selatan
110201  ;Kec. Lempuing;Kab. Ogan Komering Ilir;Prov. Sumatera Selatan
110419  ;Kec. Semende Darat Ulu;Kab. Muara Enim;Prov. Sumatera Selatan
110203  ;Kec. Tulung Selapan;Kab. Ogan Komering Ilir;Prov. Sumatera Selatan
110213  ;Kec. Pampangan;Kab. Ogan Komering Ilir;Prov. Sumatera Selatan
110309  ;Kec. Peninjauan;Kab. Ogan Komering Ulu;Prov. Sumatera Selatan
110202  ;Kec. Mesuji;Kab. Ogan Komering Ilir;Prov. Sumatera Selatan
110204  ;Kec. Pedamaran;Kab. Ogan Komering Ilir;Prov. Sumatera Selatan
110226  ;Kec. Pangkalan Lapam;Kab. Ogan Komering Ilir;Prov. Sumatera Selatan
110375  ;Kec. Muara Jaya;Kab. Ogan Komering Ulu;Prov. Sumatera Selatan
110317  ;Kec. Lubuk Batang;Kab. Ogan Komering Ulu;Prov. Sumatera Selatan
110112  ;Kec. Batanghari Leko;Kab. Musi Banyu Asin;Prov. Sumatera Selatan
110409  ;Kec. Sungai Rotan;Kab. Muara Enim;Prov. Sumatera Selatan
110407  ;Kec. Gelumbang;Kab. Muara Enim;Prov. Sumatera Selatan
110320  ;Kec. Ulu Ogan;Kab. Ogan Komering Ulu;Prov. Sumatera Selatan
110222  ;Kec. Mesuji Makmur;Kab. Ogan Komering Ilir;Prov. Sumatera Selatan
110206  ;Kec. Kota Ayu Agung;Kab. Ogan Komering Ilir;Prov. Sumatera Selatan
110417  ;Kec. Rambang;Kab. Muara Enim;Prov. Sumatera Selatan
110416  ;Kec. Lubai;Kab. Muara Enim;Prov. Sumatera Selatan
110322  ;Kec. Lengkiti;Kab. Ogan Komering Ulu;Prov. Sumatera Selatan
110405  ;Kec. Gunung Megang;Kab. Muara Enim;Prov. Sumatera Selatan
110118  ;Kec. Tungkal Jaya;Kab. Musi Banyu Asin;Prov. Sumatera Selatan
110410  ;Kec. Lembak;Kab. Muara Enim;Prov. Sumatera Selatan
110404  ;Kec. Muara Enim;Kab. Muara Enim;Prov. Sumatera Selatan
110411  ;Kec. Benakat;Kab. Muara Enim;Prov. Sumatera Selatan
110224  ;Kec. Pedamaran Timur;Kab. Ogan Komering Ilir;Prov. Sumatera Selatan
110117  ;Kec. Lalan;Kab. Musi Banyu Asin;Prov. Sumatera Selatan
110403  ;Kec. Lawang Kidul;Kab. Muara Enim;Prov. Sumatera Selatan
110218  ;Kec. Jejawi;Kab. Ogan Komering Ilir;Prov. Sumatera Selatan
110116  ;Kec. Plakat Tinggi;Kab. Musi Banyu Asin;Prov. Sumatera Selatan
110422  ;Kec. Rambang Dangku;Kab. Muara Enim;Prov. Sumatera Selatan
110205  ;Kec. Tanjung Lubuk;Kab. Ogan Komering Ilir;Prov. Sumatera Selatan
110321  ;Kec. Semidang Aji;Kab. Ogan Komering Ulu;Prov. Sumatera Selatan
110401  ;Kec. Semende Darat Laut;Kab. Muara Enim;Prov. Sumatera Selatan
110212  ;Kec. Sirah Pulau Padang;Kab. Ogan Komering Ilir;Prov. Sumatera Selatan
100920  ;Kec. Tiang Pumpung;Kab. Merangin;Prov. Jambi
110402  ;Kec. Tanjung Agung;Kab. Muara Enim;Prov. Sumatera Selatan
110533  ;Kec. Muara Payang;Kab. Lahat;Prov. Sumatera Selatan
110716  ;Kec. Suak Tapeh;Kab. Banyuasin;Prov. Sumatera Selatan
110705  ;Kec. Makarti Jaya;Kab. Banyuasin;Prov. Sumatera Selatan
110801  ;Kec. Martapura;Kab. Ogan Komering Ulu Timur;Prov. Sumatera Selatan
110506  ;Kec. Jarai;Kab. Lahat;Prov. Sumatera Selatan
110606  ;Kec. Jayaloka;Kab. Musi Rawas;Prov. Sumatera Selatan
110702  ;Kec. Talang Kelapa;Kab. Banyuasin;Prov. Sumatera Selatan
110713  ;Kec. Muara Sugihan;Kab. Banyuasin;Prov. Sumatera Selatan
110707  ;Kec. Banyuasin II;Kab. Banyuasin;Prov. Sumatera Selatan
110807  ;Kec. Belitang II;Kab. Ogan Komering Ulu Timur;Prov. Sumatera Selatan
110608  ;Kec. Muara Lakitan;Kab. Musi Rawas;Prov. Sumatera Selatan
110714  ;Kec. Air Salek;Kab. Banyuasin;Prov. Sumatera Selatan
110519  ;Kec. Kikim Selatan;Kab. Lahat;Prov. Sumatera Selatan
110514  ;Kec. Mulak Ulu;Kab. Lahat;Prov. Sumatera Selatan
110374  ;Kec. Lubuk Raja;Kab. Ogan Komering Ulu;Prov. Sumatera Selatan
110605  ;Kec. Muara Beliti;Kab. Musi Rawas;Prov. Sumatera Selatan
110704  ;Kec. Betung;Kab. Banyuasin;Prov. Sumatera Selatan
110526  ;Kec. Pseksu;Kab. Lahat;Prov. Sumatera Selatan
110712  ;Kec. Tanjung Lago;Kab. Banyuasin;Prov. Sumatera Selatan
110604  ;Kec. Tugu Mulyo;Kab. Musi Rawas;Prov. Sumatera Selatan
110527  ;Kec. Gumay Talang;Kab. Lahat;Prov. Sumatera Selatan
110805  ;Kec. Madang Suku II;Kab. Ogan Komering Ulu Timur;Prov. Sumatera Selatan
110701  ;Kec. Rantau Bayur;Kab. Banyuasin;Prov. Sumatera Selatan
110804  ;Kec. Madang Suku I;Kab. Ogan Komering Ulu Timur;Prov. Sumatera Selatan
110609  ;Kec. Megang Sakti;Kab. Musi Rawas;Prov. Sumatera Selatan
110512  ;Kec. Lahat;Kab. Lahat;Prov. Sumatera Selatan
110505  ;Kec. Pulau Pinang;Kab. Lahat;Prov. Sumatera Selatan
110711  ;Kec. Muara Padang;Kab. Banyuasin;Prov. Sumatera Selatan
110703  ;Kec. Banyuasin III;Kab. Banyuasin;Prov. Sumatera Selatan
110373  ;Kec. Sinar Peninjauan;Kab. Ogan Komering Ulu;Prov. Sumatera Selatan
110522  ;Kec. Tanjung Sakti Pumi;Kab. Lahat;Prov. Sumatera Selatan
110532  ;kec. Tanjung Tebat;Kab. Lahat;Prov. Sumatera Selatan
110524  ;Kec. Merapi Barat;Kab. Lahat;Prov. Sumatera Selatan
110520  ;Kec. Kikim Barat;Kab. Lahat;Prov. Sumatera Selatan
110528  ;Kec. Pagar Gunung;Kab. Lahat;Prov. Sumatera Selatan
110603  ;Kec. STL  Ulu Terawas;Kab. Musi Rawas;Prov. Sumatera Selatan
110607  ;Kec. Muara Kelingi;Kab. Musi Rawas;Prov. Sumatera Selatan
110515  ;Kec. Pajar Bulan;Kab. Lahat;Prov. Sumatera Selatan
110717  ;Kec. Pulau Rimau;Kab. Banyuasin;Prov. Sumatera Selatan
110530  ;Kec. Gumay Ulu;Kab. Lahat;Prov. Sumatera Selatan
110715  ;Kec. Tungkal Ilir;Kab. Banyuasin;Prov. Sumatera Selatan
110802  ;Kec. Buay Madang;Kab. Ogan Komering Ulu Timur;Prov. Sumatera Selatan
110529  ;Kec. Merapi Timur;Kab. Lahat;Prov. Sumatera Selatan
110620  ;Kec. Sumber Harta;Kab. Musi Rawas;Prov. Sumatera Selatan
110615  ;Kec. Bulan Tengah Suku Ulu;Kab. Musi Rawas;Prov. Sumatera Selatan
110709  ;Kec. Rambutan;Kab. Banyuasin;Prov. Sumatera Selatan
110803  ;Kec. Cempaka;Kab. Ogan Komering Ulu Timur;Prov. Sumatera Selatan
110521  ;Kec. Kikim Tengah;Kab. Lahat;Prov. Sumatera Selatan
110622  ;Kec. Suka Karya;Kab. Musi Rawas;Prov. Sumatera Selatan
110710  ;Kec. Muara Telang;Kab. Banyuasin;Prov. Sumatera Selatan
110619  ;Kec. Tiang Pumpung Kepungut;Kab. Musi Rawas;Prov. Sumatera Selatan
110718  ;Kec. Sembawa;Kab. Banyuasin;Prov. Sumatera Selatan
110511  ;Kec. Kikim Timur;Kab. Lahat;Prov. Sumatera Selatan
110621  ;Kec. Tanah Negeri;Kab. Musi Rawas;Prov. Sumatera Selatan
110523  ;Kec. Tanjung Sakti Pumu;Kab. Lahat;Prov. Sumatera Selatan
110706  ;Kec. Banyuasin I;Kab. Banyuasin;Prov. Sumatera Selatan
111003  ;Kec. Tanjung Batu;Kab. Ogan Ilir;Prov. Sumatera Selatan
110816  ;Kec. Jayapura;Kab. Ogan Komering Ulu Timur;Prov. Sumatera Selatan
111009  ;Kec. Payaraman;Kab. Ogan Ilir;Prov. Sumatera Selatan
116003  ;Kec. Seberang Ulu II;Kota Palembang;Prov. Sumatera Selatan
111015  ;Kec. Rantau Panjang;Kab. Ogan Ilir;Prov. Sumatera Selatan
110813  ;Kec. Madang Suku III;Kab. Ogan Komering Ulu Timur;Prov. Sumatera Selatan
111005  ;Kec. Pemulutan;Kab. Ogan Ilir;Prov. Sumatera Selatan
111016  ;Kec. Sungai Pinang;Kab. Ogan Ilir;Prov. Sumatera Selatan
110907  ;Kec. Buay Runjung;Kab. Ogan Komering Ulu Selatan;Prov. Sumatera Selatan
110808  ;Kec. Belitang III;Kab. Ogan Komering Ulu Timur;Prov. Sumatera Selatan
111007  ;Kec. Rambang Kuang;Kab. Ogan Ilir;Prov. Sumatera Selatan
111006  ;Kec. Rantau Alai;Kab. Ogan Ilir;Prov. Sumatera Selatan
110809  ;Kec. Buay Pemuka Peliung;Kab. Ogan Komering Ulu Timur;Prov. Sumatera Selatan
110908  ;Kec. Buay Pemaca;Kab. Ogan Komering Ulu Selatan;Prov. Sumatera Selatan
110918  ;Kec. Tiga Dihaji;Kab. Ogan Komering Ulu Selatan;Prov. Sumatera Selatan
110818  ;Kec. Belitang Madang Raya;Kab. Ogan Komering Ulu Timur;Prov. Sumatera Selatan
111013  ;Kec. Indralaya Selatan;Kab. Ogan Ilir;Prov. Sumatera Selatan
116005  ;Kec. Ilir Timur I;Kota Palembang;Prov. Sumatera Selatan
110903  ;Kec. Muaradua Kisam;Kab. Ogan Komering Ulu Selatan;Prov. Sumatera Selatan
110905  ;Kec. Simpang;Kab. Ogan Komering Ulu Selatan;Prov. Sumatera Selatan
111004  ;Kec. Indralaya;Kab. Ogan Ilir;Prov. Sumatera Selatan
110817  ;Kec. Belitang Jaya;Kab. Ogan Komering Ulu Timur;Prov. Sumatera Selatan
110904  ;Kec. Muaradua;Kab. Ogan Komering Ulu Selatan;Prov. Sumatera Selatan
111010  ;Kec. Kandis;Kab. Ogan Ilir;Prov. Sumatera Selatan
111012  ;Kec. Pemulutan Barat;Kab. Ogan Ilir;Prov. Sumatera Selatan
110815  ;Kec. Semendawai Timur;Kab. Ogan Komering Ulu Timur;Prov. Sumatera Selatan
110811  ;Kec. Bunga Mayang;Kab. Ogan Komering Ulu Timur;Prov. Sumatera Selatan
110612  ;Kec. Selangit;Kab. Musi Rawas;Prov. Sumatera Selatan
111105  ;Kec. Tebing Tinggi;Kab. Empat Lawang;Prov. Sumatera Selatan
111011  ;Kec. Pemulutan Selatan;Kab. Ogan Ilir;Prov. Sumatera Selatan
111102  ;Kec. Muara Pinang;Kab. Empat Lawang;Prov. Sumatera Selatan
111107  ;Kec. Pasemah Air Keruh;Kab. Empat Lawang;Prov. Sumatera Selatan
110902  ;Kec. Pulau Beringin;Kab. Ogan Komering Ulu Selatan;Prov. Sumatera Selatan
110814  ;Kec. Semendawai Barat;Kab. Ogan Komering Ulu Timur;Prov. Sumatera Selatan
110901  ;Kec. Banding Agung;Kab. Ogan Komering Ulu Selatan;Prov. Sumatera Selatan
111008  ;Kec. Lubuk Keliat;Kab. Ogan Ilir;Prov. Sumatera Selatan
110917  ;Kec. Buana Pemaca;Kab. Ogan Komering Ulu Selatan;Prov. Sumatera Selatan
111014  ;Kec. Indralaya Utara;Kab. Ogan Ilir;Prov. Sumatera Selatan
110819  ;Kec. Belitang Mulia;Kab. Ogan Komering Ulu Timur;Prov. Sumatera Selatan
110812  ;Kec. Buay Madang Timur;Kab. Ogan Komering Ulu Timur;Prov. Sumatera Selatan
116004  ;Kec. Ilir Barat I;Kota Palembang;Prov. Sumatera Selatan
116006  ;Kec. Ilir Timur II;Kota Palembang;Prov. Sumatera Selatan
110911  ;Kec. Kisam Ilir;Kab. Ogan Komering Ulu Selatan;Prov. Sumatera Selatan
110919  ;Kec. Buay Rawan;Kab. Ogan Komering Ulu Selatan;Prov. Sumatera Selatan
111101  ;Kec. Lintang Kanan;Kab. Empat Lawang;Prov. Sumatera Selatan
116007  ;Kec. Sako;Kota Palembang;Prov. Sumatera Selatan
110910  ;Kec. Kisam Tinggi;Kab. Ogan Komering Ulu Selatan;Prov. Sumatera Selatan
111001  ;Kec. Tanjung Raja;Kab. Ogan Ilir;Prov. Sumatera Selatan
111103  ;Kec. Pendopo;Kab. Empat Lawang;Prov. Sumatera Selatan
110890  ;Belitang;Kab. Ogan Komering Ulu Timur;Prov. Sumatera Selatan
111002  ;Kec. Muara Kuang;Kab. Ogan Ilir;Prov. Sumatera Selatan
110906  ;Kec. Buay Sandang Aji;Kab. Ogan Komering Ulu Selatan;Prov. Sumatera Selatan
111106  ;Kec. Talang Padang;Kab. Empat Lawang;Prov. Sumatera Selatan
111104  ;Kec. Ulu Musi;Kab. Empat Lawang;Prov. Sumatera Selatan
110820  ;Kec. Buay Pemuka Bangsa Raja;Kab. Ogan Komering Ulu Timur;Prov. Sumatera Selatan
110810  ;Kec. Semendawai Suku III;Kab. Ogan Komering Ulu Timur;Prov. Sumatera Selatan
110912  ;Kec. Buay Pematang Ribu Ranau;Kab. Ogan Komering Ulu Selatan;Prov. Sumatera Selatan
110909  ;Kec. Mekakau Ilir;Kab. Ogan Komering Ulu Selatan;Prov. Sumatera Selatan
120116  ;Kec. Merbau Mataram;Kab. Lampung Selatan;Prov. Lampung
120213  ;Kec. Seputih Surabaya;Kab. Lampung Tengah;Prov. Lampung
120122  ;Kec. Bakauheni;Kab. Lampung Selatan;Prov. Lampung
110914  ;Kec. Runjung Agung;Kab. Ogan Komering Ulu Selatan;Prov. Sumatera Selatan
116202  ;Kec. Lubuk Linggau Timur I;Kota Lubuk Linggau;Prov. Sumatera Selatan
116103  ;Kec. Prabumulih Timur;Kota Prabumulih;Prov. Sumatera Selatan
120211  ;Kec. Seputih Banyak;Kab. Lampung Tengah;Prov. Lampung
120217  ;Kec. Bandar Mataram;Kab. Lampung Tengah;Prov. Lampung
120206  ;Kec. Punggur;Kab. Lampung Tengah;Prov. Lampung
120207  ;Kec. Seputih Raman;Kab. Lampung Tengah;Prov. Lampung
120210  ;Kec. Seputih Mataram;Kab. Lampung Tengah;Prov. Lampung
116107  ;Kec. Prabumulih Utara;Kota Prabumulih;Prov. Sumatera Selatan
116011  ;Kec. Kertapati;Kota Palembang;Prov. Sumatera Selatan
116207  ;Kec. Lubuk Linggau Selatan II;Kota Lubuk Linggau;Prov. Sumatera Selatan
120109  ;Kec. Katibung;Kab. Lampung Selatan;Prov. Lampung
120118  ;Kec. Rajabasa;Kab. Lampung Selatan;Prov. Lampung
120119  ;Kec. Sragi;Kab. Lampung Selatan;Prov. Lampung
120123  ;Kec. Tanjung Sari;Kab. Lampung Selatan;Prov. Lampung
120107  ;Kec. Jati Agung;Kab. Lampung Selatan;Prov. Lampung
116108  ;Kec. Prabumulih Selatan;Kota Prabumulih;Prov. Sumatera Selatan
120201  ;Kec. Padang Ratu;Kab. Lampung Tengah;Prov. Lampung
120202  ;Kec. Kalirejo;Kab. Lampung Tengah;Prov. Lampung
120214  ;Kec. Bumi Ratu Nuban;Kab. Lampung Tengah;Prov. Lampung
120126  ;Kalianda;Kab. Lampung Selatan;Prov. Lampung
120208  ;Kec. Terbanggi Besar;Kab. Lampung Tengah;Prov. Lampung
120203  ;Kec. Bangunrejo;Kab. Lampung Tengah;Prov. Lampung
120218  ;Kec. Sendang Agung;Kab. Lampung Tengah;Prov. Lampung
116105  ;Kec. Cambai;Kota Prabumulih;Prov. Sumatera Selatan
116013  ;Kec. Bukit Kecil;Kota Palembang;Prov. Sumatera Selatan
120205  ;Kec. Trimurjo;Kab. Lampung Tengah;Prov. Lampung
116015  ;Kec. Alang-Alang Lebar;Kota Palembang;Prov. Sumatera Selatan
116012  ;Kec. Gandus;Kota Palembang;Prov. Sumatera Selatan
120125  ;Kec. Way Panji;Kab. Lampung Selatan;Prov. Lampung
120219  ;Kec. Anak Tuha;Kab. Lampung Tengah;Prov. Lampung
120216  ;Kec. Seputih Agung;Kab. Lampung Tengah;Prov. Lampung
116106  ;Kec. Rambang Kapak Tengah;Kota Prabumulih;Prov. Sumatera Selatan
120124  ;Kec. Way Sulan;Kab. Lampung Selatan;Prov. Lampung
116010  ;Kec. Plaju;Kota Palembang;Prov. Sumatera Selatan
116104  ;Kec. Prabumulih Barat;Kota Prabumulih;Prov. Sumatera Selatan
120204  ;Kec. Gunung Sugih;Kab. Lampung Tengah;Prov. Lampung
120106  ;Kec. Natar;Kab. Lampung Selatan;Prov. Lampung
116206  ;Kec. Lubuk Linggau Timur II;Kota Lubuk Linggau;Prov. Sumatera Selatan
116014  ;Kec. Kalidoni;Kota Palembang;Prov. Sumatera Selatan
116205  ;Kec. Lubuk Linggau Barat II;Kota Lubuk Linggau;Prov. Sumatera Selatan
120209  ;Kec. Terusan Nunyai;Kab. Lampung Tengah;Prov. Lampung
120113  ;Kec. Penengahan;Kab. Lampung Selatan;Prov. Lampung
120117  ;Kec. Candipuro;Kab. Lampung Selatan;Prov. Lampung
120120  ;Kec. Ketapang;Kab. Lampung Selatan;Prov. Lampung
120110  ;Kec. Sidomulyo;Kab. Lampung Selatan;Prov. Lampung
110916  ;Kec. Sidang Danau;Kab. Ogan Komering Ulu Selatan;Prov. Sumatera Selatan
116203  ;Kec. Lubuk Linggau Selatan I;Kota Lubuk Linggau;Prov. Sumatera Selatan
116204  ;Kec. Lubuk Linggau Utara I;Kota Lubuk Linggau;Prov. Sumatera Selatan
116201  ;Kec. Lubuk Linggau Barat I;Kota Lubuk Linggau;Prov. Sumatera Selatan
120112  ;Kec. Palas;Kab. Lampung Selatan;Prov. Lampung
116208  ;Kec. Lubuk Linggau Utara II;Kota Lubuk Linggau;Prov. Sumatera Selatan
110915  ;Kec. Sungai Are;Kab. Ogan Komering Ulu Selatan;Prov. Sumatera Selatan
116009  ;Kec. Kemuning;Kota Palembang;Prov. Sumatera Selatan
120108  ;Kec. Tanjung Bintang;Kab. Lampung Selatan;Prov. Lampung
116016  ;Kec. Sematang Borang;Kota Palembang;Prov. Sumatera Selatan
120491  ;Lumbok Seminung;Kab. Lampung Barat;Prov. Lampung
120317  ;Kec. Hulu Sungkai;Kab. Lampung Utara;Prov. Lampung
120304  ;Kec. Kotabumi Kota;Kab. Lampung Utara;Prov. Lampung
120521  ;Kec. Rawa Pitu;Kab. Tulang Bawang;Prov. Lampung
120306  ;Kec. Abung Timur;Kab. Lampung Utara;Prov. Lampung
120522  ;Kec. Rawajitu Timur;Kab. Tulang Bawang;Prov. Lampung
120413  ;Kec. Sukau;Kab. Lampung Barat;Prov. Lampung
116305  ;Kec. Dempo Tengah;Kota Pagar Alam;Prov. Sumatera Selatan
116303  ;Kec. Dempo Utara;Kota Pagar Alam;Prov. Sumatera Selatan
120305  ;Kec. Abung Selatan;Kab. Lampung Utara;Prov. Lampung
120301  ;Kec. Bukit Kemuning;Kab. Lampung Utara;Prov. Lampung
120222  ;Kec. Bumi Nabung;Kab. Lampung Tengah;Prov. Lampung
120505  ;Kec. Manggala;Kab. Tulang Bawang;Prov. Lampung
120226  ;Kec. Bekri;Kab. Lampung Tengah;Prov. Lampung
120528  ;Kec. Banjar Baru;Kab. Tulang Bawang;Prov. Lampung
120414  ;Kec. Suoh;Kab. Lampung Barat;Prov. Lampung
116304  ;Kec. Dempo Selatan;Kota Pagar Alam;Prov. Sumatera Selatan
120320  ;Kec. Sungkai Jaya;Kab. Lampung Utara;Prov. Lampung
120519  ;Kec. Banjar Margo;Kab. Tulang Bawang;Prov. Lampung
120223  ;Kec. Way Seputih;Kab. Lampung Tengah;Prov. Lampung
120228  ;Kec. Putra Rumbia;Kab. Lampung Tengah;Prov. Lampung
120520  ;Kec. Penawar Aji;Kab. Tulang Bawang;Prov. Lampung
120406  ;Kec. Sumber Jaya;Kab. Lampung Barat;Prov. Lampung
120316  ;Kec. Bunga Mayang;Kab. Lampung Utara;Prov. Lampung
120405  ;Kec. Belalau;Kab. Lampung Barat;Prov. Lampung
120404  ;Kec. Balik Bukit;Kab. Lampung Barat;Prov. Lampung
120509  ;Kec. Penawartama;Kab. Tulang Bawang;Prov. Lampung
120412  ;Kec. Waytenong;Kab. Lampung Barat;Prov. Lampung
120407  ;Kec. Sekincau;Kab. Lampung Barat;Prov. Lampung
120225  ;Kec. Selagai Lingga;Kab. Lampung Tengah;Prov. Lampung
120322  ;Kec. Abung Kunang;Kab. Lampung Utara;Prov. Lampung
120307  ;Kec. Sungkai Selatan;Kab. Lampung Utara;Prov. Lampung
120323  ;Kec. Blambangan Pagar;Kab. Lampung Utara;Prov. Lampung
120504  ;Kec. Gedung Aji;Kab. Tulang Bawang;Prov. Lampung
120220  ;Kec. Pubian;Kab. Lampung Tengah;Prov. Lampung
120310  ;Kec. Abung Tengah;Kab. Lampung Utara;Prov. Lampung
120308  ;Kec. Sungkai Utara;Kab. Lampung Utara;Prov. Lampung
120415  ;Kec. Gedung Surian;Kab. Lampung Barat;Prov. Lampung
120302  ;Kec. Tanjung Raja;Kab. Lampung Utara;Prov. Lampung
120309  ;Kec. Abung Tinggi;Kab. Lampung Utara;Prov. Lampung
120221  ;Kec. Bandar Surabaya;Kab. Lampung Tengah;Prov. Lampung
120514  ;Kec. Gedung Meneng;Kab. Tulang Bawang;Prov. Lampung
120525  ;Kec. Meraksa Aji;Kab. Tulang Bawang;Prov. Lampung
120409  ;Kec. Batu Brak;Kab. Lampung Barat;Prov. Lampung
120527  ;Kec. Dente Teladas;Kab. Tulang Bawang;Prov. Lampung
120311  ;Kec. Kotabumi Utara;Kab. Lampung Utara;Prov. Lampung
120318  ;Kec. Sungkai Tengah;Kab. Lampung Utara;Prov. Lampung
120227  ;Kec. Anak Ratu Aji;Kab. Lampung Tengah;Prov. Lampung
120513  ;Kec. Rawajitu Selatan;Kab. Tulang Bawang;Prov. Lampung
120303  ;Kec. Abung Barat;Kab. Lampung Utara;Prov. Lampung
120319  ;Kec. Abung Pekurun;Kab. Lampung Utara;Prov. Lampung
120224  ;Kec. Kota Gajah;Kab. Lampung Tengah;Prov. Lampung
120704  ;Kec. Margatiga;Kab. Lampung Timur;Prov. Lampung
120617  ;Kec. Kelumbayan;Kab. Tenggamus;Prov. Lampung
120621  ;Kec. Gunung Alip;Kab. Tenggamus;Prov. Lampung
120903  ;Kec. Kedondong;Kab. Pasawaran;Prov. Lampung
120810  ;Kec. Negeri Agung;Kab. Way Kanan;Prov. Lampung
120618  ;Kota Agung Barat;Kab. Tenggamus;Prov. Lampung
120529  ;Kec. Menggala Timur;Kab. Tulang Bawang;Prov. Lampung
120901  ;Kec. Padang Cermin;Kab. Pasawaran;Prov. Lampung
120314  ;Kec. Abung Surakarta;Kab. Lampung Utara;Prov. Lampung
120719  ;Kec. Melinting;Kab. Lampung Timur;Prov. Lampung
120602  ;Kec. Kota Agung;Kab. Tenggamus;Prov. Lampung
120813  ;Kec. Buay Bahuga;Kab. Way Kanan;Prov. Lampung
120902  ;Kec. Punduh Pedada;Kab. Pasawaran;Prov. Lampung
120804  ;Kec. Blambangan Umpu;Kab. Way Kanan;Prov. Lampung
120614  ;Kec. Semaka;Kab. Tenggamus;Prov. Lampung
120716  ;Kec. Braja Slebah;Kab. Lampung Timur;Prov. Lampung
120611  ;Kec. Cukuh Balak;Kab. Tenggamus;Prov. Lampung
120628  ;Kec. Kelumbayan Barat;Kab. Tenggamus;Prov. Lampung
120801  ;Kec. Banjit;Kab. Way Kanan;Prov. Lampung
120808  ;Kec. Rebang Tangkas;Kab. Way Kanan;Prov. Lampung
120806  ;Kec. Pakuan Ratu;Kab. Way Kanan;Prov. Lampung
120805  ;Kec. Bahuga;Kab. Way Kanan;Prov. Lampung
120712  ;Kec. Purbolinggo;Kab. Lampung Timur;Prov. Lampung
120613  ;Kec. Sumberejo;Kab. Tenggamus;Prov. Lampung
120707  ;Kec. Labuhan Maringgai;Kab. Lampung Timur;Prov. Lampung
120702  ;Kec. Batanghari;Kab. Lampung Timur;Prov. Lampung
120724  ;Kec. Batanghari Nuban;Kab. Lampung Timur;Prov. Lampung
120615  ;Kec. Ulu Belu;Kab. Tenggamus;Prov. Lampung
120710  ;Kec. Pekalongan;Kab. Lampung Timur;Prov. Lampung
120720  ;Kec. Gunung Pelindung;Kab. Lampung Timur;Prov. Lampung
120809  ;Kec. Way Tuba;Kab. Way Kanan;Prov. Lampung
120603  ;Kec. Pulau Panggung;Kab. Tenggamus;Prov. Lampung
120705  ;Kec. Sekampung Udik;Kab. Lampung Timur;Prov. Lampung
120612  ;Kec. Pematang Sawa;Kab. Tenggamus;Prov. Lampung
120726  ;Kec. Marga Sekampung;Kab. Lampung Timur;Prov. Lampung
120711  ;Kec. Raman Utara;Kab. Lampung Timur;Prov. Lampung
120706  ;Kec. Jabung;Kab. Lampung Timur;Prov. Lampung
120717  ;Kec. Bandar Sribawono;Kab. Lampung Timur;Prov. Lampung
120814  ;Kec. Bumi Agung;Kab. Way Kanan;Prov. Lampung
120721  ;Kec. Waway Karya;Kab. Lampung Timur;Prov. Lampung
120604  ;Kec. Talang Padang;Kab. Tenggamus;Prov. Lampung
120725  ;Kec. Way Bungur;Kab. Lampung Timur;Prov. Lampung
120803  ;Kec. Kasui;Kab. Way Kanan;Prov. Lampung
120723  ;Kec. Labuhan Ratu;Kab. Lampung Timur;Prov. Lampung
120722  ;Kec. Pasir Sakti;Kab. Lampung Timur;Prov. Lampung
120812  ;Kec. Negeri Besar;Kab. Way Kanan;Prov. Lampung
120708  ;Kec. Way Jepara;Kab. Lampung Timur;Prov. Lampung
120315  ;Kec. Muara Sungkai;Kab. Lampung Utara;Prov. Lampung
120709  ;Kec. Sukadana;Kab. Lampung Timur;Prov. Lampung
120601  ;Kec. Wonosobo;Kab. Tenggamus;Prov. Lampung
120807  ;Kec. Gunung Labuhan;Kab. Way Kanan;Prov. Lampung
120718  ;Kec. Mataram Baru;Kab. Lampung Timur;Prov. Lampung
120620  ;Kec. Gisting;Kab. Tenggamus;Prov. Lampung
120811  ;Kec. Negara Batin;Kab. Way Kanan;Prov. Lampung
120313  ;Kec. Abung Semuli;Kab. Lampung Utara;Prov. Lampung
120713  ;Kec. Bumi Agung;Kab. Lampung Timur;Prov. Lampung
120703  ;Kec. Sekampung;Kab. Lampung Timur;Prov. Lampung
120619  ;Kota Agung Timur;Kab. Tenggamus;Prov. Lampung
120904  ;Kec. Way Lima;Kab. Pasawaran;Prov. Lampung
120605  ;Kec. Pugung;Kab. Tenggamus;Prov. Lampung
130112  ;Kec. Semparuk;Kab. Sambas;Prov. Kalimantan Barat
121203  ;Kec. Tulang Bawang Tengah;Kab. Pringsewu;Prov. Lampung
120906  ;Kec. Negeri Katon;Kab. Pasawaran;Prov. Lampung
121004  ;Kec. Banyumas;Kab. Tulang Bawang Barat;Prov. Lampung
130107  ;Kec. Sejangkung;Kab. Sambas;Prov. Kalimantan Barat
130208  ;Kec. Siantan;Kab. Pontianak;Prov. Kalimantan Barat
130109  ;Kec. Paloh;Kab. Sambas;Prov. Kalimantan Barat
121204  ;Kec. Lambu Kibang;Kab. Pringsewu;Prov. Lampung
130101  ;Kec. Selakau;Kab. Sambas;Prov. Kalimantan Barat
130119  ;Kec. Salatiga;Kab. Sambas;Prov. Kalimantan Barat
126005  ;Kec. Teluk Betung Utara;Kota Bandar Lampung;Prov. Lampung
120627  ;Kec. Bulok;Kab. Tenggamus;Prov. Lampung
130108  ;Kec. Sajingan Besar;Kab. Sambas;Prov. Kalimantan Barat
126102  ;Kec. Metro Utara;Kota Metro;Prov. Lampung
121007  ;Kec. Gadingrejo;Kab. Tulang Bawang Barat;Prov. Lampung
120905  ;Kec. Gedung Tataan;Kab. Pasawaran;Prov. Lampung
126013  ;Kec. Sukabumi;Kota Bandar Lampung;Prov. Lampung
121101  ;Kec. Mesuji;Kab. Mesuji;Prov. Lampung
120907  ;Kec. Tegineneng;Kab. Pasawaran;Prov. Lampung
121103  ;Kec. Rawajitu Utara;Kab. Mesuji;Prov. Lampung
121206  ;Kec. Way Kenanga;Kab. Pringsewu;Prov. Lampung
121102  ;Kec. Tanjung Raya;Kab. Mesuji;Prov. Lampung
126010  ;Kec. Kemiling;Kota Bandar Lampung;Prov. Lampung
126105  ;Kec. Metro Selatan;Kota Metro;Prov. Lampung
130104  ;Kec. Sambas;Kab. Sambas;Prov. Kalimantan Barat
126103  ;Kec. Metro Barat;Kota Metro;Prov. Lampung
126006  ;Kec. Tanjung Karang Pusat;Kota Bandar Lampung;Prov. Lampung
121205  ;Kec. Pagar Dewa;Kab. Pringsewu;Prov. Lampung
121207  ;Kec. Gunung Terang;Kab. Pringsewu;Prov. Lampung
126012  ;Kec. Tanjung Senang;Kota Bandar Lampung;Prov. Lampung
130115  ;Kec. Sebawi;Kab. Sambas;Prov. Kalimantan Barat
121208  ;Kec. Gunung Agung;Kab. Pringsewu;Prov. Lampung
130113  ;Kec. Tekarang;Kab. Sambas;Prov. Kalimantan Barat
126008  ;Kec. Kedaton;Kota Bandar Lampung;Prov. Lampung
130102  ;Kec. Pemangkat;Kab. Sambas;Prov. Kalimantan Barat
126002  ;Kec. Teluk Betung Selatan;Kota Bandar Lampung;Prov. Lampung
121202  ;Kec. Tumijajar;Kab. Pringsewu;Prov. Lampung
121001  ;Kec. Pagelaran;Kab. Tulang Bawang Barat;Prov. Lampung
121005  ;Kec. Pringsewu;Kab. Tulang Bawang Barat;Prov. Lampung
130106  ;Kec. Teluk Keramat;Kab. Sambas;Prov. Kalimantan Barat
121002  ;Kec. Sukoharjo;Kab. Tulang Bawang Barat;Prov. Lampung
121008  ;Kec. Pardasuka;Kab. Tulang Bawang Barat;Prov. Lampung
130110  ;Kec. Subah;Kab. Sambas;Prov. Kalimantan Barat
121003  ;Kec. Adiluwih;Kab. Tulang Bawang Barat;Prov. Lampung
130116  ;Kec. Jawai Selatan;Kab. Sambas;Prov. Kalimantan Barat
126007  ;Kec. Tanjung Karang Barat;Kota Bandar Lampung;Prov. Lampung
126101  ;Kec. Metro Pusat;Kota Metro;Prov. Lampung
130118  ;Kec. Selakau Tua;Kab. Sambas;Prov. Kalimantan Barat
130117  ;Kec. Tangaran;Kab. Sambas;Prov. Kalimantan Barat
121006  ;Kec. Ambarawa;Kab. Tulang Bawang Barat;Prov. Lampung
130103  ;Kec. Tebas;Kab. Sambas;Prov. Kalimantan Barat
126011  ;Kec. Rajabasa;Kota Bandar Lampung;Prov. Lampung
126004  ;Kec. Tanjung Karang Timur;Kota Bandar Lampung;Prov. Lampung
126003  ;Kec. Panjang;Kota Bandar Lampung;Prov. Lampung
130114  ;Kec. Sajad;Kab. Sambas;Prov. Kalimantan Barat
130111  ;Kec. Galing;Kab. Sambas;Prov. Kalimantan Barat
126104  ;Kec. Metro Timur;Kota Metro;Prov. Lampung
126009  ;Kec. Sukarame;Kota Bandar Lampung;Prov. Lampung
126001  ;Kec. Teluk Betung Barat;Kota Bandar Lampung;Prov. Lampung
130421  ;Kec. Ketungau Hulu;Kab. Sintang;Prov. Kalimantan Barat
130209  ;Kec. Sungai Pinyuh;Kab. Pontianak;Prov. Kalimantan Barat
130530  ;Kec. Pengkadan;Kab. Kapuas Hulu;Prov. Kalimantan Barat
130501  ;Kec. Silat Hilir;Kab. Kapuas Hulu;Prov. Kalimantan Barat
130526  ;Kec. Putussibau Utara;Kab. Kapuas Hulu;Prov. Kalimantan Barat
130511  ;Kec. Boyan Tanjung;Kab. Kapuas Hulu;Prov. Kalimantan Barat
130301  ;Kec. Toba;Kab. Sanggau;Prov. Kalimantan Barat
130504  ;Kec. Bunut Hulu;Kab. Kapuas Hulu;Prov. Kalimantan Barat
130510  ;Kec. Bunut Hilir;Kab. Kapuas Hulu;Prov. Kalimantan Barat
130216  ;Kec. Segedong;Kab. Pontianak;Prov. Kalimantan Barat
130507  ;Kec. Kalis;Kab. Kapuas Hulu;Prov. Kalimantan Barat
130324  ;Kapuas;Kab. Sanggau;Prov. Kalimantan Barat
130317  ;Kec. Tayan Hulu;Kab. Sanggau;Prov. Kalimantan Barat
130503  ;Kec. Hulu Gurung;Kab. Kapuas Hulu;Prov. Kalimantan Barat
130514  ;Kec. Selimbau;Kab. Kapuas Hulu;Prov. Kalimantan Barat
130411  ;Kec. Sepauk;Kab. Sintang;Prov. Kalimantan Barat
130212  ;Kec. Toho;Kab. Pontianak;Prov. Kalimantan Barat
130516  ;Kec. Seberuang;Kab. Kapuas Hulu;Prov. Kalimantan Barat
130321  ;Kec. Sekayan;Kab. Sanggau;Prov. Kalimantan Barat
130414  ;Kec. Sintang;Kab. Sintang;Prov. Kalimantan Barat
130519  ;Kec. Puring Kencana;Kab. Kapuas Hulu;Prov. Kalimantan Barat
130407  ;Kec. Ambalau;Kab. Sintang;Prov. Kalimantan Barat
130505  ;Kec. Mentebah;Kab. Kapuas Hulu;Prov. Kalimantan Barat
130319  ;Kec. Beduwai;Kab. Sanggau;Prov. Kalimantan Barat
130528  ;Kec. Jongkong;Kab. Kapuas Hulu;Prov. Kalimantan Barat
130323  ;Meliau;Kab. Sanggau;Prov. Kalimantan Barat
121201  ;Kec. Tulang Bawang Udik;Kab. Pringsewu;Prov. Lampung
130415  ;Kec. Dedai;Kab. Sintang;Prov. Kalimantan Barat
130416  ;Kec. Kayan Hilir;Kab. Sintang;Prov. Kalimantan Barat
130315  ;Kec. Tayan Hilir;Kab. Sanggau;Prov. Kalimantan Barat
130509  ;Kec. Embaloh Hilir;Kab. Kapuas Hulu;Prov. Kalimantan Barat
121106  ;Kec. Way Serdang;Kab. Mesuji;Prov. Lampung
130502  ;Kec. Silat Hulu;Kab. Kapuas Hulu;Prov. Kalimantan Barat
130218  ;Kec. Sadaniang;Kab. Pontianak;Prov. Kalimantan Barat
130527  ;Kec. Bika;Kab. Kapuas Hulu;Prov. Kalimantan Barat
130217  ;Kec. Anjongan;Kab. Pontianak;Prov. Kalimantan Barat
130211  ;Kec. Sungai Kunyit;Kab. Pontianak;Prov. Kalimantan Barat
130412  ;Kec. Tempunak;Kab. Sintang;Prov. Kalimantan Barat
130518  ;Kec. Empanang;Kab. Kapuas Hulu;Prov. Kalimantan Barat
130322  ;Kec. Entikong;Kab. Sanggau;Prov. Kalimantan Barat
121107  ;Kec. Panca Jaya;Kab. Mesuji;Prov. Lampung
130318  ;Kec. Kembayan;Kab. Sanggau;Prov. Kalimantan Barat
130417  ;Kec. Kelam Permai;Kab. Sintang;Prov. Kalimantan Barat
130420  ;Kec. Ketungau Tengah;Kab. Sintang;Prov. Kalimantan Barat
130210  ;Kec. Mempawah Hilir;Kab. Pontianak;Prov. Kalimantan Barat
130320  ;Kec. Noyan;Kab. Sanggau;Prov. Kalimantan Barat
130517  ;Kec. Semitau;Kab. Kapuas Hulu;Prov. Kalimantan Barat
130219  ;Kec. Mempawah Timur;Kab. Pontianak;Prov. Kalimantan Barat
130522  ;Kec. Embaloh Hulu;Kab. Kapuas Hulu;Prov. Kalimantan Barat
130406  ;Kec. Nanga Serawai;Kab. Sintang;Prov. Kalimantan Barat
130529  ;Kec. Putussibau Selatan;Kab. Kapuas Hulu;Prov. Kalimantan Barat
130521  ;Kec. Batang Lupar;Kab. Kapuas Hulu;Prov. Kalimantan Barat
130520  ;Kec. Badau;Kab. Kapuas Hulu;Prov. Kalimantan Barat
130413  ;Kec. Sungai Tebelian;Kab. Sintang;Prov. Kalimantan Barat
130418  ;Kec. Binjai Hulu;Kab. Sintang;Prov. Kalimantan Barat
130408  ;Kec. Kayan Hulu;Kab. Sintang;Prov. Kalimantan Barat
130906  ;Kec. Menjalin;Kab. Landak;Prov. Kalimantan Barat
130804  ;Kec. Bengkayang;Kab. Bengkayang;Prov. Kalimantan Barat
130813  ;Kec. Lumar;Kab. Bengkayang;Prov. Kalimantan Barat
131109  ;Kec. Belimbing;Kab. Melawi;Prov. Kalimantan Barat
130606  ;Kec. Matan Hilir Selatan;Kab. Ketapang;Prov. Kalimantan Barat
130903  ;Kec. Ngabang;Kab. Landak;Prov. Kalimantan Barat
130812  ;Kec. Siding;Kab. Bengkayang;Prov. Kalimantan Barat
131005  ;Kec. Belitang;Kab. Sekadau;Prov. Kalimantan Barat
131101  ;Kec. Sokan;Kab. Melawi;Prov. Kalimantan Barat
130623  ;Kec. Air Upas;Kab. Ketapang;Prov. Kalimantan Barat
130624  ;Kec. Singkup;Kab. Ketapang;Prov. Kalimantan Barat
130907  ;Kec. Mempawah Hulu;Kab. Landak;Prov. Kalimantan Barat
131105  ;Kec. Menukung;Kab. Melawi;Prov. Kalimantan Barat
131103  ;Kec. Sayan;Kab. Melawi;Prov. Kalimantan Barat
130801  ;Kec. Sungai Raya;Kab. Bengkayang;Prov. Kalimantan Barat
130622  ;Kec. Hulu Sungai;Kab. Ketapang;Prov. Kalimantan Barat
131004  ;Kec. Sekadau Hilir;Kab. Sekadau;Prov. Kalimantan Barat
130313  ;Kec. Bonti;Kab. Sanggau;Prov. Kalimantan Barat
131003  ;Kec. Sekadau Hulu;Kab. Sekadau;Prov. Kalimantan Barat
130607  ;Kec. Matan Hilir Utara;Kab. Ketapang;Prov. Kalimantan Barat
130809  ;Kec. Teriak;Kab. Bengkayang;Prov. Kalimantan Barat
130621  ;Kec. Benua Kayong;Kab. Ketapang;Prov. Kalimantan Barat
130811  ;Kec. Suti Semarang;Kab. Bengkayang;Prov. Kalimantan Barat
130605  ;Kec. Tumbang Titi;Kab. Ketapang;Prov. Kalimantan Barat
130909  ;Kec. Meranti;Kab. Landak;Prov. Kalimantan Barat
131102  ;Kec. Tanah Pinoh;Kab. Melawi;Prov. Kalimantan Barat
130913  ;Kec. Sompak;Kab. Landak;Prov. Kalimantan Barat
130807  ;Kec. Seluas;Kab. Bengkayang;Prov. Kalimantan Barat
130314  ;Kec. Parindu;Kab. Sanggau;Prov. Kalimantan Barat
130626  ;Kec. Sungai Melayu Rayek;Kab. Ketapang;Prov. Kalimantan Barat
130815  ;Kec. Sungai Raya Kepulauan;Kab. Bengkayang;Prov. Kalimantan Barat
130808  ;Kec. Jagoi Babang;Kab. Bengkayang;Prov. Kalimantan Barat
130817  ;Kec. Tujuh Belas;Kab. Bengkayang;Prov. Kalimantan Barat
130905  ;Kec. Mandor;Kab. Landak;Prov. Kalimantan Barat
130902  ;Kec. Sebangki;Kab. Landak;Prov. Kalimantan Barat
130912  ;Kec. Jelimpo;Kab. Landak;Prov. Kalimantan Barat
130911  ;Kec. Air Besar;Kab. Landak;Prov. Kalimantan Barat
130609  ;Kec. Nanga Tayap;Kab. Ketapang;Prov. Kalimantan Barat
131002  ;Kec. Nanga Taman;Kab. Sekadau;Prov. Kalimantan Barat
130803  ;Kec. Samalantan;Kab. Bengkayang;Prov. Kalimantan Barat
130603  ;Kec. Marau;Kab. Ketapang;Prov. Kalimantan Barat
130810  ;Kec. Monterado;Kab. Bengkayang;Prov. Kalimantan Barat
130625  ;Kec. Pemahan;Kab. Ketapang;Prov. Kalimantan Barat
131104  ;Kec. Ella Hilir;Kab. Melawi;Prov. Kalimantan Barat
130620  ;Kec. Simpang Dua;Kab. Ketapang;Prov. Kalimantan Barat
130908  ;Kec. Menyuke;Kab. Landak;Prov. Kalimantan Barat
131108  ;Kec. Nanga Pinoh;Kab. Melawi;Prov. Kalimantan Barat
130802  ;Kec. Capkala;Kab. Bengkayang;Prov. Kalimantan Barat
130806  ;Kec. Sanggau Ledo;Kab. Bengkayang;Prov. Kalimantan Barat
130914  ;Kec. Banyuke Hulu;Kab. Landak;Prov. Kalimantan Barat
130816  ;Kec. Lembah Bawang;Kab. Bengkayang;Prov. Kalimantan Barat
131007  ;Kec. Belitang Hulu;Kab. Sekadau;Prov. Kalimantan Barat
130910  ;Kec. Kuala Behe;Kab. Landak;Prov. Kalimantan Barat
130805  ;Kec. Ledo;Kab. Bengkayang;Prov. Kalimantan Barat
130602  ;Kec. Manis Mata;Kab. Ketapang;Prov. Kalimantan Barat
131006  ;Kec. Belitang Hilir;Kab. Sekadau;Prov. Kalimantan Barat
130814  ;Kec. Sungai Betung;Kab. Bengkayang;Prov. Kalimantan Barat
130610  ;Kec. Sandai;Kab. Ketapang;Prov. Kalimantan Barat
130312  ;Kec. Jangkang;Kab. Sanggau;Prov. Kalimantan Barat
130604  ;Kec. Jelai Hulu;Kab. Ketapang;Prov. Kalimantan Barat
140103  ;Kec. Kapuas Timur;Kab. Kapuas;Prov. Kalimantan Tengah
140406  ;Kec. Mentawa Baru/Ketapang;Kab. Kotawaringin Timur;Prov. Kalimantan Tengah
140305  ;Kec. Teweh Tengah;Kab. Barito Utara;Prov. Kalimantan Tengah
140309  ;Lahei Barat;Kab. Barito Utara;Prov. Kalimantan Tengah
136002  ;Kec. Pontianak Timur;Kota Pontianak;Prov. Kalimantan Barat
131308  ;Kec. Telok Pakedai;Kab. Kuburaya;Prov. Kalimantan Barat
136103  ;Kec. Singkawang Utara;Kota Singkawang;Prov. Kalimantan Barat
140307  ;Teweh Baru;Kab. Barito Utara;Prov. Kalimantan Tengah
131304  ;Kec. Sungai Ambawang;Kab. Kuburaya;Prov. Kalimantan Barat
140107  ;Kec. Basarang;Kab. Kapuas;Prov. Kalimantan Tengah
131310  ;Kec. Sungai Raya;Kab. Kuburaya;Prov. Kalimantan Barat
136105  ;Kec. Singkawang Tengah;Kota Singkawang;Prov. Kalimantan Barat
131112  ;Kec. Pinoh Selatan;Kab. Melawi;Prov. Kalimantan Barat
140116  ;Kec. Timpah;Kab. Kapuas;Prov. Kalimantan Tengah
136102  ;Kec. Singkawang Timur;Kota Singkawang;Prov. Kalimantan Barat
140306  ;Kec. Lahei;Kab. Barito Utara;Prov. Kalimantan Tengah
140118  ;Kec. Kapuas Hulu;Kab. Kapuas;Prov. Kalimantan Tengah
131313  ;Kec. Rasau Jaya;Kab. Kuburaya;Prov. Kalimantan Barat
140420  ;Kec. Parenggean;Kab. Kotawaringin Timur;Prov. Kalimantan Tengah
140308  ;Teweh Selatan;Kab. Barito Utara;Prov. Kalimantan Tengah
136004  ;Kec. Pontianak Utara;Kota Pontianak;Prov. Kalimantan Barat
130618  ;Kec. Muara Pawan;Kab. Ketapang;Prov. Kalimantan Barat
136005  ;Kec. Pontianak Kota;Kota Pontianak;Prov. Kalimantan Barat
140211  ;Kec. Dusun Utara;Kab. Barito Selatan;Prov. Kalimantan Tengah
131309  ;Kec. Terentang;Kab. Kuburaya;Prov. Kalimantan Barat
140104  ;Kec. Selat;Kab. Kapuas;Prov. Kalimantan Tengah
140212  ;Kec. Gunung Bintang Awai;Kab. Barito Selatan;Prov. Kalimantan Tengah
140304  ;Kec. Teweh Timur;Kab. Barito Utara;Prov. Kalimantan Tengah
131111  ;Kec. Belimbing Hulu;Kab. Melawi;Prov. Kalimantan Barat
140405  ;Kec. Pulau Hanaut;Kab. Kotawaringin Timur;Prov. Kalimantan Tengah
131202  ;Kec. Simpang Hilir;Kab. Kayong Utara;Prov. Kalimantan Barat
140301  ;Kec. Montallat;Kab. Barito Utara;Prov. Kalimantan Tengah
140210  ;Kec. Dusun Selatan;Kab. Barito Selatan;Prov. Kalimantan Tengah
140109  ;Kec. Pulau Petak;Kab. Kapuas;Prov. Kalimantan Tengah
140102  ;Kec. Kapuas Kuala;Kab. Kapuas;Prov. Kalimantan Tengah
140411  ;Kec. Kota Besi;Kab. Kotawaringin Timur;Prov. Kalimantan Tengah
136006  ;Kec. Pontianak Tenggara;Kota Pontianak;Prov. Kalimantan Barat
140402  ;Kec. Mentaya Hilir Selatan;Kab. Kotawaringin Timur;Prov. Kalimantan Tengah
140117  ;Kec. Kapuas Tengah;Kab. Kapuas;Prov. Kalimantan Tengah
140412  ;Kec. Baamang;Kab. Kotawaringin Timur;Prov. Kalimantan Tengah
131201  ;Kec. Pulau Maya Karimata;Kab. Kayong Utara;Prov. Kalimantan Barat
140201  ;Kec. Dusun Hilir;Kab. Barito Selatan;Prov. Kalimantan Tengah
140115  ;Kec. Mantangai;Kab. Kapuas;Prov. Kalimantan Tengah
136104  ;Kec. Singkawang Barat;Kota Singkawang;Prov. Kalimantan Barat
140303  ;Kec. Gunung Purei;Kab. Barito Utara;Prov. Kalimantan Tengah
131110  ;Kec. Tanah Pinoh Barat;Kab. Melawi;Prov. Kalimantan Barat
140209  ;Kec. Karau Kuala;Kab. Barito Selatan;Prov. Kalimantan Tengah
131312  ;Kec. Kubu;Kab. Kuburaya;Prov. Kalimantan Barat
136001  ;Kec. Pontianak Selatan;Kota Pontianak;Prov. Kalimantan Barat
140407  ;Kec. Mentaya Hilir Utara;Kab. Kotawaringin Timur;Prov. Kalimantan Tengah
140421  ;Kec. Mentaya Hulu;Kab. Kotawaringin Timur;Prov. Kalimantan Tengah
140419  ;Kec. Cempaga;Kab. Kotawaringin Timur;Prov. Kalimantan Tengah
140111  ;Kec. Kapuas Barat;Kab. Kapuas;Prov. Kalimantan Tengah
130619  ;Kec. Delta Pawan;Kab. Ketapang;Prov. Kalimantan Barat
131113  ;Kec. Pinoh Utara;Kab. Melawi;Prov. Kalimantan Barat
131305  ;Kec. Sungai Kakap;Kab. Kuburaya;Prov. Kalimantan Barat
140108  ;Kec. Kapuas Hilir;Kab. Kapuas;Prov. Kalimantan Tengah
140110  ;Kec. Kapuas Murung;Kab. Kapuas;Prov. Kalimantan Tengah
136101  ;Kec. Singkawang Selatan;Kota Singkawang;Prov. Kalimantan Barat
140202  ;Kec. Jenamas;Kab. Barito Selatan;Prov. Kalimantan Tengah
140803  ;Kec. Balai Riam;Kab. Sukamara;Prov. Kalimantan Tengah
140901  ;Kec. Bulik;Kab. Lamandau;Prov. Kalimantan Tengah
140603  ;Kec. Kampiang;Kab. Katingan;Prov. Kalimantan Tengah
141003  ;Kec. Sepang Simin;Kab. Gunung Mas;Prov. Kalimantan Tengah
140506  ;Kec. Kumai;Kab. Kotawaringin Barat;Prov. Kalimantan Tengah
140908  ;Kec. Batang Kawa;Kab. Lamandau;Prov. Kalimantan Tengah
140611  ;Kec. Sanaman Mantikei;Kab. Katingan;Prov. Kalimantan Tengah
140606  ;Kec. Tewang Sangalang Garing;Kab. Katingan;Prov. Kalimantan Tengah
140508  ;Kec. Pangkalan Banteng;Kab. Kotawaringin Barat;Prov. Kalimantan Tengah
140507  ;Kec. Arut Utara;Kab. Kotawaringin Barat;Prov. Kalimantan Tengah
140702  ;Kec. Danau Sembuluh;Kab. Seruyan;Prov. Kalimantan Tengah
140705  ;Kec. Seruyan Hulu;Kab. Seruyan;Prov. Kalimantan Tengah
140431  ;Kec. Telaga Antang;Kab. Kotawaringin Timur;Prov. Kalimantan Tengah
140903  ;Kec. Delang;Kab. Lamandau;Prov. Kalimantan Tengah
140703  ;Kec. Hanau;Kab. Seruyan;Prov. Kalimantan Tengah
140425  ;Kec. Teluk Sampit;Kab. Kotawaringin Timur;Prov. Kalimantan Tengah
140704  ;Kec. Seruyan Tengah;Kab. Seruyan;Prov. Kalimantan Tengah
140607  ;Kec. Pulau Malan;Kab. Katingan;Prov. Kalimantan Tengah
140902  ;Kec. Lamandau;Kab. Lamandau;Prov. Kalimantan Tengah
140701  ;Kec. Seruyan Hilir;Kab. Seruyan;Prov. Kalimantan Tengah
140612  ;Kec. Petak Malai;Kab. Katingan;Prov. Kalimantan Tengah
140804  ;Kec. Pantai Lunci;Kab. Sukamara;Prov. Kalimantan Tengah
141001  ;Kec. Tewah;Kab. Gunung Mas;Prov. Kalimantan Tengah
140601  ;Kec. Katingan Kuala;Kab. Katingan;Prov. Kalimantan Tengah
131204  ;Kec. Teluk Batang;Kab. Kayong Utara;Prov. Kalimantan Barat
131205  ;Kec. Seponti;Kab. Kayong Utara;Prov. Kalimantan Barat
141004  ;Kec. Rungan;Kab. Gunung Mas;Prov. Kalimantan Tengah
140708  ;Kec. Danau Seluluk;Kab. Seruyan;Prov. Kalimantan Tengah
140504  ;Kec. Kotawaringin Lama;Kab. Kotawaringin Barat;Prov. Kalimantan Tengah
140802  ;Kec. Sukamara;Kab. Sukamara;Prov. Kalimantan Tengah
140602  ;Kec. Mendawai;Kab. Katingan;Prov. Kalimantan Tengah
140907  ;Kec. Belantikan Raya;Kab. Lamandau;Prov. Kalimantan Tengah
131302  ;Kec. Kuala Mandor B;Kab. Kuburaya;Prov. Kalimantan Barat
140707  ;Kec. Seruyan Raya;Kab. Seruyan;Prov. Kalimantan Tengah
140801  ;Kec. Jelai;Kab. Sukamara;Prov. Kalimantan Tengah
140709  ;Kec. Batu Ampar;Kab. Seruyan;Prov. Kalimantan Tengah
140905  ;Kec. Mentobi Raya;Kab. Lamandau;Prov. Kalimantan Tengah
140505  ;Kec. Arut Selatan;Kab. Kotawaringin Barat;Prov. Kalimantan Tengah
140805  ;Kec. Permata Kecubung;Kab. Sukamara;Prov. Kalimantan Tengah
141005  ;Kec. Manuhing;Kab. Gunung Mas;Prov. Kalimantan Tengah
140904  ;Kec. Bulik Timur;Kab. Lamandau;Prov. Kalimantan Tengah
141002  ;Kec. Kurun;Kab. Gunung Mas;Prov. Kalimantan Tengah
140610  ;Kec. Marikit;Kab. Katingan;Prov. Kalimantan Tengah
140613  ;Kec. Bukit Raya;Kab. Katingan;Prov. Kalimantan Tengah
140608  ;Kec. Katingan Tengah;Kab. Katingan;Prov. Kalimantan Tengah
140706  ;Kec. Seruyan Hilir Timur;Kab. Seruyan;Prov. Kalimantan Tengah
140509  ;Kec. Pangkalan Lada;Kab. Kotawaringin Barat;Prov. Kalimantan Tengah
140426  ;Kec. Seranau;Kab. Kotawaringin Timur;Prov. Kalimantan Tengah
140604  ;Kec. Tasik Payawan;Kab. Katingan;Prov. Kalimantan Tengah
140605  ;Kec. Katingan Hilir;Kab. Katingan;Prov. Kalimantan Tengah
140710  ;Kec. Suling Tambun;Kab. Seruyan;Prov. Kalimantan Tengah
141203  ;Kec. Permata Intan;Kab. Murung Raya;Prov. Kalimantan Tengah
141102  ;Kec. Pandih Batu;Kab. Pulang Pisau;Prov. Kalimantan Tengah
141208  ;Kec. Sungai Babuat;Kab. Murung Raya;Prov. Kalimantan Tengah
141202  ;Kec. Murung;Kab. Murung Raya;Prov. Kalimantan Tengah
141108  ;Kec. Jabiren Raya;Kab. Pulang Pisau;Prov. Kalimantan Tengah
146005  ;Kec. Rakumpit;Kota Palangka Raya;Prov. Kalimantan Tengah
141011  ;Kec. Manuhing Raya;Kab. Gunung Mas;Prov. Kalimantan Tengah
150203  ;Kec. Kurau;Kab. Tanah Laut;Prov. Kalimantan Selatan
141007  ;Kec. Mihing Raya;Kab. Gunung Mas;Prov. Kalimantan Tengah
141301  ;Kec. Dusun Timur;Kab. Barito Timur;Prov. Kalimantan Tengah
150202  ;Kec. Takisung;Kab. Tanah Laut;Prov. Kalimantan Selatan
150119  ;Kec. Telaga Bauntung;Kab. Banjar;Prov. Kalimantan Selatan
150201  ;Kec. Panyipatan;Kab. Tanah Laut;Prov. Kalimantan Selatan
141305  ;Kec. Dusun Tengah;Kab. Barito Timur;Prov. Kalimantan Tengah
150102  ;Kec. Gambut;Kab. Banjar;Prov. Kalimantan Selatan
141209  ;Kec. Seribu Riam;Kab. Murung Raya;Prov. Kalimantan Tengah
150101  ;Kec. Aluh-Aluh;Kab. Banjar;Prov. Kalimantan Selatan
141008  ;Kec. Damang Batu;Kab. Gunung Mas;Prov. Kalimantan Tengah
141010  ;Kec. Rungan Hulu;Kab. Gunung Mas;Prov. Kalimantan Tengah
140429  ;Kec. Telawang;Kab. Kotawaringin Timur;Prov. Kalimantan Tengah
150115  ;Kec. Martapura Timur;Kab. Banjar;Prov. Kalimantan Selatan
141104  ;Kec. Kahayan Hilir;Kab. Pulang Pisau;Prov. Kalimantan Tengah
141303  ;Kec. Patangkep Tutui;Kab. Barito Timur;Prov. Kalimantan Tengah
140430  ;Kec. Tualan Hulu;Kab. Kotawaringin Timur;Prov. Kalimantan Tengah
150114  ;Kec. Martapura Barat;Kab. Banjar;Prov. Kalimantan Selatan
146003  ;Kec. Sabangau;Kota Palangka Raya;Prov. Kalimantan Tengah
141204  ;Kec. Tanah Siang;Kab. Murung Raya;Prov. Kalimantan Tengah
150110  ;Kec. Pengaron;Kab. Banjar;Prov. Kalimantan Selatan
141201  ;Kec. Laung Tuhup;Kab. Murung Raya;Prov. Kalimantan Tengah
150111  ;Kec. Mataraman;Kab. Banjar;Prov. Kalimantan Selatan
141207  ;Kec. Tanah Siang Selatan;Kab. Murung Raya;Prov. Kalimantan Tengah
150106  ;Kec. Astambul;Kab. Banjar;Prov. Kalimantan Selatan
141304  ;Kec. Awang;Kab. Barito Timur;Prov. Kalimantan Tengah
150109  ;Kec. Sungai Pinang;Kab. Banjar;Prov. Kalimantan Selatan
141306  ;Kec. Pematang Karau;Kab. Barito Timur;Prov. Kalimantan Tengah
150112  ;Kec. Simpang Empat;Kab. Banjar;Prov. Kalimantan Selatan
141105  ;Kec. Kahayan Tengah;Kab. Pulang Pisau;Prov. Kalimantan Tengah
141107  ;Kec. Sebangau Kuala;Kab. Pulang Pisau;Prov. Kalimantan Tengah
150118  ;Kec. Sambung Makmur;Kab. Banjar;Prov. Kalimantan Selatan
141101  ;Kec. Kahayan Kuala;Kab. Pulang Pisau;Prov. Kalimantan Tengah
141302  ;Kec. Benua Lima;Kab. Barito Timur;Prov. Kalimantan Tengah
141308  ;Kec. Reren Batuah;Kab. Barito Timur;Prov. Kalimantan Tengah
146002  ;Kec. Bukit Batu;Kota Palangka Raya;Prov. Kalimantan Tengah
141206  ;Kec. Barito Tuhup Raya;Kab. Murung Raya;Prov. Kalimantan Tengah
150117  ;Kec. Tatah Makmur;Kab. Banjar;Prov. Kalimantan Selatan
150105  ;Kec. Martapura;Kab. Banjar;Prov. Kalimantan Selatan
141310  ;Kec. Karusen Janang;Kab. Barito Timur;Prov. Kalimantan Tengah
146001  ;Kec. Pahandut;Kota Palangka Raya;Prov. Kalimantan Tengah
150113  ;Kec. Beruntung Baru;Kab. Banjar;Prov. Kalimantan Selatan
141309  ;Kec. Paku;Kab. Barito Timur;Prov. Kalimantan Tengah
150107  ;Kec. Karang Intan;Kab. Banjar;Prov. Kalimantan Selatan
150116  ;Kec. Paramasan;Kab. Banjar;Prov. Kalimantan Selatan
150103  ;Kec. Kertak Hanyar;Kab. Banjar;Prov. Kalimantan Selatan
141106  ;Kec. Banama Tingan;Kab. Pulang Pisau;Prov. Kalimantan Tengah
146004  ;Kec. Jekan Raya;Kota Palangka Raya;Prov. Kalimantan Tengah
141205  ;Kec. Sumber Barito;Kab. Murung Raya;Prov. Kalimantan Tengah
141210  ;Kec. Uut Murung;Kab. Murung Raya;Prov. Kalimantan Tengah
150108  ;Kec. Aranio;Kab. Banjar;Prov. Kalimantan Selatan
150104  ;Kec. Sungai Tabuk;Kab. Banjar;Prov. Kalimantan Selatan
141103  ;Kec. Maliku;Kab. Pulang Pisau;Prov. Kalimantan Tengah
150604  ;Kec. Batang Alai Selatan;Kab. Hulu Sungai Tengah;Prov. Kalimantan Selatan
150410  ;Kec. Candi Laras Utara;Kab. Tapin;Prov. Kalimantan Selatan
150412  ;Kec. Salam Babaris;Kab. Tapin;Prov. Kalimantan Selatan
150605  ;Kec. Barabai;Kab. Hulu Sungai Tengah;Prov. Kalimantan Selatan
150308  ;Kec. Belawang;Kab. Barito Kuala;Prov. Kalimantan Selatan
150206  ;Kec. Pelaihari;Kab. Tanah Laut;Prov. Kalimantan Selatan
150509  ;Kec. Daha Selatan;Kab. Hulu Sungai Selatan;Prov. Kalimantan Selatan
150207  ;Kec. Batu Ampar;Kab. Tanah Laut;Prov. Kalimantan Selatan
150608  ;Kec. Pendawan;Kab. Hulu Sungai Tengah;Prov. Kalimantan Selatan
150209  ;Kec. Kintap;Kab. Tanah Laut;Prov. Kalimantan Selatan
150307  ;Kec. Mandastana;Kab. Barito Kuala;Prov. Kalimantan Selatan
150602  ;Kec. Batu Benawa;Kab. Hulu Sungai Tengah;Prov. Kalimantan Selatan
150606  ;Kec. Labuan Amas Selatan;Kab. Hulu Sungai Tengah;Prov. Kalimantan Selatan
150405  ;Kec. Piani;Kab. Tapin;Prov. Kalimantan Selatan
150507  ;Kec. Simpur;Kab. Hulu Sungai Selatan;Prov. Kalimantan Selatan
150411  ;Kec. Hatungun;Kab. Tapin;Prov. Kalimantan Selatan
150407  ;Kec. Tapin Utara;Kab. Tapin;Prov. Kalimantan Selatan
150707  ;Kec. Amuntai Utara;Kab. Hulu Sungai Utara;Prov. Kalimantan Selatan
150409  ;Kec. Candi Laras Selatan;Kab. Tapin;Prov. Kalimantan Selatan
150309  ;Kec. Wanaraya;Kab. Barito Kuala;Prov. Kalimantan Selatan
150506  ;Kec. Sungai Raya;Kab. Hulu Sungai Selatan;Prov. Kalimantan Selatan
150205  ;Kec. Tambang Ulang;Kab. Tanah Laut;Prov. Kalimantan Selatan
150610  ;Kec. Batang Alai Timur;Kab. Hulu Sungai Tengah;Prov. Kalimantan Selatan
150508  ;Kec. Kalumpang;Kab. Hulu Sungai Selatan;Prov. Kalimantan Selatan
150208  ;Kec. Jorong;Kab. Tanah Laut;Prov. Kalimantan Selatan
150408  ;Kec. Bakarangan;Kab. Tapin;Prov. Kalimantan Selatan
150611  ;Kec. Limpasu;Kab. Hulu Sungai Tengah;Prov. Kalimantan Selatan
150314  ;Kec. Marabahan;Kab. Barito Kuala;Prov. Kalimantan Selatan
150701  ;Kec. Danau Panggang;Kab. Hulu Sungai Utara;Prov. Kalimantan Selatan
150305  ;Kec. Anjir Muara;Kab. Barito Kuala;Prov. Kalimantan Selatan
150501  ;Kec. Padang Batung;Kab. Hulu Sungai Selatan;Prov. Kalimantan Selatan
150303  ;Kec. Mekarsari;Kab. Barito Kuala;Prov. Kalimantan Selatan
150211  ;Kec. Bajuin;Kab. Tanah Laut;Prov. Kalimantan Selatan
150607  ;Kec. Labuan Amas Utara;Kab. Hulu Sungai Tengah;Prov. Kalimantan Selatan
150312  ;Kec. Cerbon;Kab. Barito Kuala;Prov. Kalimantan Selatan
150603  ;Kec. Hantakan;Kab. Hulu Sungai Tengah;Prov. Kalimantan Selatan
150313  ;Kec. Bakumpai;Kab. Barito Kuala;Prov. Kalimantan Selatan
150511  ;Kec. Daha Barat;Kab. Hulu Sungai Selatan;Prov. Kalimantan Selatan
150601  ;Kec. Haruyan;Kab. Hulu Sungai Tengah;Prov. Kalimantan Selatan
150310  ;Kec. Barambai;Kab. Barito Kuala;Prov. Kalimantan Selatan
150304  ;Kec. Anjir Pasar;Kab. Barito Kuala;Prov. Kalimantan Selatan
150402  ;Kec. Tapin Selatan;Kab. Tapin;Prov. Kalimantan Selatan
150502  ;Kec. Loksado;Kab. Hulu Sungai Selatan;Prov. Kalimantan Selatan
150504  ;Kec. Angkinang;Kab. Hulu Sungai Selatan;Prov. Kalimantan Selatan
150505  ;Kec. Kandangan;Kab. Hulu Sungai Selatan;Prov. Kalimantan Selatan
150301  ;Kec. Tabunganen;Kab. Barito Kuala;Prov. Kalimantan Selatan
150302  ;Kec. Tamban;Kab. Barito Kuala;Prov. Kalimantan Selatan
150317  ;Kec. Jejangkit;Kab. Barito Kuala;Prov. Kalimantan Selatan
150609  ;Kec. Batang Alai Utara;Kab. Hulu Sungai Tengah;Prov. Kalimantan Selatan
150503  ;Kec. Telaga Langsat;Kab. Hulu Sungai Selatan;Prov. Kalimantan Selatan
150316  ;Kec. Kuripan;Kab. Barito Kuala;Prov. Kalimantan Selatan
150306  ;Kec. Alalak;Kab. Barito Kuala;Prov. Kalimantan Selatan
150210  ;Kec. Harapan Bumi Makmur;Kab. Tanah Laut;Prov. Kalimantan Selatan
150315  ;Kec. Tabukan;Kab. Barito Kuala;Prov. Kalimantan Selatan
150311  ;Kec. Rantau Badauh;Kab. Barito Kuala;Prov. Kalimantan Selatan
150510  ;Kec. Daha Utara;Kab. Hulu Sungai Selatan;Prov. Kalimantan Selatan
150702  ;Kec. Babirik;Kab. Hulu Sungai Utara;Prov. Kalimantan Selatan
150403  ;Kec. Tapin Tengah;Kab. Tapin;Prov. Kalimantan Selatan
150404  ;Kec. Bungur;Kab. Tapin;Prov. Kalimantan Selatan
150401  ;Kec. Binuang;Kab. Tapin;Prov. Kalimantan Selatan
151006  ;Kec. Halong;Kab. Balangan;Prov. Kalimantan Selatan
150710  ;Kec. Haur Gading;Kab. Hulu Sungai Utara;Prov. Kalimantan Selatan
150908  ;Kec. Kelumpang Hilir;Kab. Kota Baru;Prov. Kalimantan Selatan
151003  ;Kec. Awayan;Kab. Balangan;Prov. Kalimantan Selatan
150704  ;Kec. Amuntai Selatan;Kab. Hulu Sungai Utara;Prov. Kalimantan Selatan
150808  ;Kec. Haruai;Kab. Tabalong;Prov. Kalimantan Selatan
150809  ;Kec. Upau;Kab. Tabalong;Prov. Kalimantan Selatan
150922  ;Kec. Pamukan Barat;Kab. Kota Baru;Prov. Kalimantan Selatan
150706  ;Kec. Banjang;Kab. Hulu Sungai Utara;Prov. Kalimantan Selatan
150803  ;Kec. Kelua;Kab. Tabalong;Prov. Kalimantan Selatan
156106  ;Kec. Liang Anggang;Kota Banjarbaru;Prov. Kalimantan Selatan
150917  ;Kec. Kelumpang Utara;Kab. Kota Baru;Prov. Kalimantan Selatan
156105  ;Kec. Banjarbaru Selatan;Kota Banjarbaru;Prov. Kalimantan Selatan
156001  ;Kec. Banjarmasin Selatan;Kota Banjarmasin;Prov. Kalimantan Selatan
150810  ;Kec. Muara Uya;Kab. Tabalong;Prov. Kalimantan Selatan
151008  ;Kec. Paringin Selatan;Kab. Balangan;Prov. Kalimantan Selatan
156002  ;Kec. Banjarmasin Timur;Kota Banjarmasin;Prov. Kalimantan Selatan
150906  ;Kec. Pulau Laut Utara;Kab. Kota Baru;Prov. Kalimantan Selatan
156003  ;Kec. Banjarmasin Barat;Kota Banjarmasin;Prov. Kalimantan Selatan
151103  ;Kec. Satui;Kab. Tanah Bumbu;Prov. Kalimantan Selatan
150921  ;Kec. Pulau Laut Kepulauan;Kab. Kota Baru;Prov. Kalimantan Selatan
150915  ;Kec. Sungai Durian;Kab. Kota Baru;Prov. Kalimantan Selatan
150805  ;Kec. Tanta;Kab. Tabalong;Prov. Kalimantan Selatan
150920  ;Kec. Pamukan Utara;Kab. Kota Baru;Prov. Kalimantan Selatan
151004  ;Kec. Paringin;Kab. Balangan;Prov. Kalimantan Selatan
150801  ;Kec. Banua Lawas;Kab. Tabalong;Prov. Kalimantan Selatan
150901  ;Kec. Pulau Sembilan;Kab. Kota Baru;Prov. Kalimantan Selatan
150802  ;Kec. Pugaan;Kab. Tabalong;Prov. Kalimantan Selatan
151106  ;Kec. Simpang Empat;Kab. Tanah Bumbu;Prov. Kalimantan Selatan
151104  ;Kec. Kusan Hulu;Kab. Tanah Bumbu;Prov. Kalimantan Selatan
150806  ;Kec. Tanjung;Kab. Tabalong;Prov. Kalimantan Selatan
150904  ;Kec. Pulau Laut Timur;Kab. Kota Baru;Prov. Kalimantan Selatan
151105  ;Kec. Batu Licin;Kab. Tanah Bumbu;Prov. Kalimantan Selatan
150912  ;Kec. Kelumpang Selatan;Kab. Kota Baru;Prov. Kalimantan Selatan
150905  ;Kec. Pulau Sebuku;Kab. Kota Baru;Prov. Kalimantan Selatan
150705  ;Kec. Amuntai Tengah;Kab. Hulu Sungai Utara;Prov. Kalimantan Selatan
150811  ;Kec. Jaro;Kab. Tabalong;Prov. Kalimantan Selatan
150916  ;Kec. Kelumpang Tengah;Kab. Kota Baru;Prov. Kalimantan Selatan
151007  ;Kec. Tebing Tinggi;Kab. Balangan;Prov. Kalimantan Selatan
150903  ;Kec. Pulau Laut Selatan;Kab. Kota Baru;Prov. Kalimantan Selatan
150804  ;Kec. Muara Harus;Kab. Tabalong;Prov. Kalimantan Selatan
151107  ;Kec. Karang Bintang;Kab. Tanah Bumbu;Prov. Kalimantan Selatan
150914  ;Kec. Hampang;Kab. Kota Baru;Prov. Kalimantan Selatan
150708  ;Kec. Paminggir;Kab. Hulu Sungai Utara;Prov. Kalimantan Selatan
150807  ;Kec. Murung Pudak;Kab. Tabalong;Prov. Kalimantan Selatan
150918  ;Kec. Pamukan Selatan;Kab. Kota Baru;Prov. Kalimantan Selatan
151102  ;Kec. Sungai Loban;Kab. Tanah Bumbu;Prov. Kalimantan Selatan
150919  ;Kec. Sampanahan;Kab. Kota Baru;Prov. Kalimantan Selatan
150709  ;Kec. Sungai Tabukan;Kab. Hulu Sungai Utara;Prov. Kalimantan Selatan
151108  ;Kec. Mantewe;Kab. Tanah Bumbu;Prov. Kalimantan Selatan
150902  ;Kec. Pulau Laut Barat;Kab. Kota Baru;Prov. Kalimantan Selatan
151005  ;Kec. Juai;Kab. Balangan;Prov. Kalimantan Selatan
150812  ;Kec. Bintang Ara;Kab. Tabalong;Prov. Kalimantan Selatan
156104  ;Kec. Banjarbaru Utara;Kota Banjarbaru;Prov. Kalimantan Selatan
150909  ;Kec. Kelumpang Barat;Kab. Kota Baru;Prov. Kalimantan Selatan
151001  ;Kec. Lampihong;Kab. Balangan;Prov. Kalimantan Selatan
151109  ;Kec. Angsana;Kab. Tanah Bumbu;Prov. Kalimantan Selatan
151110  ;Kec. Kuranji;Kab. Tanah Bumbu;Prov. Kalimantan Selatan
150907  ;Kec. Pulau Laut Tengah;Kab. Kota Baru;Prov. Kalimantan Selatan
151002  ;Kec. Batu Mandi;Kab. Balangan;Prov. Kalimantan Selatan
160110  ;Kec. Batu Engau;Kab. Pasir;Prov. Kalimantan Timur
160106  ;Kec. Long Ikis;Kab. Pasir;Prov. Kalimantan Timur
160215  ;Kec. Muara Kaman;Kab. Kutai Kartanegara;Prov. Kalimantan Timur
160218  ;Kec. Tabang;Kab. Kutai Kartanegara;Prov. Kalimantan Timur
160202  ;Kec. Muara Jawa;Kab. Kutai Kartanegara;Prov. Kalimantan Timur
160315  ;Kec. Biatan;Kab. Berau;Prov. Kalimantan Timur
160206  ;Kec. Muara Muntai;Kab. Kutai Kartanegara;Prov. Kalimantan Timur
160101  ;Kec. Batu Sopang;Kab. Pasir;Prov. Kalimantan Timur
160304  ;Kec. Pulau Derawan;Kab. Berau;Prov. Kalimantan Timur
160105  ;Kec. Kuaro;Kab. Pasir;Prov. Kalimantan Timur
156005  ;Kec. Banjarmasin Tengah;Kota Banjarmasin;Prov. Kalimantan Selatan
160207  ;Kec. Muara Wis;Kab. Kutai Kartanegara;Prov. Kalimantan Timur
160108  ;Kec. Long Kali;Kab. Pasir;Prov. Kalimantan Timur
160201  ;Kec. Semboja;Kab. Kutai Kartanegara;Prov. Kalimantan Timur
160306  ;Kec. Tanjung Redeb;Kab. Berau;Prov. Kalimantan Timur
160104  ;Kec. Tanah Grogot;Kab. Pasir;Prov. Kalimantan Timur
156101  ;Kec. Landasan Ulin;Kota Banjarbaru;Prov. Kalimantan Selatan
160216  ;Kec. Kenohan;Kab. Kutai Kartanegara;Prov. Kalimantan Timur
160301  ;Kec. Kelay;Kab. Berau;Prov. Kalimantan Timur
160312  ;Kec. Tubalar;Kab. Berau;Prov. Kalimantan Timur
160204  ;Kec. Loa Janan;Kab. Kutai Kartanegara;Prov. Kalimantan Timur
160302  ;Kec. Talisayan;Kab. Berau;Prov. Kalimantan Timur
160205  ;Kec. Loa Kulu;Kab. Kutai Kartanegara;Prov. Kalimantan Timur
160107  ;Kec. Muara Komam;Kab. Pasir;Prov. Kalimantan Timur
160103  ;Kec. Pasir Balengkong;Kab. Pasir;Prov. Kalimantan Timur
160309  ;Kec. Teluk Bayur;Kab. Berau;Prov. Kalimantan Timur
160217  ;Kec. Kembang Janggut;Kab. Kutai Kartanegara;Prov. Kalimantan Timur
160210  ;Kec. Sebulu;Kab. Kutai Kartanegara;Prov. Kalimantan Timur
160303  ;Kec. Biduk Biduk;Kab. Berau;Prov. Kalimantan Timur
160203  ;Kec. Sanga-Sanga;Kab. Kutai Kartanegara;Prov. Kalimantan Timur
160314  ;Kec. Batu Putih;Kab. Berau;Prov. Kalimantan Timur
160308  ;Kec. Segah;Kab. Berau;Prov. Kalimantan Timur
160305  ;Kec. Sambaliung;Kab. Berau;Prov. Kalimantan Timur
160211  ;Kec. Tenggarong Seberang;Kab. Kutai Kartanegara;Prov. Kalimantan Timur
156102  ;Kec. Cempaka;Kota Banjarbaru;Prov. Kalimantan Selatan
160209  ;Kec. Tenggarong;Kab. Kutai Kartanegara;Prov. Kalimantan Timur
160307  ;Kec. Gunung Tabur;Kab. Berau;Prov. Kalimantan Timur
160212  ;Kec. Anggana;Kab. Kutai Kartanegara;Prov. Kalimantan Timur
160313  ;Kec. Pulau Maratua;Kab. Berau;Prov. Kalimantan Timur
160213  ;Kec. Muara Badak;Kab. Kutai Kartanegara;Prov. Kalimantan Timur
160208  ;Kec. Kota Bangun;Kab. Kutai Kartanegara;Prov. Kalimantan Timur
160109  ;Kec. Muara Samu;Kab. Pasir;Prov. Kalimantan Timur
160102  ;Kec. Tanjung Harapan;Kab. Pasir;Prov. Kalimantan Timur
160902  ;Kec. Jempang;Kab. Kutai Barat;Prov. Kalimantan Timur
161006  ;Kec. Kaliorang;Kab. Kutai Timur;Prov. Kalimantan Timur
160908  ;Kec. Melak;Kab. Kutai Barat;Prov. Kalimantan Timur
161010  ;Kec. Busang;Kab. Kutai Timur;Prov. Kalimantan Timur
161008  ;Kec. Kombeng;Kab. Kutai Timur;Prov. Kalimantan Timur
161013  ;Kec. Sengata Selatan;Kab. Kutai Timur;Prov. Kalimantan Timur
161104  ;Kec. Sepaku;Kab. Penajam Paser Utara;Prov. Kalimantan Timur
161102  ;Kec. Waru;Kab. Penajam Paser Utara;Prov. Kalimantan Timur
161009  ;Kec. Bengalon;Kab. Kutai Timur;Prov. Kalimantan Timur
160916  ;Kec. Linggang Bingung;Kab. Kutai Barat;Prov. Kalimantan Timur
160901  ;Kec. Bongan;Kab. Kutai Barat;Prov. Kalimantan Timur
161002  ;Kec. Muara Wahau;Kab. Kutai Timur;Prov. Kalimantan Timur
160920  ;Kec. Sekolaq Darat;Kab. Kutai Barat;Prov. Kalimantan Timur
160904  ;Kec. Muara Pahu;Kab. Kutai Barat;Prov. Kalimantan Timur
160919  ;Kec. Nyuatan;Kab. Kutai Barat;Prov. Kalimantan Timur
161005  ;Kec. Sangkulirang;Kab. Kutai Timur;Prov. Kalimantan Timur
161015  ;Kec. Rantau Pulung;Kab. Kutai Timur;Prov. Kalimantan Timur
166003  ;Kec. Samarinda Seberang;Kota Samarinda;Prov. Kalimantan Timur
160923  ;Kec. Siluq Ngurai;Kab. Kutai Barat;Prov. Kalimantan Timur
161001  ;Kec. Muara Ancalong;Kab. Kutai Timur;Prov. Kalimantan Timur
160907  ;Kec. Barong Tongkok;Kab. Kutai Barat;Prov. Kalimantan Timur
161004  ;Kec. Sengata Utara;Kab. Kutai Timur;Prov. Kalimantan Timur
160909  ;Kec. Long Iram;Kab. Kutai Barat;Prov. Kalimantan Timur
160905  ;Kec. Muara Lawa;Kab. Kutai Barat;Prov. Kalimantan Timur
161011  ;Kec. Sandaran;Kab. Kutai Timur;Prov. Kalimantan Timur
160903  ;Kec. Penyinggahan;Kab. Kutai Barat;Prov. Kalimantan Timur
160921  ;Kec. Tering;Kab. Kutai Barat;Prov. Kalimantan Timur
166002  ;Kec. Samarinda Ilir;Kota Samarinda;Prov. Kalimantan Timur
160906  ;Kec. Damai;Kab. Kutai Barat;Prov. Kalimantan Timur
166001  ;Kec. Palaran;Kota Samarinda;Prov. Kalimantan Timur
161101  ;Kec. Babulu;Kab. Penajam Paser Utara;Prov. Kalimantan Timur
161014  ;Kec. Teluk Pandan;Kab. Kutai Timur;Prov. Kalimantan Timur
160917  ;Kec. Manor Bulatn;Kab. Kutai Barat;Prov. Kalimantan Timur
161012  ;Kec. Telen;Kab. Kutai Timur;Prov. Kalimantan Timur
161003  ;Kec. Muara Bengkal;Kab. Kutai Timur;Prov. Kalimantan Timur
160915  ;Kec. Bentian Besar;Kab. Kutai Barat;Prov. Kalimantan Timur
161103  ;Kec. Penajam;Kab. Penajam Paser Utara;Prov. Kalimantan Timur
170308  ;Kec. Manganitu;Kab. Kep. Sangihe;Prov. Sulawesi Utara
161018  ;Kec. Batu Ampar;Kab. Kutai Timur;Prov. Kalimantan Timur
166105  ;Kec. Balikpapan Barat;Kota Balikpapan;Prov. Kalimantan Timur
170112  ;Kec. Sangtombolang;Kab. Bolaang Mongondaw;Prov. Sulawesi Utara
170110  ;Kec. Bolaang;Kab. Bolaang Mongondaw;Prov. Sulawesi Utara
170130  ;Kec. Bilalang;Kab. Bolaang Mongondaw;Prov. Sulawesi Utara
166009  ;Kec. Samarinda Kota;Kota Samarinda;Prov. Kalimantan Timur
170236  ;Kec. Tondano Utara;Kab. Minahasa;Prov. Sulawesi Utara
170309  ;Kec. Tahuna;Kab. Kep. Sangihe;Prov. Sulawesi Utara
166303  ;Kec. Bontang Barat;Kota Bontang;Prov. Kalimantan Timur
170216  ;Kec. Tombariri;Kab. Minahasa;Prov. Sulawesi Utara
161017  ;Kec. Karangan;Kab. Kutai Timur;Prov. Kalimantan Timur
170222  ;Kec. Lembean Timur;Kab. Minahasa;Prov. Sulawesi Utara
170120  ;Kec. Dumoga Timur;Kab. Bolaang Mongondaw;Prov. Sulawesi Utara
170313  ;Kec. Tatoareng;Kab. Kep. Sangihe;Prov. Sulawesi Utara
170221  ;Kec. Kakas;Kab. Minahasa;Prov. Sulawesi Utara
166103  ;Kec. Balikpapan Utara;Kota Balikpapan;Prov. Kalimantan Timur
170306  ;Kec. Tabukan Selatan;Kab. Kep. Sangihe;Prov. Sulawesi Utara
170133  ;Bolaang Timur;Kab. Bolaang Mongondaw;Prov. Sulawesi Utara
166010  ;Kec. Loa Janan Ilir;Kota Samarinda;Prov. Kalimantan Timur
170219  ;Kec. Tondano Timur;Kab. Minahasa;Prov. Sulawesi Utara
170233  ;Kec. Langowan Barat;Kab. Minahasa;Prov. Sulawesi Utara
170129  ;Kec. Passi Timur;Kab. Bolaang Mongondaw;Prov. Sulawesi Utara
170319  ;Kec. Tabukan Selatan Tengah;Kab. Kep. Sangihe;Prov. Sulawesi Utara
170220  ;Kec. Remboken;Kab. Minahasa;Prov. Sulawesi Utara
170224  ;Kec. Kombi;Kab. Minahasa;Prov. Sulawesi Utara
166101  ;Kec. Balikpapan Selatan;Kota Balikpapan;Prov. Kalimantan Timur
170307  ;Kec. Tabukan Tengah;Kab. Kep. Sangihe;Prov. Sulawesi Utara
170117  ;Kec. Dumoga Utara;Kab. Bolaang Mongondaw;Prov. Sulawesi Utara
170119  ;Kec. Dumoga Barat;Kab. Bolaang Mongondaw;Prov. Sulawesi Utara
170111  ;Kec. Lolak;Kab. Bolaang Mongondaw;Prov. Sulawesi Utara
166005  ;Kec. Samarinda Ulu;Kota Samarinda;Prov. Kalimantan Timur
170217  ;Kec. Pineleng;Kab. Minahasa;Prov. Sulawesi Utara
166301  ;Kec. Bontang Selatan;Kota Bontang;Prov. Kalimantan Timur
170305  ;Kec. Tamako;Kab. Kep. Sangihe;Prov. Sulawesi Utara
170106  ;Kec. Lolayan;Kab. Bolaang Mongondaw;Prov. Sulawesi Utara
166104  ;Kec. Balikpapan Tengah;Kota Balikpapan;Prov. Kalimantan Timur
170128  ;Kec. Passi Barat;Kab. Bolaang Mongondaw;Prov. Sulawesi Utara
166302  ;Kec. Bontang Utara;Kota Bontang;Prov. Kalimantan Timur
166007  ;Kec. Sambutan;Kota Samarinda;Prov. Kalimantan Timur
170213  ;Kec. Sonder;Kab. Minahasa;Prov. Sulawesi Utara
170234  ;Kec. Tombulu;Kab. Minahasa;Prov. Sulawesi Utara
170320  ;Kec. Tabukan Selatan Tenggara;Kab. Kep. Sangihe;Prov. Sulawesi Utara
170317  ;Kec. Nusa Tabukan;Kab. Kep. Sangihe;Prov. Sulawesi Utara
170223  ;Kec. Eris;Kab. Minahasa;Prov. Sulawesi Utara
161019  ;Kec. Long Mesangat;Kab. Kutai Timur;Prov. Kalimantan Timur
166008  ;Kec. Sungai Pinang;Kota Samarinda;Prov. Kalimantan Timur
170212  ;Kec. Kawangkoan;Kab. Minahasa;Prov. Sulawesi Utara
170211  ;Kec. Tompaso;Kab. Minahasa;Prov. Sulawesi Utara
166004  ;Kec. Sungai Kunjang;Kota Samarinda;Prov. Kalimantan Timur
170109  ;Kec. Poigar;Kab. Bolaang Mongondaw;Prov. Sulawesi Utara
170311  ;Kec. Kendahe;Kab. Kep. Sangihe;Prov. Sulawesi Utara
166102  ;Kec. Balikpapan Timur;Kota Balikpapan;Prov. Kalimantan Timur
170235  ;Kec. Tondano Barat;Kab. Minahasa;Prov. Sulawesi Utara
170523  ;Kec. Tumpaan;Kab. Minahasa Selatan;Prov. Sulawesi Utara
170905  ;Kec. Siau Tengah;Kab. Kepulauan Sitaro;Prov. Sulawesi Utara
170902  ;Kec. Siau Barat;Kab. Kepulauan Sitaro;Prov. Sulawesi Utara
170802  ;Kec. Bolaang Itang Timur;Kab. Bolaang Mongondow Utara;Prov. Sulawesi Utara
170403  ;Kec. Melonguane;Kab. Kepulauan Talaud;Prov. Sulawesi Utara
170504  ;Kec. Motoling;Kab. Minahasa Selatan;Prov. Sulawesi Utara
170410  ;Kec. Tanpa Namma;Kab. Kepulauan Talaud;Prov. Sulawesi Utara
170603  ;Kec. Dimembe;Kab. Minahasa Utara;Prov. Sulawesi Utara
170417  ;Kec. Pulutan;Kab. Kepulauan Talaud;Prov. Sulawesi Utara
170602  ;Kec. Airmadidi;Kab. Minahasa Utara;Prov. Sulawesi Utara
170519  ;Kec. Tatapan;Kab. Minahasa Selatan;Prov. Sulawesi Utara
170238  ;Kec. Tondano Selatan;Kab. Minahasa;Prov. Sulawesi Utara
170806  ;Kec. Sangkub;Kab. Bolaang Mongondow Utara;Prov. Sulawesi Utara
170604  ;Kec. Wori;Kab. Minahasa Utara;Prov. Sulawesi Utara
170412  ;Kec. Kalongan;Kab. Kepulauan Talaud;Prov. Sulawesi Utara
170804  ;Kec. Kaidipang;Kab. Bolaang Mongondow Utara;Prov. Sulawesi Utara
170522  ;Kec. Sulta;Kab. Minahasa Selatan;Prov. Sulawesi Utara
170407  ;Kec. Nanusa;Kab. Kepulauan Talaud;Prov. Sulawesi Utara
170414  ;Kec. Melonguane Timur;Kab. Kepulauan Talaud;Prov. Sulawesi Utara
170408  ;Kec. Gemeh;Kab. Kepulauan Talaud;Prov. Sulawesi Utara
170509  ;Kec. Amurang;Kab. Minahasa Selatan;Prov. Sulawesi Utara
170402  ;Kec. Lirung;Kab. Kepulauan Talaud;Prov. Sulawesi Utara
170805  ;Kec. Pinogaluman;Kab. Bolaang Mongondow Utara;Prov. Sulawesi Utara
170406  ;Kec. Essang;Kab. Kepulauan Talaud;Prov. Sulawesi Utara
170323  ;Kec. Tahuna Timur;Kab. Kep. Sangihe;Prov. Sulawesi Utara
170524  ;Sinonsayang;Kab. Minahasa Selatan;Prov. Sulawesi Utara
170903  ;Kec. Siau Barat Selatan;Kab. Kepulauan Sitaro;Prov. Sulawesi Utara
170404  ;Kec. Beo;Kab. Kepulauan Talaud;Prov. Sulawesi Utara
170521  ;Kec. Motoling Timur;Kab. Minahasa Selatan;Prov. Sulawesi Utara
170515  ;Kec. Kumelembuai;Kab. Minahasa Selatan;Prov. Sulawesi Utara
170390  ;Kepulauan Marore;Kab. Kep. Sangihe;Prov. Sulawesi Utara
170803  ;Kec. Bolaang Itang Barat;Kab. Bolaang Mongondow Utara;Prov. Sulawesi Utara
170413  ;Kec. Moronge;Kab. Kepulauan Talaud;Prov. Sulawesi Utara
170401  ;Kec. Kabaruan;Kab. Kepulauan Talaud;Prov. Sulawesi Utara
170906  ;Kec. Siau Timur;Kab. Kepulauan Sitaro;Prov. Sulawesi Utara
170418  ;Kec. Essang Selatan;Kab. Kepulauan Talaud;Prov. Sulawesi Utara
170501  ;Kec. Modoinding;Kab. Minahasa Selatan;Prov. Sulawesi Utara
170516  ;Kec. Maesaan;Kab. Minahasa Selatan;Prov. Sulawesi Utara
170901  ;Kec. Biaro;Kab. Kepulauan Sitaro;Prov. Sulawesi Utara
170416  ;Kec. Beo Selatan;Kab. Kepulauan Talaud;Prov. Sulawesi Utara
170510  ;Kec. Tareran;Kab. Minahasa Selatan;Prov. Sulawesi Utara
170503  ;Kec. Ranoyapo;Kab. Minahasa Selatan;Prov. Sulawesi Utara
170610  ;Kec. Likupang Selatan;Kab. Minahasa Utara;Prov. Sulawesi Utara
170239  ;Kec. Langowan Utara;Kab. Minahasa;Prov. Sulawesi Utara
170420  ;Salibabu;Kab. Kepulauan Talaud;Prov. Sulawesi Utara
170419  ;Kec. Miangas;Kab. Kepulauan Talaud;Prov. Sulawesi Utara
170324  ;Kec. Tahuna Barat;Kab. Kep. Sangihe;Prov. Sulawesi Utara
170405  ;Kec. Rainis;Kab. Kepulauan Talaud;Prov. Sulawesi Utara
170601  ;Kec. Kauditan;Kab. Minahasa Utara;Prov. Sulawesi Utara
170502  ;Kec. Tompaso Baru;Kab. Minahasa Selatan;Prov. Sulawesi Utara
170517  ;Kec. Amurang Barat;Kab. Minahasa Selatan;Prov. Sulawesi Utara
170520  ;Kec. Motoling Barat;Kab. Minahasa Selatan;Prov. Sulawesi Utara
170904  ;Kec. Siau Barat Utara;Kab. Kepulauan Sitaro;Prov. Sulawesi Utara
170304  ;Kec. Manganitu Selatan;Kab. Kep. Sangihe;Prov. Sulawesi Utara
170409  ;Kec. Damau;Kab. Kepulauan Talaud;Prov. Sulawesi Utara
170415  ;Kec. Beo Utara;Kab. Kepulauan Talaud;Prov. Sulawesi Utara
170605  ;Kec. Likupang Timur;Kab. Minahasa Utara;Prov. Sulawesi Utara
170518  ;Kec. Amurang Timur;Kab. Minahasa Selatan;Prov. Sulawesi Utara
170910  ;Kec. Tagulandang Utara;Kab. Kepulauan Sitaro;Prov. Sulawesi Utara
176008  ;Kec. Tuminting;Kota Manado;Prov. Sulawesi Utara
171012  ;Kec. Ratahan Timur;Kab. Minahasa Tenggara;Prov. Sulawesi Utara
171203  ;Kec. Pinolosian;Kab. Bolaang Mongondaw Selatan;Prov. Sulawesi Utara
171003  ;Kec. Belang;Kab. Minahasa Tenggara;Prov. Sulawesi Utara
176107  ;Kec. Lembeh Utara;Kota Bitung;Prov. Sulawesi Utara
171104  ;Kec. Modayag;Kab. Bolaang Mongondaw Timur;Prov. Sulawesi Utara
176101  ;Kec. Ranowulu;Kota Bitung;Prov. Sulawesi Utara
180107  ;Kec. Buko;Kab. Banggai Kepulauan;Prov. Sulawesi Tengah
176005  ;Kec. Bunaken;Kota Manado;Prov. Sulawesi Utara
180106  ;Kec. Bulagi;Kab. Banggai Kepulauan;Prov. Sulawesi Tengah
170909  ;Kec. Tagulandang Selatan;Kab. Kepulauan Sitaro;Prov. Sulawesi Utara
171204  ;Kec. Pinolosian Timur;Kab. Bolaang Mongondaw Selatan;Prov. Sulawesi Utara
180110  ;Kec. Bulagi Selatan;Kab. Banggai Kepulauan;Prov. Sulawesi Tengah
171001  ;Kec. Ratatotok;Kab. Minahasa Tenggara;Prov. Sulawesi Utara
171201  ;Kec. Bolaang Uki;Kab. Bolaang Mongondaw Selatan;Prov. Sulawesi Utara
176201  ;Kec. Tomohon Utara;Kota Tomohon;Prov. Sulawesi Utara
170608  ;Kec. Kalawat;Kab. Minahasa Utara;Prov. Sulawesi Utara
176006  ;Kec. Wanea;Kota Manado;Prov. Sulawesi Utara
171004  ;Kec. Ratahan;Kab. Minahasa Tenggara;Prov. Sulawesi Utara
176106  ;Kec. Aertembaga;Kota Bitung;Prov. Sulawesi Utara
170907  ;Kec. Siau Timur Selatan;Kab. Kepulauan Sitaro;Prov. Sulawesi Utara
176001  ;Kec. Malalayang;Kota Manado;Prov. Sulawesi Utara
176304  ;Kec. Kotamobagu Selatan;Kota. Kotamobagu;Prov. Sulawesi Utara
176104  ;Kec. Madidir;Kota Bitung;Prov. Sulawesi Utara
170908  ;Kec. Tagulandang;Kab. Kepulauan Sitaro;Prov. Sulawesi Utara
171007  ;Kec. Touluaan Selatan;Kab. Minahasa Tenggara;Prov. Sulawesi Utara
176105  ;Kec. Maesa;Kota Bitung;Prov. Sulawesi Utara
171011  ;Kec. Pasan;Kab. Minahasa Tenggara;Prov. Sulawesi Utara
171105  ;Kec. Modayag Barat;Kab. Bolaang Mongondaw Timur;Prov. Sulawesi Utara
176108  ;Kec. Lembeh Selatan;Kota Bitung;Prov. Sulawesi Utara
171205  ;Kec. Pinolosian Tengah;Kab. Bolaang Mongondaw Selatan;Prov. Sulawesi Utara
176302  ;Kec. Kotamobagu Timur;Kota. Kotamobagu;Prov. Sulawesi Utara
176004  ;Kec. Mapanget;Kota Manado;Prov. Sulawesi Utara
171103  ;Kec.Tutuyan;Kab. Bolaang Mongondaw Timur;Prov. Sulawesi Utara
176301  ;Kec. Kotamobagu Barat;Kota. Kotamobagu;Prov. Sulawesi Utara
171202  ;Kec. Posigadan;Kab. Bolaang Mongondaw Selatan;Prov. Sulawesi Utara
176009  ;Kec. Singkil;Kota Manado;Prov. Sulawesi Utara
176102  ;Kec. Matuari;Kota Bitung;Prov. Sulawesi Utara
180105  ;Kec. Liang;Kab. Banggai Kepulauan;Prov. Sulawesi Tengah
171005  ;Kec. Tombatu;Kab. Minahasa Tenggara;Prov. Sulawesi Utara
171102  ;Kec. Nuangan;Kab. Bolaang Mongondaw Timur;Prov. Sulawesi Utara
171101  ;Kec. Kotabunan;Kab. Bolaang Mongondaw Timur;Prov. Sulawesi Utara
171008  ;Kec. Silian Raya;Kab. Minahasa Tenggara;Prov. Sulawesi Utara
171006  ;Kec. Touluaan;Kab. Minahasa Tenggara;Prov. Sulawesi Utara
170609  ;Kec. Talawaan;Kab. Minahasa Utara;Prov. Sulawesi Utara
171009  ;Kec. Tombatu Timur;Kab. Minahasa Tenggara;Prov. Sulawesi Utara
180103  ;Kec. Totikum;Kab. Banggai Kepulauan;Prov. Sulawesi Tengah
180104  ;Kec. Tinangkung;Kab. Banggai Kepulauan;Prov. Sulawesi Tengah
171002  ;Kec. Pusomaen;Kab. Minahasa Tenggara;Prov. Sulawesi Utara
176303  ;Kec. Kotamobagu Utara;Kota. Kotamobagu;Prov. Sulawesi Utara
176007  ;Kec. Tikala;Kota Manado;Prov. Sulawesi Utara
176103  ;Kec. Girian;Kota Bitung;Prov. Sulawesi Utara
176003  ;Kec. Wenang;Kota Manado;Prov. Sulawesi Utara
176002  ;Kec. Sario;Kota Manado;Prov. Sulawesi Utara
180118  ;Kec. Peling Tengah;Kab. Banggai Kepulauan;Prov. Sulawesi Tengah
180234  ;Kec. Sindue Tombusabora;Kab. Donggala;Prov. Sulawesi Tengah
180303  ;Kec. Pamona Utara;Kab. Parigi Mautong;Prov. Sulawesi Tengah
180213  ;Kec. Balaesang;Kab. Donggala;Prov. Sulawesi Tengah
180323  ;Kec. Lore Timur;Kab. Parigi Mautong;Prov. Sulawesi Tengah
180117  ;Kec. Tinangkung Utara;Kab. Banggai Kepulauan;Prov. Sulawesi Tengah
180322  ;Pamona Puselemba;Kab. Parigi Mautong;Prov. Sulawesi Tengah
180120  ;Kec. Buko Selatan;Kab. Banggai Kepulauan;Prov. Sulawesi Tengah
180407  ;Kec. Lamala;Kab. Banggai;Prov. Sulawesi Tengah
176203  ;Kec. Tomohon Selatan;Kota Tomohon;Prov. Sulawesi Utara
180403  ;Kec. Bunta;Kab. Banggai;Prov. Sulawesi Tengah
180236  ;Kec. Sojol Utara;Kab. Donggala;Prov. Sulawesi Tengah
180409  ;Kec. Bualemo;Kab. Banggai;Prov. Sulawesi Tengah
180405  ;Kec. Luwuk;Kab. Banggai;Prov. Sulawesi Tengah
180401  ;Kec. Toili;Kab. Banggai;Prov. Sulawesi Tengah
180314  ;Kec. Pamona Timur;Kab. Parigi Mautong;Prov. Sulawesi Tengah
180224  ;Kec. Banawa Selatan;Kab. Donggala;Prov. Sulawesi Tengah
176204  ;Kec. Tomohon Timur;Kota Tomohon;Prov. Sulawesi Utara
180324  ;Kec. Lore Peore;Kab. Parigi Mautong;Prov. Sulawesi Tengah
180305  ;Kec. Poso Pesisir;Kab. Parigi Mautong;Prov. Sulawesi Tengah
180235  ;Kec. Sindue Tobata;Kab. Donggala;Prov. Sulawesi Tengah
180408  ;Kec. Balantak;Kab. Banggai;Prov. Sulawesi Tengah
180227  ;Kec. Pinembani;Kab. Donggala;Prov. Sulawesi Tengah
180119  ;Kec. Bulagi Utara;Kab. Banggai Kepulauan;Prov. Sulawesi Tengah
180209  ;Kec. Labuan;Kab. Donggala;Prov. Sulawesi Tengah
180220  ;Kec. Rio Pakava;Kab. Donggala;Prov. Sulawesi Tengah
176205  ;Kec. Tomohon Barat;Kota Tomohon;Prov. Sulawesi Utara
180406  ;Kec. Pagimana;Kab. Banggai;Prov. Sulawesi Tengah
180116  ;Kec. Tinangkung Selatan;Kab. Banggai Kepulauan;Prov. Sulawesi Tengah
180237  ;Kec. Balaesang Tanjung;Kab. Donggala;Prov. Sulawesi Tengah
180199  ;Totikum Selatan;Kab. Banggai Kepulauan;Prov. Sulawesi Tengah
180315  ;Kec. Lore Tengah;Kab. Parigi Mautong;Prov. Sulawesi Tengah
180325  ;Pamona Tenggara;Kab. Parigi Mautong;Prov. Sulawesi Tengah
180413  ;Kec. Masama;Kab. Banggai;Prov. Sulawesi Tengah
180304  ;Kec. Lore Utara;Kab. Parigi Mautong;Prov. Sulawesi Tengah
180307  ;Kec. Poso Kota;Kab. Parigi Mautong;Prov. Sulawesi Tengah
180412  ;Kec. Luwuk Timur;Kab. Banggai;Prov. Sulawesi Tengah
180225  ;Kec. Tanantovea;Kab. Donggala;Prov. Sulawesi Tengah
180214  ;Kec. Damsol;Kab. Donggala;Prov. Sulawesi Tengah
180306  ;Kec. Lage;Kab. Parigi Mautong;Prov. Sulawesi Tengah
180316  ;Kec. Pamona Barat;Kab. Parigi Mautong;Prov. Sulawesi Tengah
180210  ;Kec. Sindue;Kab. Donggala;Prov. Sulawesi Tengah
180411  ;Kec. Nuhon;Kab. Banggai;Prov. Sulawesi Tengah
180402  ;Kec. Batui;Kab. Banggai;Prov. Sulawesi Tengah
180212  ;Kec. Sirenja;Kab. Donggala;Prov. Sulawesi Tengah
180410  ;Kec. Toili Barat;Kab. Banggai;Prov. Sulawesi Tengah
180233  ;Kec. Banawa Tengah;Kab. Donggala;Prov. Sulawesi Tengah
180216  ;Kec. Sojol;Kab. Donggala;Prov. Sulawesi Tengah
180302  ;Kec. Lore Selatan;Kab. Parigi Mautong;Prov. Sulawesi Tengah
180404  ;Kec. Kintom;Kab. Banggai;Prov. Sulawesi Tengah
180802  ;Kec. Parigi;Kab. Poso;Prov. Sulawesi Tengah
180701  ;Kec. Menui Kepulauan;Kab. Marowali;Prov. Sulawesi Tengah
180903  ;Kec. Ampana Tete;Kab. Tojo Una-Una;Prov. Sulawesi Tengah
180603  ;Kec. Dondo;Kab. Toli-Toli;Prov. Sulawesi Tengah
180820  ;Kec. Parigi Tengah;Kab. Poso;Prov. Sulawesi Tengah
180508  ;Kec. Gadung;Kab. Buol;Prov. Sulawesi Tengah
180511  ;Kec. Paleleh Barat;Kab. Buol;Prov. Sulawesi Tengah
180610  ;Kec. Dako Pemean;Kab. Toli-Toli;Prov. Sulawesi Tengah
180704  ;Kec. Bungku Barat;Kab. Marowali;Prov. Sulawesi Tengah
180606  ;Kec. Utara Toli-Toli;Kab. Toli-Toli;Prov. Sulawesi Tengah
180320  ;Kec. Lore Barat;Kab. Parigi Mautong;Prov. Sulawesi Tengah
180507  ;Kec. Bukal;Kab. Buol;Prov. Sulawesi Tengah
180810  ;Kec. Tinombo Selatan;Kab. Poso;Prov. Sulawesi Tengah
180702  ;Kec. Bungku Selatan;Kab. Marowali;Prov. Sulawesi Tengah
180890  ;Ongka Malino;Kab. Poso;Prov. Sulawesi Tengah
180816  ;Kec. Ribulu;Kab. Poso;Prov. Sulawesi Tengah
180805  ;Kec. Tomini;Kab. Poso;Prov. Sulawesi Tengah
180609  ;Kec. Lampasio;Kab. Toli-Toli;Prov. Sulawesi Tengah
180821  ;Balinggi;Kab. Poso;Prov. Sulawesi Tengah
180819  ;Kec. Taopa;Kab. Poso;Prov. Sulawesi Tengah
180604  ;Kec. Baolan;Kab. Toli-Toli;Prov. Sulawesi Tengah
180512  ;Lakea;Kab. Buol;Prov. Sulawesi Tengah
180602  ;Kec. Dampal Utara;Kab. Toli-Toli;Prov. Sulawesi Tengah
180803  ;Kec. Ampibabo;Kab. Poso;Prov. Sulawesi Tengah
180801  ;Kec. Sausu;Kab. Poso;Prov. Sulawesi Tengah
180605  ;Kec. Galang;Kab. Toli-Toli;Prov. Sulawesi Tengah
180510  ;Kec. Karamat;Kab. Buol;Prov. Sulawesi Tengah
180504  ;Kec. Bunobogu;Kab. Buol;Prov. Sulawesi Tengah
180904  ;Kec. Ampana Kota;Kab. Tojo Una-Una;Prov. Sulawesi Tengah
180711  ;Kec. Witaponda;Kab. Marowali;Prov. Sulawesi Tengah
180709  ;Kec. Bahodopi;Kab. Marowali;Prov. Sulawesi Tengah
180817  ;Kec. Siniu;Kab. Poso;Prov. Sulawesi Tengah
180505  ;Kec. Paleleh;Kab. Buol;Prov. Sulawesi Tengah
180503  ;Kec. Bokat;Kab. Buol;Prov. Sulawesi Tengah
180811  ;Kec. Parigi Selatan;Kab. Poso;Prov. Sulawesi Tengah
180608  ;Kec. Basidondo;Kab. Toli-Toli;Prov. Sulawesi Tengah
180902  ;Kec. Ulubongka;Kab. Tojo Una-Una;Prov. Sulawesi Tengah
180906  ;Kec. Walea Kepulauan;Kab. Tojo Una-Una;Prov. Sulawesi Tengah
180321  ;Kec. Poso Kota Selatan;Kab. Parigi Mautong;Prov. Sulawesi Tengah
180815  ;Kec. Parigi Utara;Kab. Poso;Prov. Sulawesi Tengah
180703  ;Kec. Bungku Tengah;Kab. Marowali;Prov. Sulawesi Tengah
180501  ;Kec. Biau;Kab. Buol;Prov. Sulawesi Tengah
180891  ;Bolano;Kab. Poso;Prov. Sulawesi Tengah
180713  ;Kec. Bumi Raya;Kab. Marowali;Prov. Sulawesi Tengah
180506  ;Kec. Tiloan;Kab. Buol;Prov. Sulawesi Tengah
180812  ;Kec. Mepanga;Kab. Poso;Prov. Sulawesi Tengah
180607  ;Kec. Ogo Deide;Kab. Toli-Toli;Prov. Sulawesi Tengah
180502  ;Kec. Momunu;Kab. Buol;Prov. Sulawesi Tengah
180814  ;Kec. Parigi Barat;Kab. Poso;Prov. Sulawesi Tengah
180905  ;Kec. Una - Una;Kab. Tojo Una-Una;Prov. Sulawesi Tengah
180818  ;Kec. Palasa;Kab. Poso;Prov. Sulawesi Tengah
180804  ;Kec. Tinombo;Kab. Poso;Prov. Sulawesi Tengah
181010  ;Kec. Marawola;Kab. Sigi;Prov. Sulawesi Tengah
190109  ;Kec. Turikale;Kab. Maros;Prov. Sulawesi Selatan
181007  ;Kec. Dolo;Kab. Sigi;Prov. Sulawesi Tengah
190302  ;Kec. Bajeng;Kab. Gowa;Prov. Sulawesi Selatan
181002  ;Kec. Pipikoro;Kab. Sigi;Prov. Sulawesi Tengah
190314  ;Kec. Bontolempangan;Kab. Gowa;Prov. Sulawesi Selatan
181011  ;Kec. Kinovaru;Kab. Sigi;Prov. Sulawesi Tengah
190209  ;Kec. Sigeri;Kab. Pangkajene Kepulauan;Prov. Sulawesi Selatan
190301  ;Kec. Bontonompo;Kab. Gowa;Prov. Sulawesi Selatan
190113  ;Kec. Tompobulu;Kab. Maros;Prov. Sulawesi Selatan
190312  ;Kec. Tombolo Pao;Kab. Gowa;Prov. Sulawesi Selatan
186001  ;Kec. Palu Barat;Kota Palu;Prov. Sulawesi Tengah
181003  ;Kec. Kulawi Selatan;Kab. Sigi;Prov. Sulawesi Tengah
190106  ;Kec. Camba;Kab. Maros;Prov. Sulawesi Selatan
190211  ;Kec. Tondong Tallasa;Kab. Pangkajene Kepulauan;Prov. Sulawesi Selatan
181012  ;Kec. Marawola Barat;Kab. Sigi;Prov. Sulawesi Tengah
190114  ;Kec. Cenrana;Kab. Maros;Prov. Sulawesi Selatan
190303  ;Kec. Pallangga;Kab. Gowa;Prov. Sulawesi Selatan
190313  ;Kec. Manuju;Kab. Gowa;Prov. Sulawesi Selatan
190304  ;Kec. Somba Opu;Kab. Gowa;Prov. Sulawesi Selatan
190208  ;Kec. Ma`rang;Kab. Pangkajene Kepulauan;Prov. Sulawesi Selatan
190305  ;Kec. Bontomarannu;Kab. Gowa;Prov. Sulawesi Selatan
186003  ;Kec. Palu Timur;Kota Palu;Prov. Sulawesi Tengah
190102  ;Kec. Maros Baru;Kab. Maros;Prov. Sulawesi Selatan
180808  ;Kec. Kasimbar;Kab. Poso;Prov. Sulawesi Tengah
180907  ;Kec. Togean;Kab. Tojo Una-Una;Prov. Sulawesi Tengah
181006  ;Kec. Nokilalaki;Kab. Sigi;Prov. Sulawesi Tengah
190307  ;Kec. Tinggi Moncong;Kab. Gowa;Prov. Sulawesi Selatan
190309  ;Kec. Tompobulu;Kab. Gowa;Prov. Sulawesi Selatan
190212  ;Kec. Mandalle;Kab. Pangkajene Kepulauan;Prov. Sulawesi Selatan
181014  ;Kec. Gumbasa;Kab. Sigi;Prov. Sulawesi Tengah
180909  ;Kec. Walea Besar;Kab. Tojo Una-Una;Prov. Sulawesi Tengah
190213  ;Liukang Tupabbiring Utara;Kab. Pangkajene Kepulauan;Prov. Sulawesi Selatan
190111  ;Kec. Lau;Kab. Maros;Prov. Sulawesi Selatan
190315  ;Kec. Pattallassang;Kab. Gowa;Prov. Sulawesi Selatan
190311  ;Kec. Biring Bulu;Kab. Gowa;Prov. Sulawesi Selatan
181013  ;Kec. Sigibiromaru;Kab. Sigi;Prov. Sulawesi Tengah
181015  ;Kec. Tanambulava;Kab. Sigi;Prov. Sulawesi Tengah
181001  ;Kec. Kulawi;Kab. Sigi;Prov. Sulawesi Tengah
190308  ;Kec. Bungaya;Kab. Gowa;Prov. Sulawesi Selatan
190210  ;Kec. Minasatene;Kab. Pangkajene Kepulauan;Prov. Sulawesi Selatan
190306  ;Kec. Parang Loe;Kab. Gowa;Prov. Sulawesi Selatan
190108  ;Kec. Moncongloe;Kab. Maros;Prov. Sulawesi Selatan
186004  ;Kec. Palu Utara;Kota Palu;Prov. Sulawesi Tengah
190105  ;Kec. Tanralili;Kab. Maros;Prov. Sulawesi Selatan
186002  ;Kec. Palu Selatan;Kota Palu;Prov. Sulawesi Tengah
181008  ;Kec. Dolo Selatan;Kab. Sigi;Prov. Sulawesi Tengah
190207  ;Kec. Labakkang;Kab. Pangkajene Kepulauan;Prov. Sulawesi Selatan
190310  ;Kec. Barombong;Kab. Gowa;Prov. Sulawesi Selatan
190101  ;Kec. Mandai;Kab. Maros;Prov. Sulawesi Selatan
190110  ;Kec. Marusu;Kab. Maros;Prov. Sulawesi Selatan
190206  ;Kec. Bungoro;Kab. Pangkajene Kepulauan;Prov. Sulawesi Selatan
181005  ;Kec. Palolo;Kab. Sigi;Prov. Sulawesi Tengah
180908  ;Kec. Tojo Barat;Kab. Tojo Una-Una;Prov. Sulawesi Tengah
190112  ;Kec. Simbang;Kab. Maros;Prov. Sulawesi Selatan
190107  ;Kec. Mallawa;Kab. Maros;Prov. Sulawesi Selatan
190103  ;Kec. Maros Utara;Kab. Maros;Prov. Sulawesi Selatan
181009  ;Kec. Dolo Barat;Kab. Sigi;Prov. Sulawesi Tengah
180809  ;Kec. Torue;Kab. Poso;Prov. Sulawesi Tengah
181004  ;Kec. Lindu;Kab. Sigi;Prov. Sulawesi Tengah
190804  ;Kec. Bola;Kab. Wajo;Prov. Sulawesi Selatan
190802  ;Kec. Tempe;Kab. Wajo;Prov. Sulawesi Selatan
190408  ;Kec. Pattallassang;Kab. Takalar;Prov. Sulawesi Selatan
190317  ;Kec. Parigi;Kab. Gowa;Prov. Sulawesi Selatan
190719  ;Kec. Tellu Siattinge;Kab. Bone;Prov. Sulawesi Selatan
190710  ;Kec. Cina;Kab. Bone;Prov. Sulawesi Selatan
190204  ;Kec. Pangkajene;Kab. Pangkajene Kepulauan;Prov. Sulawesi Selatan
190717  ;Kec. Palakka;Kab. Bone;Prov. Sulawesi Selatan
190718  ;Kec. Awangpone;Kab. Bone;Prov. Sulawesi Selatan
190203  ;Kec. Liukang Tapabiring;Kab. Pangkajene Kepulauan;Prov. Sulawesi Selatan
190721  ;Kec. Ajangale;Kab. Bone;Prov. Sulawesi Selatan
190511  ;Kec. Tarowang;Kab. Jeneponto;Prov. Sulawesi Selatan
190703  ;Kec. Kajuara;Kab. Bone;Prov. Sulawesi Selatan
190410  ;Kec. Galesong;Kab. Takalar;Prov. Sulawesi Selatan
190502  ;Kec. Tamalatea;Kab. Jeneponto;Prov. Sulawesi Selatan
190604  ;Kec. Soppeng Riaja;Kab. Barru;Prov. Sulawesi Selatan
190726  ;Kec. Tanete Riattang Timur;Kab. Bone;Prov. Sulawesi Selatan
190504  ;Kec. Batang;Kab. Jeneponto;Prov. Sulawesi Selatan
190318  ;Kec. Bajeng Barat;Kab. Gowa;Prov. Sulawesi Selatan
190715  ;Kec. Bengo;Kab. Bone;Prov. Sulawesi Selatan
190607  ;Kec. Pujananting;Kab. Barru;Prov. Sulawesi Selatan
190716  ;Kec. Ulaweng;Kab. Bone;Prov. Sulawesi Selatan
190720  ;Kec. Amali;Kab. Bone;Prov. Sulawesi Selatan
190401  ;Kec. Mangarabombang;Kab. Takalar;Prov. Sulawesi Selatan
190723  ;Kec. Cenrana;Kab. Bone;Prov. Sulawesi Selatan
190507  ;Kec. Bontoramba;Kab. Jeneponto;Prov. Sulawesi Selatan
190714  ;Kec. Lamuru;Kab. Bone;Prov. Sulawesi Selatan
190404  ;Kec. Polombangkeng Utara;Kab. Takalar;Prov. Sulawesi Selatan
190508  ;Kec. Turatea;Kab. Jeneponto;Prov. Sulawesi Selatan
190803  ;Kec. Pammana;Kab. Wajo;Prov. Sulawesi Selatan
190805  ;Kec. Takkalala;Kab. Wajo;Prov. Sulawesi Selatan
190503  ;Kec. Binamu;Kab. Jeneponto;Prov. Sulawesi Selatan
190205  ;Kec. Balocci;Kab. Pangkajene Kepulauan;Prov. Sulawesi Selatan
190724  ;Kec. Tanete Riattang Barat;Kab. Bone;Prov. Sulawesi Selatan
190409  ;Kec. Sanrobone;Kab. Takalar;Prov. Sulawesi Selatan
190316  ;Kec. Bontonompo Selatan;Kab. Gowa;Prov. Sulawesi Selatan
190406  ;Kec. Galesong Utara;Kab. Takalar;Prov. Sulawesi Selatan
190709  ;Kec. Sibulue;Kab. Bone;Prov. Sulawesi Selatan
190602  ;Kec. Tanete Rilau;Kab. Barru;Prov. Sulawesi Selatan
190402  ;Kec. Mappakasunggu;Kab. Takalar;Prov. Sulawesi Selatan
190713  ;Kec. Lappariaja;Kab. Bone;Prov. Sulawesi Selatan
190708  ;Kec. Mare;Kab. Bone;Prov. Sulawesi Selatan
190722  ;Kec. Dua Boccoe;Kab. Bone;Prov. Sulawesi Selatan
190606  ;Kec. Balusu;Kab. Barru;Prov. Sulawesi Selatan
190711  ;Kec. Barebbo;Kab. Bone;Prov. Sulawesi Selatan
190806  ;Kec. Sajo Anging;Kab. Wajo;Prov. Sulawesi Selatan
190510  ;Kec. Rumbia;Kab. Jeneponto;Prov. Sulawesi Selatan
190605  ;Kec. Mallusetasi;Kab. Barru;Prov. Sulawesi Selatan
190501  ;Kec. Bangkala;Kab. Jeneponto;Prov. Sulawesi Selatan
190702  ;Kec. Kahu;Kab. Bone;Prov. Sulawesi Selatan
190701  ;Kec. Bontocani;Kab. Bone;Prov. Sulawesi Selatan
190712  ;Kec. Ponre;Kab. Bone;Prov. Sulawesi Selatan
190509  ;Kec. Arungkeke;Kab. Jeneponto;Prov. Sulawesi Selatan
190601  ;Kec. Tanete Riaja;Kab. Barru;Prov. Sulawesi Selatan
190725  ;Kec. Tanete Riattang;Kab. Bone;Prov. Sulawesi Selatan
190505  ;Kec. Kelara;Kab. Jeneponto;Prov. Sulawesi Selatan
190603  ;Kec. Barru;Kab. Barru;Prov. Sulawesi Selatan
190727  ;Kec. Tellu Limpoe;Kab. Bone;Prov. Sulawesi Selatan
190506  ;Kec. Bangkala Barat;Kab. Jeneponto;Prov. Sulawesi Selatan
190405  ;Kec. Galesong Selatan;Kab. Takalar;Prov. Sulawesi Selatan
190908  ;Kec. Citta;Kab. Soppeng;Prov. Sulawesi Selatan
191203  ;Kec. Sinjai Selatan;Kab. Sinjai;Prov. Sulawesi Selatan
191004  ;Kec. Ulu Ere;Kab. Bantaeng;Prov. Sulawesi Selatan
191002  ;Kec. Bantaeng;Kab. Bantaeng;Prov. Sulawesi Selatan
190901  ;Kec. Mariowiwawo;Kab. Soppeng;Prov. Sulawesi Selatan
191407  ;Kec. Duampanua;Kab. Pinrang;Prov. Sulawesi Selatan
190706  ;Kec. Patimpeng;Kab. Bone;Prov. Sulawesi Selatan
191105  ;Kec. Hero Lange-Lange;Kab. Bulukumba;Prov. Sulawesi Selatan
191301  ;Kec. Pasimarannu;Kab. Selayar;Prov. Sulawesi Selatan
190811  ;Kec. Keera;Kab. Wajo;Prov. Sulawesi Selatan
191106  ;Kec. Kajang;Kab. Bulukumba;Prov. Sulawesi Selatan
191007  ;Kec. Gantarang Keke;Kab. Bantaeng;Prov. Sulawesi Selatan
191306  ;Kec. Bontomanai;Kab. Selayar;Prov. Sulawesi Selatan
191209  ;Kec. Pulau Sembilan;Kab. Sinjai;Prov. Sulawesi Selatan
190705  ;Kec. Tonra;Kab. Bone;Prov. Sulawesi Selatan
191204  ;Kec. Tellu Limpoe;Kab. Sinjai;Prov. Sulawesi Selatan
191304  ;Kec. Bontoharu;Kab. Selayar;Prov. Sulawesi Selatan
190812  ;Kec. Pitumpanua;Kab. Wajo;Prov. Sulawesi Selatan
190808  ;Kec. Tanasitolo;Kab. Wajo;Prov. Sulawesi Selatan
191101  ;Kec. Gantarang;Kab. Bulukumba;Prov. Sulawesi Selatan
190813  ;Kec. Gilireng;Kab. Wajo;Prov. Sulawesi Selatan
190905  ;Kec. Donri-Donri;Kab. Soppeng;Prov. Sulawesi Selatan
191307  ;Kec. Benteng;Kab. Selayar;Prov. Sulawesi Selatan
191206  ;Kec. Sinjai Tengah;Kab. Sinjai;Prov. Sulawesi Selatan
191102  ;Kec. Ujung Bulu;Kab. Bulukumba;Prov. Sulawesi Selatan
191308  ;Kec. Taka Bonerate;Kab. Selayar;Prov. Sulawesi Selatan
191303  ;Kec. Bontosikuyu;Kab. Selayar;Prov. Sulawesi Selatan
191207  ;Kec. Sinjai Utara;Kab. Sinjai;Prov. Sulawesi Selatan
191001  ;Kec. Bissappu;Kab. Bantaeng;Prov. Sulawesi Selatan
191003  ;Kec. Tompobulu;Kab. Bantaeng;Prov. Sulawesi Selatan
191311  ;Kec. Buki;Kab. Selayar;Prov. Sulawesi Selatan
191410  ;Kec. Tiroang;Kab. Pinrang;Prov. Sulawesi Selatan
190907  ;Kec. Ganra;Kab. Soppeng;Prov. Sulawesi Selatan
190810  ;Kec. Maniang Pajo;Kab. Wajo;Prov. Sulawesi Selatan
191390  ;Pasimasunggu;Kab. Selayar;Prov. Sulawesi Selatan
190906  ;Kec. Mario Riawa;Kab. Soppeng;Prov. Sulawesi Selatan
191208  ;Kec. Bulupoddo;Kab. Sinjai;Prov. Sulawesi Selatan
191406  ;Kec. Cempa;Kab. Pinrang;Prov. Sulawesi Selatan
191107  ;Kec. Bulukumba;Kab. Bulukumba;Prov. Sulawesi Selatan
191104  ;Kec. Bontotiro;Kab. Bulukumba;Prov. Sulawesi Selatan
190902  ;Kec. Lalabata;Kab. Soppeng;Prov. Sulawesi Selatan
191404  ;Kec. Watang Sawitto;Kab. Pinrang;Prov. Sulawesi Selatan
190903  ;Kec. Liliriaja;Kab. Soppeng;Prov. Sulawesi Selatan
190904  ;Kec. Lili Rilau;Kab. Soppeng;Prov. Sulawesi Selatan
191205  ;Kec. Sinjai Timur;Kab. Sinjai;Prov. Sulawesi Selatan
191006  ;Kec. Pa`jukukang;Kab. Bantaeng;Prov. Sulawesi Selatan
191005  ;Kec. Ere Merasa;Kab. Bantaeng;Prov. Sulawesi Selatan
191405  ;Kec. Patampanua;Kab. Pinrang;Prov. Sulawesi Selatan
190809  ;Kec. Belawa;Kab. Wajo;Prov. Sulawesi Selatan
191305  ;Kec. Bontomatene;Kab. Selayar;Prov. Sulawesi Selatan
191008  ;Kec. Sinoa;Kab. Bantaeng;Prov. Sulawesi Selatan
191309  ;Kec. Pasilambena;Kab. Selayar;Prov. Sulawesi Selatan
191310  ;Kec. Pasimasunggu Timur;Kab. Selayar;Prov. Sulawesi Selatan
191408  ;Kec. Lembang;Kab. Pinrang;Prov. Sulawesi Selatan
190707  ;Kec. Libureng;Kab. Bone;Prov. Sulawesi Selatan
190814  ;Kec. Penrang;Kab. Wajo;Prov. Sulawesi Selatan
191103  ;Kec. Bontobahari;Kab. Bulukumba;Prov. Sulawesi Selatan
191409  ;Kec. Lanrisang;Kab. Pinrang;Prov. Sulawesi Selatan
191403  ;Kec. Mattiro Bulu;Kab. Pinrang;Prov. Sulawesi Selatan
191805  ;Kec. Saluputti;Kab. Tana Toraja;Prov. Sulawesi Selatan
191509  ;Kec. Kulo;Kab. Sidenreng Rappang;Prov. Sulawesi Selatan
191508  ;Kec. Duapitue;Kab. Sidenreng Rappang;Prov. Sulawesi Selatan
191822  ;Kec. Malimbong Balepe;Kab. Tana Toraja;Prov. Sulawesi Selatan
191801  ;Kec. Bonggakaradeng;Kab. Tana Toraja;Prov. Sulawesi Selatan
191610  ;Kec. Buntu Batu;Kab. Enrekang;Prov. Sulawesi Selatan
191711  ;Kec. Larompong Selatan;Kab. Luwu;Prov. Sulawesi Selatan
191502  ;Kec. Tellulimpoe;Kab. Sidenreng Rappang;Prov. Sulawesi Selatan
191603  ;Kec. Barakka;Kab. Enrekang;Prov. Sulawesi Selatan
191715  ;Kec. Walenrang Timur;Kab. Luwu;Prov. Sulawesi Selatan
191510  ;Kec. Pitu Riase;Kab. Sidenreng Rappang;Prov. Sulawesi Selatan
191607  ;Kec. Cendana;Kab. Enrekang;Prov. Sulawesi Selatan
191504  ;Kec. Baranti;Kab. Sidenreng Rappang;Prov. Sulawesi Selatan
191710  ;Kec. Latimojong;Kab. Luwu;Prov. Sulawesi Selatan
191507  ;Kec. Pitu Riawa;Kab. Sidenreng Rappang;Prov. Sulawesi Selatan
191819  ;Kec. Makale Utara;Kab. Tana Toraja;Prov. Sulawesi Selatan
191823  ;Kec. Kurra;Kab. Tana Toraja;Prov. Sulawesi Selatan
191701  ;Kec. Larompong;Kab. Luwu;Prov. Sulawesi Selatan
191511  ;Kec. Watang Sidenreng;Kab. Sidenreng Rappang;Prov. Sulawesi Selatan
191802  ;Kec. Mengkendek;Kab. Tana Toraja;Prov. Sulawesi Selatan
191812  ;Kec. Bittuang;Kab. Tana Toraja;Prov. Sulawesi Selatan
191818  ;Kec. Makale Selatan;Kab. Tana Toraja;Prov. Sulawesi Selatan
191712  ;Kec. Kamanre;Kab. Luwu;Prov. Sulawesi Selatan
191609  ;Kec. Malua;Kab. Enrekang;Prov. Sulawesi Selatan
191202  ;Kec. Sinjai Borong;Kab. Sinjai;Prov. Sulawesi Selatan
191605  ;Kec. Alla;Kab. Enrekang;Prov. Sulawesi Selatan
191608  ;Kec. Curio;Kab. Enrekang;Prov. Sulawesi Selatan
191721  ;Kec. Bolopa Utara;Kab. Luwu;Prov. Sulawesi Selatan
191814  ;Kec. Mappak;Kab. Tana Toraja;Prov. Sulawesi Selatan
191714  ;Kec. Walenrang Utara;Kab. Luwu;Prov. Sulawesi Selatan
191604  ;Kec. Anggeraja;Kab. Enrekang;Prov. Sulawesi Selatan
191713  ;Kec. Walenrang Barat;Kab. Luwu;Prov. Sulawesi Selatan
191720  ;Kec. Ponrang;Kab. Luwu;Prov. Sulawesi Selatan
191803  ;Kec. Sangalla;Kab. Tana Toraja;Prov. Sulawesi Selatan
191817  ;Kec. Sangala Utara;Kab. Tana Toraja;Prov. Sulawesi Selatan
191506  ;Kec. Maritengae;Kab. Sidenreng Rappang;Prov. Sulawesi Selatan
191709  ;Kec. Lamasi;Kab. Luwu;Prov. Sulawesi Selatan
191816  ;Kec. Sangala Selatan;Kab. Tana Toraja;Prov. Sulawesi Selatan
191501  ;Kec. Panca Lautang;Kab. Sidenreng Rappang;Prov. Sulawesi Selatan
191813  ;Kec. Ranomeeto;Kab. Tana Toraja;Prov. Sulawesi Selatan
191601  ;Kec. Maiwa;Kab. Enrekang;Prov. Sulawesi Selatan
191810  ;Kec. Simbuang;Kab. Tana Toraja;Prov. Sulawesi Selatan
191612  ;Kec. Baroko;Kab. Enrekang;Prov. Sulawesi Selatan
191716  ;Kec. Lamasi Timur;Kab. Luwu;Prov. Sulawesi Selatan
191702  ;Kec. Suli;Kab. Luwu;Prov. Sulawesi Selatan
191815  ;Kec. Gadang Batu Silanan;Kab. Tana Toraja;Prov. Sulawesi Selatan
191811  ;Kec. Rantetayo;Kab. Tana Toraja;Prov. Sulawesi Selatan
191804  ;Kec. Makale;Kab. Tana Toraja;Prov. Sulawesi Selatan
191503  ;Kec. Watangpulu;Kab. Sidenreng Rappang;Prov. Sulawesi Selatan
191717  ;Kec. Suli Barat;Kab. Luwu;Prov. Sulawesi Selatan
191703  ;Kec. Belopa;Kab. Luwu;Prov. Sulawesi Selatan
191820  ;Kec. Rembon;Kab. Tana Toraja;Prov. Sulawesi Selatan
191606  ;Kec. Bungin;Kab. Enrekang;Prov. Sulawesi Selatan
191602  ;Kec. Enrekang;Kab. Enrekang;Prov. Sulawesi Selatan
191201  ;Kec. Sinjai Barat;Kab. Sinjai;Prov. Sulawesi Selatan
191505  ;Kec. Panca Rijang;Kab. Sidenreng Rappang;Prov. Sulawesi Selatan
191719  ;Kec. Ponrang Selatan;Kab. Luwu;Prov. Sulawesi Selatan
191718  ;Kec. Bajo Barat;Kab. Luwu;Prov. Sulawesi Selatan
191611  ;Kec. Masale;Kab. Enrekang;Prov. Sulawesi Selatan
191110  ;Kec. Ujung Loe;Kab. Bulukumba;Prov. Sulawesi Selatan
191707  ;Kec. Bua;Kab. Luwu;Prov. Sulawesi Selatan
192712  ;Kec. Sa`dan;Kab. Toraja Utara;Prov. Sulawesi Selatan
196006  ;Kec. Wajo;Kota Makassar;Prov. Sulawesi Selatan
192707  ;Kec. Kesu;Kab. Toraja Utara;Prov. Sulawesi Selatan
192602  ;Kec. Tomoni;Kab. Luwu Timur;Prov. Sulawesi Selatan
192606  ;Kec. Mangkutana;Kab. Luwu Timur;Prov. Sulawesi Selatan
196010  ;Kec. Panakukkang;Kota Makassar;Prov. Sulawesi Selatan
196004  ;Kec. Makasar;Kota Makassar;Prov. Sulawesi Selatan
192402  ;Kec. Baebunta;Kab. Luwu Utara;Prov. Sulawesi Selatan
192717  ;Kec. Tallunglipu;Kab. Toraja Utara;Prov. Sulawesi Selatan
192715  ;Kec. Sesean Suloara;Kab. Toraja Utara;Prov. Sulawesi Selatan
196003  ;Kec. Tamalate;Kota Makassar;Prov. Sulawesi Selatan
196102  ;Kec. Ujung;Kota Pare-Pare;Prov. Sulawesi Selatan
192418  ;Kec. Malangke Barat;Kab. Luwu Utara;Prov. Sulawesi Selatan
192604  ;Kec. Malili;Kab. Luwu Timur;Prov. Sulawesi Selatan
192611  ;Kec. Wasuponda;Kab. Luwu Timur;Prov. Sulawesi Selatan
196001  ;Kec. Mariso;Kota Makassar;Prov. Sulawesi Selatan
192701  ;Kec. Awan Rante karua;Kab. Toraja Utara;Prov. Sulawesi Selatan
192413  ;Kec. Limbong;Kab. Luwu Utara;Prov. Sulawesi Selatan
192718  ;Kec. Tikala;Kab. Toraja Utara;Prov. Sulawesi Selatan
196013  ;Kec. Rappocini;Kota Makassar;Prov. Sulawesi Selatan
192416  ;Kec. Sekko;Kab. Luwu Utara;Prov. Sulawesi Selatan
192603  ;Kec. Wotu;Kab. Luwu Timur;Prov. Sulawesi Selatan
192405  ;Kec. Bone-Bone;Kab. Luwu Utara;Prov. Sulawesi Selatan
192710  ;Kec. Rantepao;Kab. Toraja Utara;Prov. Sulawesi Selatan
196008  ;Kec. Ujung Tanah;Kota Makassar;Prov. Sulawesi Selatan
192720  ;Kec. Dende` Piongan Napo;Kab. Toraja Utara;Prov. Sulawesi Selatan
191706  ;Kec. Buaponrang;Kab. Luwu;Prov. Sulawesi Selatan
191708  ;Kec. Walenrang;Kab. Luwu;Prov. Sulawesi Selatan
192490  ;Tana Lili;Kab. Luwu Utara;Prov. Sulawesi Selatan
196007  ;Kec. Bontoala;Kota Makassar;Prov. Sulawesi Selatan
196103  ;Kec. Soreang;Kota Pare-Pare;Prov. Sulawesi Selatan
196002  ;Kec. Mamajang;Kota Makassar;Prov. Sulawesi Selatan
196202  ;Kec. Wara Utara;Kota Palopo;Prov. Sulawesi Selatan
192709  ;Kec. Rantebua;Kab. Toraja Utara;Prov. Sulawesi Selatan
192713  ;Kec. Sanggalangi;Kab. Toraja Utara;Prov. Sulawesi Selatan
192714  ;Kec. Sesean;Kab. Toraja Utara;Prov. Sulawesi Selatan
192605  ;Kec. Nuha;Kab. Luwu Timur;Prov. Sulawesi Selatan
192711  ;Kec. Rindingallo;Kab. Toraja Utara;Prov. Sulawesi Selatan
192610  ;Kec. Kalaena;Kab. Luwu Timur;Prov. Sulawesi Selatan
192609  ;Kec. Tomoni Timur;Kab. Luwu Timur;Prov. Sulawesi Selatan
192708  ;Kec. Nanggala;Kab. Toraja Utara;Prov. Sulawesi Selatan
192404  ;Kec. Sukamaju;Kab. Luwu Utara;Prov. Sulawesi Selatan
192716  ;Kec. Sopai;Kab. Toraja Utara;Prov. Sulawesi Selatan
192415  ;Kec. Mappedeceng;Kab. Luwu Utara;Prov. Sulawesi Selatan
192601  ;Kec. Burau;Kab. Luwu Timur;Prov. Sulawesi Selatan
192607  ;Kec. Towuti;Kab. Luwu Timur;Prov. Sulawesi Selatan
192412  ;Kec. Massamba;Kab. Luwu Utara;Prov. Sulawesi Selatan
192719  ;Kec. Tondon;Kab. Toraja Utara;Prov. Sulawesi Selatan
196011  ;Kec. Biringkanaya;Kota Makassar;Prov. Sulawesi Selatan
196201  ;Kec. Wara;Kota Palopo;Prov. Sulawesi Selatan
192702  ;Kec. Balusu;Kab. Toraja Utara;Prov. Sulawesi Selatan
196005  ;Kec. Ujung Pandang;Kota Makassar;Prov. Sulawesi Selatan
196101  ;Kec. Bacukiki;Kota Pare-Pare;Prov. Sulawesi Selatan
192403  ;Kec. Malangke;Kab. Luwu Utara;Prov. Sulawesi Selatan
196014  ;Kec. Manggala;Kota Makassar;Prov. Sulawesi Selatan
192608  ;Kec. Angkona;Kab. Luwu Timur;Prov. Sulawesi Selatan
192417  ;Kec. Rampi;Kab. Luwu Utara;Prov. Sulawesi Selatan
196104  ;Kec. Bacukiki Barat;Kota Pare-Pare;Prov. Sulawesi Selatan
196009  ;Kec. Tallo;Kota Makassar;Prov. Sulawesi Selatan
192721  ;Kec. Buntu Pepasan;Kab. Toraja Utara;Prov. Sulawesi Selatan
200215  ;Kec. Lohia;Kab. Muna;Prov. Sulawesi Tenggara
200226  ;Kec. Watopute;Kab. Muna;Prov. Sulawesi Tenggara
200118  ;Kec. Abuki;Kab. Konawe;Prov. Sulawesi Tenggara
200126  ;Kec. Wonggeduku;Kab. Konawe;Prov. Sulawesi Tenggara
200124  ;Kec. BondoAla;Kab. Konawe;Prov. Sulawesi Tenggara
200128  ;Kec. Tongauna;Kab. Konawe;Prov. Sulawesi Tenggara
196205  ;Kec. Wara Timur;Kota Palopo;Prov. Sulawesi Selatan
200230  ;Kec. Pasir Putih;Kab. Muna;Prov. Sulawesi Tenggara
192705  ;Kec. Buntao;Kab. Toraja Utara;Prov. Sulawesi Selatan
200139  ;Kec. Routa;Kab. Konawe;Prov. Sulawesi Tenggara
200219  ;Kec. Kabangka;Kab. Muna;Prov. Sulawesi Tenggara
200216  ;Kec. Kontunaga;Kab. Muna;Prov. Sulawesi Tenggara
200131  ;Kec. Besulutu;Kab. Konawe;Prov. Sulawesi Tenggara
200144  ;Asinua;Kab. Konawe;Prov. Sulawesi Tenggara
200220  ;Kec. Maligano;Kab. Muna;Prov. Sulawesi Tenggara
200207  ;Kec. Katobu;Kab. Muna;Prov. Sulawesi Tenggara
200209  ;Kec. Wakorumba Selatan;Kab. Muna;Prov. Sulawesi Tenggara
200130  ;Kec. Latoma;Kab. Konawe;Prov. Sulawesi Tenggara
196204  ;Kec. Telluwanua;Kota Palopo;Prov. Sulawesi Selatan
200143  ;Kec. Konawe;Kab. Konawe;Prov. Sulawesi Tenggara
200229  ;Kec. Lasalepa;Kab. Muna;Prov. Sulawesi Tenggara
200208  ;Kec. Napabalano;Kab. Muna;Prov. Sulawesi Tenggara
200140  ;Kec. Anggaberi;Kab. Konawe;Prov. Sulawesi Tenggara
200108  ;Kec. Soropia;Kab. Konawe;Prov. Sulawesi Tenggara
192706  ;Kec. Kapala Pitu;Kab. Toraja Utara;Prov. Sulawesi Selatan
200202  ;Kec. Parigi;Kab. Muna;Prov. Sulawesi Tenggara
200115  ;Kec. Wawotobi;Kab. Konawe;Prov. Sulawesi Tenggara
200112  ;Kec. Lambuya;Kab. Konawe;Prov. Sulawesi Tenggara
196207  ;Kec. Sendana;Kota Palopo;Prov. Sulawesi Selatan
200125  ;Kec. Uepai;Kab. Konawe;Prov. Sulawesi Tenggara
200133  ;Kec. Meluhu;Kab. Konawe;Prov. Sulawesi Tenggara
196208  ;Kec. Mungkajang;Kota Palopo;Prov. Sulawesi Selatan
196206  ;Kec. Wara Barat;Kota Palopo;Prov. Sulawesi Selatan
200116  ;Kec. Unaaha;Kab. Konawe;Prov. Sulawesi Tenggara
200132  ;Kec. Puriala;Kab. Konawe;Prov. Sulawesi Tenggara
200235  ;Marobo;Kab. Muna;Prov. Sulawesi Tenggara
200148  ;Onembute;Kab. Konawe;Prov. Sulawesi Tenggara
200236  ;Tongkuno Selatan;Kab. Muna;Prov. Sulawesi Tenggara
200142  ;Kec. Kapoiala;Kab. Konawe;Prov. Sulawesi Tenggara
196209  ;Kec. Bara;Kota Palopo;Prov. Sulawesi Selatan
200114  ;Kec. Pondidaha;Kab. Konawe;Prov. Sulawesi Tenggara
200232  ;Kec. Tiworo Kepulauan;Kab. Muna;Prov. Sulawesi Tenggara
200203  ;Kec. Kabawo;Kab. Muna;Prov. Sulawesi Tenggara
200147  ;Lalonggasumeeto;Kab. Konawe;Prov. Sulawesi Tenggara
200224  ;Kec. Tiworo Tengah;Kab. Muna;Prov. Sulawesi Tenggara
200227  ;Kec. Batalaiworu;Kab. Muna;Prov. Sulawesi Tenggara
200205  ;Kec. Lawa;Kab. Muna;Prov. Sulawesi Tenggara
196203  ;Kec. Wara Selatan;Kota Palopo;Prov. Sulawesi Selatan
200228  ;Kec. Duruka;Kab. Muna;Prov. Sulawesi Tenggara
200201  ;Kec. Tongkuno;Kab. Muna;Prov. Sulawesi Tenggara
200217  ;Kec. Sawerigadi;Kab. Muna;Prov. Sulawesi Tenggara
200218  ;Kec. Maginti;Kab. Muna;Prov. Sulawesi Tenggara
200206  ;Kec. Kusambi;Kab. Muna;Prov. Sulawesi Tenggara
200234  ;Kontu Kowuna;Kab. Muna;Prov. Sulawesi Tenggara
200233  ;Kec. Bone;Kab. Muna;Prov. Sulawesi Tenggara
200109  ;Kec. Sampara;Kab. Konawe;Prov. Sulawesi Tenggara
200313  ;Kec. Lakudo;Kab. Buton;Prov. Sulawesi Tenggara
200331  ;Kec. Wolowa;Kab. Buton;Prov. Sulawesi Tenggara
200413  ;Kec. Baula;Kab. Kolaka;Prov. Sulawesi Tenggara
200324  ;Kec. Kadatua;Kab. Buton;Prov. Sulawesi Tenggara
200239  ;Wa Daga;Kab. Muna;Prov. Sulawesi Tenggara
200504  ;Kec. Lainea;Kab. Konawe Selatan;Prov. Sulawesi Tenggara
200241  ;Towea;Kab. Muna;Prov. Sulawesi Tenggara
200238  ;Batukara;Kab. Muna;Prov. Sulawesi Tenggara
200333  ;Kec. Lapandewa;Kab. Buton;Prov. Sulawesi Tenggara
200505  ;Kec. Moramo;Kab. Konawe Selatan;Prov. Sulawesi Tenggara
200407  ;Kec. Wolo;Kab. Kolaka;Prov. Sulawesi Tenggara
200332  ;Kec. Wabula;Kab. Buton;Prov. Sulawesi Tenggara
200322  ;Kec. Batu Atas;Kab. Buton;Prov. Sulawesi Tenggara
200325  ;Kec. Mawasangka Timur;Kab. Buton;Prov. Sulawesi Tenggara
200510  ;Kec. Laonti;Kab. Konawe Selatan;Prov. Sulawesi Tenggara
200416  ;Kec. Samaturu;Kab. Kolaka;Prov. Sulawesi Tenggara
200308  ;Kec. Batauga;Kab. Buton;Prov. Sulawesi Tenggara
200422  ;Kec. Polinggona;Kab. Kolaka;Prov. Sulawesi Tenggara
200311  ;Kec. Kapontori;Kab. Buton;Prov. Sulawesi Tenggara
200509  ;Kec. Andolo;Kab. Konawe Selatan;Prov. Sulawesi Tenggara
200412  ;Kec. Tanggetada;Kab. Kolaka;Prov. Sulawesi Tenggara
200403  ;Kec. Wundulako;Kab. Kolaka;Prov. Sulawesi Tenggara
200312  ;Kec. Gu;Kab. Buton;Prov. Sulawesi Tenggara
200237  ;Pasi Kolaga;Kab. Muna;Prov. Sulawesi Tenggara
200402  ;Kec. Pomalaa;Kab. Kolaka;Prov. Sulawesi Tenggara
200334  ;Kec. Siompu Barat;Kab. Buton;Prov. Sulawesi Tenggara
200307  ;Kec. Sampolawa;Kab. Buton;Prov. Sulawesi Tenggara
200501  ;Kec. Tinanggea;Kab. Konawe Selatan;Prov. Sulawesi Tenggara
200506  ;Kec. Ranomeeto;Kab. Konawe Selatan;Prov. Sulawesi Tenggara
200243  ;Tiworo Utara;Kab. Muna;Prov. Sulawesi Tenggara
200306  ;Kec. Pasar Wajo;Kab. Buton;Prov. Sulawesi Tenggara
200242  ;Tiworo Selatan;Kab. Muna;Prov. Sulawesi Tenggara
200305  ;Kec. Lasalimu;Kab. Buton;Prov. Sulawesi Tenggara
200401  ;Kec. Watubangga;Kab. Kolaka;Prov. Sulawesi Tenggara
200240  ;Napano Kusambi;Kab. Muna;Prov. Sulawesi Tenggara
200321  ;Kec. Lasalimu Selatan;Kab. Buton;Prov. Sulawesi Tenggara
200415  ;Kec. Latambaga;Kab. Kolaka;Prov. Sulawesi Tenggara
200421  ;Kec. Toari;Kab. Kolaka;Prov. Sulawesi Tenggara
200508  ;Kec. Kolono;Kab. Konawe Selatan;Prov. Sulawesi Tenggara
200406  ;Kec. Kolaka;Kab. Kolaka;Prov. Sulawesi Tenggara
200502  ;Kec. Palangga;Kab. Konawe Selatan;Prov. Sulawesi Tenggara
200507  ;Kec. Landono;Kab. Konawe Selatan;Prov. Sulawesi Tenggara
200323  ;Kec. Siompu;Kab. Buton;Prov. Sulawesi Tenggara
200314  ;Kec. Mawasangka;Kab. Buton;Prov. Sulawesi Tenggara
200503  ;Kec. Konda;Kab. Konawe Selatan;Prov. Sulawesi Tenggara
200718  ;Kec. Rumbia Tengah;Kab. Bombana;Prov. Sulawesi Tenggara
200805  ;Kec. Kodeoha;Kab. Kolaka Utara;Prov. Sulawesi Tenggara
200803  ;Kec. Batu Putih;Kab. Kolaka Utara;Prov. Sulawesi Tenggara
200514  ;Kec. Palangga Selatan;Kab. Konawe Selatan;Prov. Sulawesi Tenggara
200519  ;Kec. Ranomeeto Barat;Kab. Konawe Selatan;Prov. Sulawesi Tenggara
200721  ;Kec. Lantari Jaya;Kab. Bombana;Prov. Sulawesi Tenggara
200713  ;Kec. Kabaena Selatan;Kab. Bombana;Prov. Sulawesi Tenggara
200328  ;Kec. Mawasangka Tengah;Kab. Buton;Prov. Sulawesi Tenggara
200715  ;Kec. Kabaena Utara;Kab. Bombana;Prov. Sulawesi Tenggara
200606  ;Kec. Kaledupa Selatan;Kab. Wakatobi;Prov. Sulawesi Tenggara
200901  ;Kec. Langkima;Kab. Konawe Utara;Prov. Sulawesi Tenggara
200705  ;Kec. Rumbia;Kab. Bombana;Prov. Sulawesi Tenggara
200801  ;Kec. Lasusua;Kab. Kolaka Utara;Prov. Sulawesi Tenggara
200809  ;Kec. Watunohu;Kab. Kolaka Utara;Prov. Sulawesi Tenggara
200515  ;Kec. Baito;Kab. Konawe Selatan;Prov. Sulawesi Tenggara
200903  ;Kec. Lembo;Kab. Konawe Utara;Prov. Sulawesi Tenggara
200806  ;Kec. Ngapa;Kab. Kolaka Utara;Prov. Sulawesi Tenggara
200904  ;Kec. Asera;Kab. Konawe Utara;Prov. Sulawesi Tenggara
200517  ;Kec. Moramo Utara;Kab. Konawe Selatan;Prov. Sulawesi Tenggara
200804  ;Kec. Ranteangin;Kab. Kolaka Utara;Prov. Sulawesi Tenggara
200520  ;Kec. Mowila;Kab. Konawe Selatan;Prov. Sulawesi Tenggara
200906  ;Kec. Lasolo;Kab. Konawe Utara;Prov. Sulawesi Tenggara
200604  ;Kec. Wangi-Wangi;Kab. Wakatobi;Prov. Sulawesi Tenggara
200329  ;Kec. Sangia Wambulu;Kab. Buton;Prov. Sulawesi Tenggara
200603  ;Kec. Kaledupa;Kab. Wakatobi;Prov. Sulawesi Tenggara
200902  ;Kec. Molawe;Kab. Konawe Utara;Prov. Sulawesi Tenggara
200605  ;Kec. Wangi-Wangi Selatan;Kab. Wakatobi;Prov. Sulawesi Tenggara
200330  ;Kec. Siontapia;Kab. Buton;Prov. Sulawesi Tenggara
200722  ;Kec. Mata Usu;Kab. Bombana;Prov. Sulawesi Tenggara
200511  ;Kec. Angata;Kab. Konawe Selatan;Prov. Sulawesi Tenggara
200714  ;Kec. Kabaena Barat;Kab. Bombana;Prov. Sulawesi Tenggara
200512  ;Kec. Lalembuu;Kab. Konawe Selatan;Prov. Sulawesi Tenggara
200522  ;Kec. Basala;Kab. Konawe Selatan;Prov. Sulawesi Tenggara
200601  ;Kec. Binongko;Kab. Wakatobi;Prov. Sulawesi Tenggara
200802  ;Kec. Pakue;Kab. Kolaka Utara;Prov. Sulawesi Tenggara
200717  ;Kec. Kep. Masaloka Raya;Kab. Bombana;Prov. Sulawesi Tenggara
200814  ;Kec. Tiwu;Kab. Kolaka Utara;Prov. Sulawesi Tenggara
200890  ;Tolala;Kab. Kolaka Utara;Prov. Sulawesi Tenggara
200813  ;Kec. Katoi;Kab. Kolaka Utara;Prov. Sulawesi Tenggara
200708  ;Kec. Mataelo;Kab. Bombana;Prov. Sulawesi Tenggara
200707  ;Kec. Poleang Barat;Kab. Bombana;Prov. Sulawesi Tenggara
200810  ;Kec. Pakue Tengah;Kab. Kolaka Utara;Prov. Sulawesi Tenggara
200716  ;Kec. Kabaena Tengah;Kab. Bombana;Prov. Sulawesi Tenggara
200513  ;Kec. Buke;Kab. Konawe Selatan;Prov. Sulawesi Tenggara
200905  ;Kec. Wiwirano;Kab. Konawe Utara;Prov. Sulawesi Tenggara
200518  ;Kec. Wolasi;Kab. Konawe Selatan;Prov. Sulawesi Tenggara
200807  ;Kec. Wawo;Kab. Kolaka Utara;Prov. Sulawesi Tenggara
200812  ;Kec. Porehu;Kab. Kolaka Utara;Prov. Sulawesi Tenggara
200720  ;Kec. Tatonuwu;Kab. Bombana;Prov. Sulawesi Tenggara
200908  ;Kec. Oheo;Kab. Konawe Utara;Prov. Sulawesi Tenggara
200516  ;Kec. Laeya;Kab. Konawe Selatan;Prov. Sulawesi Tenggara
200811  ;Kec. Pakue Utara;Kab. Kolaka Utara;Prov. Sulawesi Tenggara
200706  ;Kec. Rarowatu;Kab. Bombana;Prov. Sulawesi Tenggara
200710  ;Kec. Poleang Utara;Kab. Bombana;Prov. Sulawesi Tenggara
200719  ;Kec. Poleang Tengah;Kab. Bombana;Prov. Sulawesi Tenggara
200808  ;Kec. Lambai;Kab. Kolaka Utara;Prov. Sulawesi Tenggara
200602  ;Kec. Tomia;Kab. Wakatobi;Prov. Sulawesi Tenggara
200709  ;Kec. Rarowatu Utara;Kab. Bombana;Prov. Sulawesi Tenggara
200711  ;Kec. Poleang Selatan;Kab. Bombana;Prov. Sulawesi Tenggara
206104  ;Kec. Bungi;Kota Baubau;Prov. Sulawesi Tenggara
210108  ;Kec. Saparua;Kab. Maluku Tengah;Prov. Maluku
210116  ;Kec. Masohi;Kab. Maluku Tengah;Prov. Maluku
210106  ;Kec. Teon Nila Serua;Kab. Maluku Tengah;Prov. Maluku
210119  ;Kec. Seram Utara Barat;Kab. Maluku Tengah;Prov. Maluku
201115  ;Lalolae;Kab. Kolaka Timur;Prov. Sulawesi Tenggara
206001  ;Kec. Mandonga;Kota Kendari;Prov. Sulawesi Tenggara
210316  ;Kec. Waplau;Kab. Buru;Prov. Maluku
201002  ;Kec. Kulisusu Barat;Kab. Buton Utara;Prov. Sulawesi Tenggara
210117  ;Kec. Nusa Laut;Kab. Maluku Tengah;Prov. Maluku
210105  ;Kec. Amahai;Kab. Maluku Tengah;Prov. Maluku
210412  ;Kec. Wer Maktian;Kab. Maluku Tenggara Barat;Prov. Maluku
210121  ;Telutih;Kab. Maluku Tengah;Prov. Maluku
210411  ;Kec. Wer Tamrian;Kab. Maluku Tenggara Barat;Prov. Maluku
201111  ;Loea;Kab. Kolaka Timur;Prov. Sulawesi Tenggara
201006  ;Kec. Wakorumba Utara;Kab. Buton Utara;Prov. Sulawesi Tenggara
210118  ;Kec. Teluk Elpaputih;Kab. Maluku Tengah;Prov. Maluku
210212  ;Kec. Kei Kecil Barat;Kab. Maluku Tenggara;Prov. Maluku
210202  ;Kec. Kei Besar;Kab. Maluku Tenggara;Prov. Maluku
201003  ;Kec. Kulisusu Utara;Kab. Buton Utara;Prov. Sulawesi Tenggara
206107  ;Kec. Lea-Lea;Kota Baubau;Prov. Sulawesi Tenggara
200910  ;Kec. Motui;Kab. Konawe Utara;Prov. Sulawesi Tenggara
210114  ;Kec. Seram Utara;Kab. Maluku Tengah;Prov. Maluku
210213  ;Kec. Kei Kecil Timur;Kab. Maluku Tenggara;Prov. Maluku
210317  ;Kec. Bata Baul;Kab. Buru;Prov. Maluku
206010  ;Kec. Kambu;Kota Kendari;Prov. Sulawesi Tenggara
210104  ;Kec. Tehoru;Kab. Maluku Tengah;Prov. Maluku
206008  ;Kec. Kadia;Kota Kendari;Prov. Sulawesi Tenggara
200702  ;Kec. Kabaena Timur;Kab. Bombana;Prov. Sulawesi Tenggara
210122  ;Seram Utara Timur Seti;Kab. Maluku Tengah;Prov. Maluku
210109  ;Kec. Pulau Haruku;Kab. Maluku Tengah;Prov. Maluku
206105  ;Kec. Murhum;Kota Baubau;Prov. Sulawesi Tenggara
200909  ;Kec. Andowia;Kab. Konawe Utara;Prov. Sulawesi Tenggara
210405  ;Kec. Tanimbar Utara;Kab. Maluku Tenggara Barat;Prov. Maluku
206003  ;Kec. Kendari;Kota Kendari;Prov. Sulawesi Tenggara
210101  ;Kec. Banda;Kab. Maluku Tengah;Prov. Maluku
210110  ;Kec. Salahutu;Kab. Maluku Tengah;Prov. Maluku
200608  ;Kec. Togo Binongko;Kab. Wakatobi;Prov. Sulawesi Tenggara
201001  ;Kec. Kulisusu;Kab. Buton Utara;Prov. Sulawesi Tenggara
210413  ;Kec. Selaru;Kab. Maluku Tenggara Barat;Prov. Maluku
206101  ;Kec. Betoambari;Kota Baubau;Prov. Sulawesi Tenggara
210404  ;Kec. Tanimbar Selatan;Kab. Maluku Tenggara Barat;Prov. Maluku
210304  ;Kec. Air Buaya;Kab. Buru;Prov. Maluku
206002  ;Kec. Poasia;Kota Kendari;Prov. Sulawesi Tenggara
210201  ;Kec. Kei Kecil;Kab. Maluku Tenggara;Prov. Maluku
210307  ;Kec. Waeapo;Kab. Buru;Prov. Maluku
210310  ;Kec. Namlea;Kab. Buru;Prov. Maluku
206106  ;Kec. Kokalukuna;Kota Baubau;Prov. Sulawesi Tenggara
206103  ;Kec. Sorowalio;Kota Baubau;Prov. Sulawesi Tenggara
206009  ;Kec. Wua-Wua;Kota Kendari;Prov. Sulawesi Tenggara
210120  ;Kec. Leihitu Barat;Kab. Maluku Tengah;Prov. Maluku
210123  ;Seram Utara Timur Kobi;Kab. Maluku Tengah;Prov. Maluku
210206  ;Kec. Kei Besar Utara Timur;Kab. Maluku Tenggara;Prov. Maluku
201005  ;Kec. Bonenugu;Kab. Buton Utara;Prov. Sulawesi Tenggara
201004  ;Kec. Kambowa;Kab. Buton Utara;Prov. Sulawesi Tenggara
210205  ;Kec. Kei Besar Selatan;Kab. Maluku Tenggara;Prov. Maluku
206102  ;Kec. Wolio;Kota Baubau;Prov. Sulawesi Tenggara
216005  ;Kec. Baguala;Kota Ambon;Prov. Maluku
220101  ;Kec. Gerokgak;Kab. Buleleng;Prov. Bali
216001  ;Kec. Nusaniwe;Kota Ambon;Prov. Maluku
210505  ;Huamual;Kab. Seram Bagian Barat;Prov. Maluku
216104  ;Kec. Tayando Tam;Kota. Tual;Prov. Maluku
210604  ;Kec. Pulau-pulau Gorom;Kab. Seram Bagian Timur;Prov. Maluku
210710  ;Kec. Aru Selatan Utara;Kab. Kepulauan Aru;Prov. Maluku
220109  ;Kec. Tejakula;Kab. Buleleng;Prov. Bali
210702  ;Kec. Aru Tengah;Kab. Kepulauan Aru;Prov. Maluku
220202  ;Kec. Negara;Kab. Jembrana;Prov. Bali
210501  ;Kec. Kairatu;Kab. Seram Bagian Barat;Prov. Maluku
210502  ;Kec. Seram Barat;Kab. Seram Bagian Barat;Prov. Maluku
210707  ;Kec. Aru Utara;Kab. Kepulauan Aru;Prov. Maluku
220108  ;Kec. Kubutambahan;Kab. Buleleng;Prov. Bali
216002  ;Kec. Sirimau;Kota Ambon;Prov. Maluku
210904  ;Kec. Namrole;Kab. Buru Selatan;Prov. Maluku
210603  ;Kec. Bula;Kab. Seram Bagian Timur;Prov. Maluku
210602  ;Kec. Werinama;Kab. Seram Bagian Timur;Prov. Maluku
206006  ;Kec. Abeli;Kota Kendari;Prov. Sulawesi Tenggara
216006  ;Kec. Lei Timur Selatan;Kota Ambon;Prov. Maluku
216101  ;Kec. PP Kur Mangur;Kota. Tual;Prov. Maluku
210704  ;Kec. Aru Selatan Timur;Kab. Kepulauan Aru;Prov. Maluku
216003  ;Kec. Teluk Ambon;Kota Ambon;Prov. Maluku
220104  ;Kec. Banjar;Kab. Buleleng;Prov. Bali
210703  ;Kec. Aru Selatan;Kab. Kepulauan Aru;Prov. Maluku
210415  ;Kec. Wuar Labobar;Kab. Maluku Tenggara Barat;Prov. Maluku
210811  ;Pulau-pulau Terselatan;Kab. Maluku Barat Daya;Prov. Maluku
220106  ;Kec. Buleleng;Kab. Buleleng;Prov. Bali
210901  ;Kec. Ambalau;Kab. Buru Selatan;Prov. Maluku
210903  ;Kec. Leksula;Kab. Buru Selatan;Prov. Maluku
210605  ;Kec. Wakate;Kab. Seram Bagian Timur;Prov. Maluku
210902  ;Kec. Kepala Madan;Kab. Buru Selatan;Prov. Maluku
210705  ;Kec. Aru Tengah Timur;Kab. Kepulauan Aru;Prov. Maluku
210805  ;Kec. Pulau Letti;Kab. Maluku Barat Daya;Prov. Maluku
210417  ;Kec. Kormomolin;Kab. Maluku Tenggara Barat;Prov. Maluku
210503  ;Kec. Taniwel;Kab. Seram Bagian Barat;Prov. Maluku
210606  ;Kec. Tutuk Tolu;Kab. Seram Bagian Timur;Prov. Maluku
210706  ;Kec. Aru Tengah Selatan;Kab. Kepulauan Aru;Prov. Maluku
210416  ;Kec. Nirun Mas;Kab. Maluku Tenggara Barat;Prov. Maluku
210708  ;Kec. Batuley;Kab. Kepulauan Aru;Prov. Maluku
220105  ;Kec. Sukasada;Kab. Buleleng;Prov. Bali
206005  ;Kec. Kendari Barat;Kota Kendari;Prov. Sulawesi Tenggara
210809  ;Damer;Kab. Maluku Barat Daya;Prov. Maluku
210801  ;Kec. Babar Timur;Kab. Maluku Barat Daya;Prov. Maluku
216103  ;Kec. Pulau Dullah Utara;Kota. Tual;Prov. Maluku
210804  ;Kec. Moa Lakor;Kab. Maluku Barat Daya;Prov. Maluku
210810  ;Pulau-pulau Babar;Kab. Maluku Barat Daya;Prov. Maluku
206007  ;Kec. Puwato;Kota Kendari;Prov. Sulawesi Tenggara
216102  ;Kec. Pulau Dullah Selatan;Kota. Tual;Prov. Maluku
210701  ;Kec. Pulau-Pulau Aru;Kab. Kepulauan Aru;Prov. Maluku
220107  ;Kec. Sawan;Kab. Buleleng;Prov. Bali
210905  ;Kec. Waesama;Kab. Buru Selatan;Prov. Maluku
220201  ;Kec. Melaya;Kab. Jembrana;Prov. Bali
210590  ;Inamosol;Kab. Seram Bagian Barat;Prov. Maluku
210601  ;Kec. Seram Timur;Kab. Seram Bagian Timur;Prov. Maluku
220102  ;Kec. Seririt;Kab. Buleleng;Prov. Bali
210709  ;Kec. Sir-Sir;Kab. Kepulauan Aru;Prov. Maluku
210808  ;Kec. Wetar;Kab. Maluku Barat Daya;Prov. Maluku
210591  ;Elpaputih;Kab. Seram Bagian Barat;Prov. Maluku
220103  ;Kec. Busungbiu;Kab. Buleleng;Prov. Bali
220804  ;Kec. Karang asem;Kab. Karang Asem;Prov. Bali
230112  ;Kec. Lembar;Kab. Lombok Barat;Prov. Nusa Tenggara Barat
220506  ;Kec. Tegallalang;Kab. Gianyar;Prov. Bali
230205  ;Kec. Kopang;Kab. Lombok Tengah;Prov. Nusa Tenggara Barat
220403  ;Kec. Kuta Utara;Kab. Badung;Prov. Bali
230106  ;Kec. Gunung Sari;Kab. Lombok Barat;Prov. Nusa Tenggara Barat
230209  ;Kec. Batukliang;Kab. Lombok Tengah;Prov. Nusa Tenggara Barat
220807  ;Kec. Selat;Kab. Karang Asem;Prov. Bali
220502  ;Kec. Blahbatuh;Kab. Gianyar;Prov. Bali
220404  ;Kec. Mengwi;Kab. Badung;Prov. Bali
220603  ;Kec. Klungkung;Kab. Klungkung;Prov. Bali
220702  ;Kec. Bangli;Kab. Bangli;Prov. Bali
230105  ;Kec. Narmada;Kab. Lombok Barat;Prov. Nusa Tenggara Barat
230101  ;Kec. Sekotong Tengah;Kab. Lombok Barat;Prov. Nusa Tenggara Barat
230204  ;Kec. Janapria;Kab. Lombok Tengah;Prov. Nusa Tenggara Barat
220704  ;Kec. Kintamani;Kab. Bangli;Prov. Bali
220602  ;Kec. Banjarangkan;Kab. Klungkung;Prov. Bali
220205  ;Kec. Jembrana;Kab. Jembrana;Prov. Bali
220504  ;Kec. Tampak siring;Kab. Gianyar;Prov. Bali
220501  ;Kec. Sukawati;Kab. Gianyar;Prov. Bali
226004  ;Kec. Denpasar Utara;Kota Denpasar;Prov. Bali
220406  ;Kec. Petang;Kab. Badung;Prov. Bali
220305  ;Kec. Marga;Kab. Tabanan;Prov. Bali
220306  ;Kec. Baturiti;Kab. Tabanan;Prov. Bali
220203  ;Kec. Mendoyo;Kab. Jembrana;Prov. Bali
220405  ;Kec. Abiansemal;Kab. Badung;Prov. Bali
230207  ;Kec. Jonggat;Kab. Lombok Tengah;Prov. Nusa Tenggara Barat
220803  ;Kec. Manggis;Kab. Karang Asem;Prov. Bali
220402  ;Kec. Kuta;Kab. Badung;Prov. Bali
220503  ;Kec. Gianyar;Kab. Gianyar;Prov. Bali
210599  ;Kairatu Barat;Kab. Seram Bagian Barat;Prov. Maluku
220701  ;Kec. Susut;Kab. Bangli;Prov. Bali
226003  ;Kec. Denpasar Barat;Kota Denpasar;Prov. Bali
220302  ;Kec. Kerambitan;Kab. Tabanan;Prov. Bali
220301  ;Kec. Selemadeg;Kab. Tabanan;Prov. Bali
230203  ;Kec. Praya Timur;Kab. Lombok Tengah;Prov. Nusa Tenggara Barat
226002  ;Kec. Denpasar Timur;Kota Denpasar;Prov. Bali
220303  ;Kec. Tabanan;Kab. Tabanan;Prov. Bali
220703  ;Kec. Tembuku;Kab. Bangli;Prov. Bali
220801  ;Kec. Rendang;Kab. Karang Asem;Prov. Bali
220808  ;Kec. Kubu;Kab. Karang Asem;Prov. Bali
230208  ;Kec. Pringgarata;Kab. Lombok Tengah;Prov. Nusa Tenggara Barat
230206  ;Kec. Praya;Kab. Lombok Tengah;Prov. Nusa Tenggara Barat
230202  ;Kec. Pujut;Kab. Lombok Tengah;Prov. Nusa Tenggara Barat
220507  ;Kec. Payangan;Kab. Gianyar;Prov. Bali
226001  ;Kec. Denpasar Selatan;Kota Denpasar;Prov. Bali
220604  ;Kec. Dawan;Kab. Klungkung;Prov. Bali
230114  ;Kec. Batu Layar;Kab. Lombok Barat;Prov. Nusa Tenggara Barat
220401  ;Kec. Kuta Selatan;Kab. Badung;Prov. Bali
220805  ;Kec. Abang;Kab. Karang Asem;Prov. Bali
220304  ;Kec. Kediri;Kab. Tabanan;Prov. Bali
220505  ;Kec. Ubud;Kab. Gianyar;Prov. Bali
230103  ;Kec. Labuapi;Kab. Lombok Barat;Prov. Nusa Tenggara Barat
230201  ;Kec. Praya Barat;Kab. Lombok Tengah;Prov. Nusa Tenggara Barat
220802  ;Kec. Sidemen;Kab. Karang Asem;Prov. Bali
230110  ;Kec. Kuripan;Kab. Lombok Barat;Prov. Nusa Tenggara Barat
230115  ;Kec. Lingsar;Kab. Lombok Barat;Prov. Nusa Tenggara Barat
210593  ;Huamual Belakang;Kab. Seram Bagian Barat;Prov. Maluku
230104  ;Kec. Kediri;Kab. Lombok Barat;Prov. Nusa Tenggara Barat
230102  ;Kec. Gerung;Kab. Lombok Barat;Prov. Nusa Tenggara Barat
230309  ;Kec. Aikmel;Kab. Lombok Timur;Prov. Nusa Tenggara Barat
230210  ;Kec. Batukliang Utara;Kab. Lombok Tengah;Prov. Nusa Tenggara Barat
230301  ;Kec. Keruak;Kab. Lombok Timur;Prov. Nusa Tenggara Barat
230313  ;Kec. Sakra Timur;Kab. Lombok Timur;Prov. Nusa Tenggara Barat
230319  ;Kec. Sembalun;Kab. Lombok Timur;Prov. Nusa Tenggara Barat
230407  ;Kec. Batu Lanten;Kab. Sumbawa;Prov. Nusa Tenggara Barat
230425  ;Kec. Tarano;Kab. Sumbawa;Prov. Nusa Tenggara Barat
230410  ;Kec. Moyo Hulu;Kab. Sumbawa;Prov. Nusa Tenggara Barat
230430  ;Kec. Lape;Kab. Sumbawa;Prov. Nusa Tenggara Barat
230424  ;Kec. Maronge;Kab. Sumbawa;Prov. Nusa Tenggara Barat
230431  ;Kec. Lantung;Kab. Sumbawa;Prov. Nusa Tenggara Barat
230416  ;Kec. Alas Barat;Kab. Sumbawa;Prov. Nusa Tenggara Barat
230604  ;Kec. Belo;Kab. Bima;Prov. Nusa Tenggara Barat
230608  ;Kec. Donggo;Kab. Bima;Prov. Nusa Tenggara Barat
230414  ;Kec. Empang;Kab. Sumbawa;Prov. Nusa Tenggara Barat
230308  ;Kec. Pringgabaya;Kab. Lombok Timur;Prov. Nusa Tenggara Barat
230423  ;Kec. Moyo Utara;Kab. Sumbawa;Prov. Nusa Tenggara Barat
230320  ;Kec. Suela;Kab. Lombok Timur;Prov. Nusa Tenggara Barat
230601  ;Kec. Monta;Kab. Bima;Prov. Nusa Tenggara Barat
230312  ;Kec. Suralaga;Kab. Lombok Timur;Prov. Nusa Tenggara Barat
230314  ;Kec. Sakra Barat;Kab. Lombok Timur;Prov. Nusa Tenggara Barat
230408  ;Kec. Sumbawa;Kab. Sumbawa;Prov. Nusa Tenggara Barat
230307  ;Kec. Selong;Kab. Lombok Timur;Prov. Nusa Tenggara Barat
230428  ;Kec. Orong Telu;Kab. Sumbawa;Prov. Nusa Tenggara Barat
230415  ;Kec. Labuhan Badas;Kab. Sumbawa;Prov. Nusa Tenggara Barat
230506  ;Kec. Pekat;Kab. Dompu;Prov. Nusa Tenggara Barat
230413  ;Kec. Plampang;Kab. Sumbawa;Prov. Nusa Tenggara Barat
230505  ;Kec. Kempo;Kab. Dompu;Prov. Nusa Tenggara Barat
230211  ;Kec. Praya Barat Daya;Kab. Lombok Tengah;Prov. Nusa Tenggara Barat
230426  ;Kec. Lopok;Kab. Sumbawa;Prov. Nusa Tenggara Barat
230411  ;Kec. Ropang;Kab. Sumbawa;Prov. Nusa Tenggara Barat
230502  ;Kec. Dompu;Kab. Dompu;Prov. Nusa Tenggara Barat
230602  ;Kec. Bolo;Kab. Bima;Prov. Nusa Tenggara Barat
230315  ;Kec. Jerowaru;Kab. Lombok Timur;Prov. Nusa Tenggara Barat
230427  ;Kec. Lenangguar;Kab. Sumbawa;Prov. Nusa Tenggara Barat
230507  ;Kec. Pajo;Kab. Dompu;Prov. Nusa Tenggara Barat
230402  ;Kec. Lunyuk;Kab. Sumbawa;Prov. Nusa Tenggara Barat
230409  ;Kec. Moyo Hilir;Kab. Sumbawa;Prov. Nusa Tenggara Barat
230405  ;Kec. Alas;Kab. Sumbawa;Prov. Nusa Tenggara Barat
230607  ;Kec. Wera;Kab. Bima;Prov. Nusa Tenggara Barat
230316  ;Kec. Pringgasela;Kab. Lombok Timur;Prov. Nusa Tenggara Barat
230422  ;Kec. Buer;Kab. Sumbawa;Prov. Nusa Tenggara Barat
220310  ;Kec. Selemadeg Timur;Kab. Tabanan;Prov. Bali
230504  ;Kec. Kilo;Kab. Dompu;Prov. Nusa Tenggara Barat
230603  ;Kec. Woha;Kab. Bima;Prov. Nusa Tenggara Barat
230317  ;Kec. Montong Gading;Kab. Lombok Timur;Prov. Nusa Tenggara Barat
230212  ;Kec. Praya Tengah;Kab. Lombok Tengah;Prov. Nusa Tenggara Barat
230421  ;Kec. Rhee;Kab. Sumbawa;Prov. Nusa Tenggara Barat
220309  ;Kec. Selemadeg Barat;Kab. Tabanan;Prov. Bali
230302  ;Kec. Sakra;Kab. Lombok Timur;Prov. Nusa Tenggara Barat
230310  ;Kec. Sambelia;Kab. Lombok Timur;Prov. Nusa Tenggara Barat
230503  ;Kec. Woja;Kab. Dompu;Prov. Nusa Tenggara Barat
230429  ;Kec. Utan;Kab. Sumbawa;Prov. Nusa Tenggara Barat
230605  ;Kec. Wawo;Kab. Bima;Prov. Nusa Tenggara Barat
230606  ;Kec. Sape;Kab. Bima;Prov. Nusa Tenggara Barat
230311  ;Kec. Labuhan Haji;Kab. Lombok Timur;Prov. Nusa Tenggara Barat
230501  ;Kec. Hu`u;Kab. Dompu;Prov. Nusa Tenggara Barat
230419  ;Kec. Labangka;Kab. Sumbawa;Prov. Nusa Tenggara Barat
230318  ;Kec. Wanasaba;Kab. Lombok Timur;Prov. Nusa Tenggara Barat
230508  ;Kec. Manggelewa;Kab. Dompu;Prov. Nusa Tenggara Barat
230801  ;Kec. Tanjung;Kab. Lombok Utara;Prov. Nusa Tenggara Barat
230304  ;Kec. Sikur;Kab. Lombok Timur;Prov. Nusa Tenggara Barat
240117  ;Kec. Takari;Kab. Kupang;Prov. Nusa Tenggara Timur
230611  ;Kec. Tambora;Kab. Bima;Prov. Nusa Tenggara Barat
236101  ;Kec. RasanaE Barat;Kota Bima;Prov. Nusa Tenggara Barat
240116  ;Kec. Fatuleu;Kab. Kupang;Prov. Nusa Tenggara Timur
240112  ;Kec. Kupang Tengah;Kab. Kupang;Prov. Nusa Tenggara Timur
236003  ;Kec. Cakranegara;Kota Mataram;Prov. Nusa Tenggara Barat
240113  ;Kec. Amarasi;Kab. Kupang;Prov. Nusa Tenggara Timur
240135  ;Kec. Amfoang Timur;Kab. Kupang;Prov. Nusa Tenggara Timur
230616  ;Kec. Parado;Kab. Bima;Prov. Nusa Tenggara Barat
230802  ;Kec. Gangga;Kab. Lombok Utara;Prov. Nusa Tenggara Barat
230803  ;Kec. Bayan;Kab. Lombok Utara;Prov. Nusa Tenggara Barat
230702  ;Kec. Taliwang;Kab. Sumbawa Barat;Prov. Nusa Tenggara Barat
230704  ;Kec. Brang Rea;Kab. Sumbawa Barat;Prov. Nusa Tenggara Barat
230306  ;Kec. Sukamulia;Kab. Lombok Timur;Prov. Nusa Tenggara Barat
240118  ;Kec. Amfoang Selatan;Kab. Kupang;Prov. Nusa Tenggara Timur
236002  ;Kec. Mataram;Kota Mataram;Prov. Nusa Tenggara Barat
240127  ;Kec. Amfoang Barat Laut;Kab. Kupang;Prov. Nusa Tenggara Timur
240121  ;Kec. Nekamese;Kab. Kupang;Prov. Nusa Tenggara Timur
240114  ;Kec. Kupang Timur;Kab. Kupang;Prov. Nusa Tenggara Timur
240131  ;Kec. Taebenu;Kab. Kupang;Prov. Nusa Tenggara Timur
240115  ;Kec. Sulamu;Kab. Kupang;Prov. Nusa Tenggara Timur
230618  ;Kec. Palibelo;Kab. Bima;Prov. Nusa Tenggara Barat
230804  ;Kec. Pemenang;Kab. Lombok Utara;Prov. Nusa Tenggara Barat
236103  ;Kec. Asakota;Kota Bima;Prov. Nusa Tenggara Barat
240133  ;Kec. Fatuleu Tengah;Kab. Kupang;Prov. Nusa Tenggara Timur
236005  ;Kec. Selaperang;Kota Mataram;Prov. Nusa Tenggara Barat
236104  ;Kec. Raba;Kota Bima;Prov. Nusa Tenggara Barat
236004  ;Kec. Sekarbela;Kota Mataram;Prov. Nusa Tenggara Barat
240122  ;Kec. Amabi Oefeto Timur;Kab. Kupang;Prov. Nusa Tenggara Timur
230305  ;Kec. Masbagik;Kab. Lombok Timur;Prov. Nusa Tenggara Barat
230705  ;Kec. Sekongkang;Kab. Sumbawa Barat;Prov. Nusa Tenggara Barat
240110  ;Kec. Semau;Kab. Kupang;Prov. Nusa Tenggara Timur
240125  ;Kec. Amarasi Barat;Kab. Kupang;Prov. Nusa Tenggara Timur
230703  ;Kec. Seteluk;Kab. Sumbawa Barat;Prov. Nusa Tenggara Barat
240119  ;Kec. Amfoang Utara;Kab. Kupang;Prov. Nusa Tenggara Timur
230707  ;Kec. Brang Ene;Kab. Sumbawa Barat;Prov. Nusa Tenggara Barat
236001  ;Kec. Ampenan;Kota Mataram;Prov. Nusa Tenggara Barat
240111  ;Kec. Kupang Barat;Kab. Kupang;Prov. Nusa Tenggara Timur
236102  ;Kec. RasanaE Timur;Kota Bima;Prov. Nusa Tenggara Barat
230706  ;Kec. Maluk;Kab. Sumbawa Barat;Prov. Nusa Tenggara Barat
240130  ;Kec. Semau Selatan;Kab. Kupang;Prov. Nusa Tenggara Timur
240134  ;Kec. Fatuleu Barat;Kab. Kupang;Prov. Nusa Tenggara Timur
240123  ;Kec. Amarasi Selatan;Kab. Kupang;Prov. Nusa Tenggara Timur
230805  ;Kec. Kayangan;Kab. Lombok Utara;Prov. Nusa Tenggara Barat
230708  ;Kec. Poto Tano;Kab. Sumbawa Barat;Prov. Nusa Tenggara Barat
240132  ;Kec. Amabi Oefeto;Kab. Kupang;Prov. Nusa Tenggara Timur
240126  ;Kec. Amfoang Barat Daya;Kab. Kupang;Prov. Nusa Tenggara Timur
236006  ;Kec. Sandubaya;Kota Mataram;Prov. Nusa Tenggara Barat
230617  ;Kec. Lambitu;Kab. Bima;Prov. Nusa Tenggara Barat
230610  ;Kec. Lambu;Kab. Bima;Prov. Nusa Tenggara Barat
230609  ;Kec. Sanggar;Kab. Bima;Prov. Nusa Tenggara Barat
240124  ;Kec. Amarasi Timur;Kab. Kupang;Prov. Nusa Tenggara Timur
240328  ;Kec. Kuatnana;Kab. Timor Tengah Selatan;Prov. Nusa Tenggara Timur
240310  ;Kec. Amanatun Selatan;Kab. Timor Tengah Selatan;Prov. Nusa Tenggara Timur
240422  ;Kec. Biboki Tanpah;Kab. Timor Tengah Utara;Prov. Nusa Tenggara Timur
240136  ;Kec. Amfoang Tengah;Kab. Kupang;Prov. Nusa Tenggara Timur
240308  ;Kec. Amanuban Timur;Kab. Timor Tengah Selatan;Prov. Nusa Tenggara Timur
240409  ;Kec. Biboki Anleu;Kab. Timor Tengah Utara;Prov. Nusa Tenggara Timur
240325  ;Kec. Tobu;Kab. Timor Tengah Selatan;Prov. Nusa Tenggara Timur
240329  ;Kec. Noebeba;Kab. Timor Tengah Selatan;Prov. Nusa Tenggara Timur
240305  ;Kec. Amanuban Selatan;Kab. Timor Tengah Selatan;Prov. Nusa Tenggara Timur
240505  ;Kec. Tasifeto Barat;Kab. Belu;Prov. Nusa Tenggara Timur
240419  ;Kec. Insana Fafinesu;Kab. Timor Tengah Utara;Prov. Nusa Tenggara Timur
240332  ;Kec. Santian;Kab. Timor Tengah Selatan;Prov. Nusa Tenggara Timur
240407  ;Kec. Noemuti;Kab. Timor Tengah Utara;Prov. Nusa Tenggara Timur
240408  ;Kec. Insana Utara;Kab. Timor Tengah Utara;Prov. Nusa Tenggara Timur
240412  ;Kec. Musi;Kab. Timor Tengah Utara;Prov. Nusa Tenggara Timur
240402  ;Kec. Miomafo Timur;Kab. Timor Tengah Utara;Prov. Nusa Tenggara Timur
240410  ;Kec. Noemuti Timur;Kab. Timor Tengah Utara;Prov. Nusa Tenggara Timur
240413  ;Kec. Mutis;Kab. Timor Tengah Utara;Prov. Nusa Tenggara Timur
240405  ;Kec. Biboki Selatan;Kab. Timor Tengah Utara;Prov. Nusa Tenggara Timur
240403  ;Kec. Kota Kefamenanu;Kab. Timor Tengah Utara;Prov. Nusa Tenggara Timur
240420  ;Kec. Insana Barat;Kab. Timor Tengah Utara;Prov. Nusa Tenggara Timur
240314  ;Kec. BatuPutih;Kab. Timor Tengah Selatan;Prov. Nusa Tenggara Timur
240313  ;Kec. Polen;Kab. Timor Tengah Selatan;Prov. Nusa Tenggara Timur
240415  ;Kec. Bikomi Tengah;Kab. Timor Tengah Utara;Prov. Nusa Tenggara Timur
240318  ;Kec. Kot`Olin;Kab. Timor Tengah Selatan;Prov. Nusa Tenggara Timur
240414  ;Kec. Bikomi Selatan;Kab. Timor Tengah Utara;Prov. Nusa Tenggara Timur
240323  ;Kec. Mollo Barat;Kab. Timor Tengah Selatan;Prov. Nusa Tenggara Timur
240424  ;Kec. Biboki Feotleu;Kab. Timor Tengah Utara;Prov. Nusa Tenggara Timur
240401  ;Kec. Miomafo Barat;Kab. Timor Tengah Utara;Prov. Nusa Tenggara Timur
240321  ;Kec. Kualin;Kab. Timor Tengah Selatan;Prov. Nusa Tenggara Timur
240311  ;Kec. Amanatun Utara;Kab. Timor Tengah Selatan;Prov. Nusa Tenggara Timur
240316  ;Kec. Noebana;Kab. Timor Tengah Selatan;Prov. Nusa Tenggara Timur
240324  ;Kec. Kok Baun;Kab. Timor Tengah Selatan;Prov. Nusa Tenggara Timur
240411  ;Kec. Miomafo Tengah;Kab. Timor Tengah Utara;Prov. Nusa Tenggara Timur
240423  ;Kec. Biboki Moenleu;Kab. Timor Tengah Utara;Prov. Nusa Tenggara Timur
240306  ;Kec. Kuanfatu;Kab. Timor Tengah Selatan;Prov. Nusa Tenggara Timur
240322  ;Kec. Toianas;Kab. Timor Tengah Selatan;Prov. Nusa Tenggara Timur
240327  ;Kec. Mollo Tengah;Kab. Timor Tengah Selatan;Prov. Nusa Tenggara Timur
240302  ;Kec. Mollo Selatan;Kab. Timor Tengah Selatan;Prov. Nusa Tenggara Timur
240319  ;Kec. Oenino;Kab. Timor Tengah Selatan;Prov. Nusa Tenggara Timur
240418  ;Kec. Naibenu;Kab. Timor Tengah Utara;Prov. Nusa Tenggara Timur
240404  ;Kec. Insana;Kab. Timor Tengah Utara;Prov. Nusa Tenggara Timur
230615  ;Kec. Soromandi;Kab. Bima;Prov. Nusa Tenggara Barat
240326  ;Kec. Nunbena;Kab. Timor Tengah Selatan;Prov. Nusa Tenggara Timur
240416  ;Kec. Bikomi Nilulat;Kab. Timor Tengah Utara;Prov. Nusa Tenggara Timur
240312  ;Kec. Fatumnasi;Kab. Timor Tengah Selatan;Prov. Nusa Tenggara Timur
240320  ;Kec. Kolbano;Kab. Timor Tengah Selatan;Prov. Nusa Tenggara Timur
240421  ;Kec. Insana Tengah;Kab. Timor Tengah Utara;Prov. Nusa Tenggara Timur
240330  ;Kec. Fautmolo;Kab. Timor Tengah Selatan;Prov. Nusa Tenggara Timur
240307  ;Kec. Amanuban Tengah;Kab. Timor Tengah Selatan;Prov. Nusa Tenggara Timur
240315  ;Kec. Boking;Kab. Timor Tengah Selatan;Prov. Nusa Tenggara Timur
230614  ;Kec. Langgudu;Kab. Bima;Prov. Nusa Tenggara Barat
240406  ;Kec. Biboki Utara;Kab. Timor Tengah Utara;Prov. Nusa Tenggara Timur
240317  ;Kec. Nunkolo;Kab. Timor Tengah Selatan;Prov. Nusa Tenggara Timur
240309  ;Kec. Kie;Kab. Timor Tengah Selatan;Prov. Nusa Tenggara Timur
240417  ;Kec. Bikomi Utara;Kab. Timor Tengah Utara;Prov. Nusa Tenggara Timur
240608  ;Kec. Alor Timur Laut;Kab. Alor;Prov. Nusa Tenggara Timur
240802  ;Kec. Lela;Kab. Sikka;Prov. Nusa Tenggara Timur
240615  ;Kec. Pureman;Kab. Alor;Prov. Nusa Tenggara Timur
240509  ;Kec. Kakuluk Mesak;Kab. Belu;Prov. Nusa Tenggara Timur
240521  ;Kec. Atambua Barat;Kab. Belu;Prov. Nusa Tenggara Timur
240610  ;Kec. Pantar Barat;Kab. Alor;Prov. Nusa Tenggara Timur
240604  ;Kec. Alor Timur;Kab. Alor;Prov. Nusa Tenggara Timur
240507  ;Kec. Tasifeto Timur;Kab. Belu;Prov. Nusa Tenggara Timur
240707  ;Kec. Adonara Timur;Kab. Flores Timur;Prov. Nusa Tenggara Timur
240703  ;Kec. Larantuka;Kab. Flores Timur;Prov. Nusa Tenggara Timur
240614  ;Kec. Mataru;Kab. Alor;Prov. Nusa Tenggara Timur
240609  ;Kec. Alor Tengah Utara;Kab. Alor;Prov. Nusa Tenggara Timur
240603  ;Kec. Alor Selatan;Kab. Alor;Prov. Nusa Tenggara Timur
240716  ;Kec. Ilebura;Kab. Flores Timur;Prov. Nusa Tenggara Timur
240611  ;Kec. Pantar Timur;Kab. Alor;Prov. Nusa Tenggara Timur
240709  ;Kec. Ile Boleng;Kab. Flores Timur;Prov. Nusa Tenggara Timur
240304  ;Kec. Amanuban Barat;Kab. Timor Tengah Selatan;Prov. Nusa Tenggara Timur
240714  ;Kec. Demon Pagong;Kab. Flores Timur;Prov. Nusa Tenggara Timur
240715  ;Kec. Lewolema;Kab. Flores Timur;Prov. Nusa Tenggara Timur
240704  ;Kec. Solor Barat;Kab. Flores Timur;Prov. Nusa Tenggara Timur
240618  ;Kec. Lembur;Kab. Alor;Prov. Nusa Tenggara Timur
240617  ;Kec. Pulau Pura;Kab. Alor;Prov. Nusa Tenggara Timur
240508  ;Kec. Lamakmen;Kab. Belu;Prov. Nusa Tenggara Timur
240517  ;Kec. Lasiolat;Kab. Belu;Prov. Nusa Tenggara Timur
240606  ;Kec. Alor Barat Laut;Kab. Alor;Prov. Nusa Tenggara Timur
240710  ;Kec. Witihama;Kab. Flores Timur;Prov. Nusa Tenggara Timur
240510  ;Kec. Raihat;Kab. Belu;Prov. Nusa Tenggara Timur
240612  ;Kec. Pantar Barat Laut;Kab. Alor;Prov. Nusa Tenggara Timur
240706  ;Kec. Adonara Barat;Kab. Flores Timur;Prov. Nusa Tenggara Timur
240711  ;Kec. Kelubagolit;Kab. Flores Timur;Prov. Nusa Tenggara Timur
240523  ;Kec. Nanaet Duabesi;Kab. Belu;Prov. Nusa Tenggara Timur
240518  ;Kec. Lamakmen Selatan;Kab. Belu;Prov. Nusa Tenggara Timur
240605  ;Kec. Teluk Mutiara;Kab. Alor;Prov. Nusa Tenggara Timur
240712  ;Kec. Wotan Ulumado;Kab. Flores Timur;Prov. Nusa Tenggara Timur
240708  ;Kec. Titehena;Kab. Flores Timur;Prov. Nusa Tenggara Timur
240701  ;Kec. Wulang Gitang;Kab. Flores Timur;Prov. Nusa Tenggara Timur
240705  ;Kec. Solor Timur;Kab. Flores Timur;Prov. Nusa Tenggara Timur
240607  ;Kec. Pantar;Kab. Alor;Prov. Nusa Tenggara Timur
240702  ;Kec. Tanjung Bunga;Kab. Flores Timur;Prov. Nusa Tenggara Timur
240616  ;Kec. Kabola;Kab. Alor;Prov. Nusa Tenggara Timur
240713  ;Kec. Ile Mandiri;Kab. Flores Timur;Prov. Nusa Tenggara Timur
240515  ;Kec. Rai Manuk;Kab. Belu;Prov. Nusa Tenggara Timur
240602  ;Kec. Alor Barat Daya;Kab. Alor;Prov. Nusa Tenggara Timur
240522  ;Kec. Atambua Selatan;Kab. Belu;Prov. Nusa Tenggara Timur
240917  ;Kec. Detukeli;Kab. Ende;Prov. Nusa Tenggara Timur
240804  ;Kec. Talibura;Kab. Sikka;Prov. Nusa Tenggara Timur
240914  ;Kec. Ndona Timur;Kab. Ende;Prov. Nusa Tenggara Timur
240820  ;Kec. Doreng;Kab. Sikka;Prov. Nusa Tenggara Timur
240805  ;Kec. Kewapante;Kab. Sikka;Prov. Nusa Tenggara Timur
241104  ;Kec. Satarmese;Kab. Manggarai;Prov. Nusa Tenggara Timur
240803  ;Kec. Bola;Kab. Sikka;Prov. Nusa Tenggara Timur
240902  ;Kec. Ende;Kab. Ende;Prov. Nusa Tenggara Timur
241205  ;Kec. Rindi;Kab. Sumba Timur;Prov. Nusa Tenggara Timur
241012  ;Kec. Riung Barat;Kab. Ngada;Prov. Nusa Tenggara Timur
240919  ;Kec. Ende Utara;Kab. Ende;Prov. Nusa Tenggara Timur
240918  ;Kec. Ndori;Kab. Ende;Prov. Nusa Tenggara Timur
240814  ;Kec. Alok Timur;Kab. Sikka;Prov. Nusa Tenggara Timur
240911  ;Kec. Wolojita;Kab. Ende;Prov. Nusa Tenggara Timur
241203  ;Kec. Paberiwai;Kab. Sumba Timur;Prov. Nusa Tenggara Timur
240810  ;Kec. Waigete;Kab. Sikka;Prov. Nusa Tenggara Timur
240809  ;Kec. Mego;Kab. Sikka;Prov. Nusa Tenggara Timur
241008  ;Kec. Riung;Kab. Ngada;Prov. Nusa Tenggara Timur
240818  ;Kec. Hewokloang;Kab. Sikka;Prov. Nusa Tenggara Timur
240807  ;Kec. Nitta;Kab. Sikka;Prov. Nusa Tenggara Timur
240801  ;Kec. Paga;Kab. Sikka;Prov. Nusa Tenggara Timur
240921  ;Kec. Ende Timur;Kab. Ende;Prov. Nusa Tenggara Timur
241112  ;Kec. Ruteng;Kab. Manggarai;Prov. Nusa Tenggara Timur
240806  ;Kec. Nelle;Kab. Sikka;Prov. Nusa Tenggara Timur
240811  ;Kec. Palue;Kab. Sikka;Prov. Nusa Tenggara Timur
241017  ;Kec. Riung Selatan;Kab. Ngada;Prov. Nusa Tenggara Timur
241114  ;Kec. Reok;Kab. Manggarai;Prov. Nusa Tenggara Timur
241204  ;Kec. Pahunga Lodu;Kab. Sumba Timur;Prov. Nusa Tenggara Timur
240901  ;Kec. Nangapanda;Kab. Ende;Prov. Nusa Tenggara Timur
241111  ;Kec. Langke Rembong;Kab. Manggarai;Prov. Nusa Tenggara Timur
241015  ;Kec. Jerebuu;Kab. Ngada;Prov. Nusa Tenggara Timur
241007  ;Kec. Bajawa Utara;Kab. Ngada;Prov. Nusa Tenggara Timur
240922  ;Kec. Lepembusu Kelisoke;Kab. Ende;Prov. Nusa Tenggara Timur
240910  ;Kec. Wewaria;Kab. Ende;Prov. Nusa Tenggara Timur
240813  ;Kec. Alok Barat;Kab. Sikka;Prov. Nusa Tenggara Timur
240816  ;Kec. Koting;Kab. Sikka;Prov. Nusa Tenggara Timur
240719  ;Kec. Solor Selatan;Kab. Flores Timur;Prov. Nusa Tenggara Timur
241117  ;Kec. Wae Ri`I;Kab. Manggarai;Prov. Nusa Tenggara Timur
240912  ;Kec. Pulau Ende;Kab. Ende;Prov. Nusa Tenggara Timur
240817  ;Kec. Tana Wawo;Kab. Sikka;Prov. Nusa Tenggara Timur
240718  ;Kec. Adonara Tengah;Kab. Flores Timur;Prov. Nusa Tenggara Timur
240815  ;Kec. Magependa;Kab. Sikka;Prov. Nusa Tenggara Timur
240906  ;Kec. Maurole;Kab. Ende;Prov. Nusa Tenggara Timur
240920  ;Kec. Ende Tengah;Kab. Ende;Prov. Nusa Tenggara Timur
240812  ;Kec. Waiblama;Kab. Sikka;Prov. Nusa Tenggara Timur
240913  ;Kec. Kota Baru;Kab. Ende;Prov. Nusa Tenggara Timur
241003  ;Kec. Golewa;Kab. Ngada;Prov. Nusa Tenggara Timur
241118  ;Kec. Satar Mese Barat;Kab. Manggarai;Prov. Nusa Tenggara Timur
240821  ;Kec. Mapitara;Kab. Sikka;Prov. Nusa Tenggara Timur
240909  ;Kec. Maukaro;Kab. Ende;Prov. Nusa Tenggara Timur
240808  ;Kec. Alok;Kab. Sikka;Prov. Nusa Tenggara Timur
241013  ;Kec. Soa;Kab. Ngada;Prov. Nusa Tenggara Timur
240904  ;Kec. Ndona;Kab. Ende;Prov. Nusa Tenggara Timur
241113  ;Kec. Cibal;Kab. Manggarai;Prov. Nusa Tenggara Timur
240915  ;Kec. Kelimutu;Kab. Ende;Prov. Nusa Tenggara Timur
240905  ;Kec. Wolowaru;Kab. Ende;Prov. Nusa Tenggara Timur
241002  ;Kec. Bajawa;Kab. Ngada;Prov. Nusa Tenggara Timur
240903  ;Kec. Ende Selatan;Kab. Ende;Prov. Nusa Tenggara Timur
240819  ;Kec. Kangae;Kab. Sikka;Prov. Nusa Tenggara Timur
240916  ;Kec. Lio Timur;Kab. Ende;Prov. Nusa Tenggara Timur
241609  ;Kec. Lembor Selatan;Kab. Manggarai Barat;Prov. Nusa Tenggara Timur
241221  ;Kec. Kanatang;Kab. Sumba Timur;Prov. Nusa Tenggara Timur
241802  ;Kec. Mamboro;Kab. Sumba Tengah;Prov. Nusa Tenggara Timur
241218  ;Kec. Ngadu Ngala;Kab. Sumba Timur;Prov. Nusa Tenggara Timur
241508  ;Kec. Pantai Baru;Kab. Rote-Ndao;Prov. Nusa Tenggara Timur
241605  ;Kec. Macang Pacar;Kab. Manggarai Barat;Prov. Nusa Tenggara Timur
241504  ;Kec. Rote Barat Daya;Kab. Rote-Ndao;Prov. Nusa Tenggara Timur
241403  ;Kec. Ile Ape;Kab. Lembata;Prov. Nusa Tenggara Timur
241216  ;Kec. Katala Hamu Lingu;Kab. Sumba Timur;Prov. Nusa Tenggara Timur
241212  ;Kec. Kahaungu Eti;Kab. Sumba Timur;Prov. Nusa Tenggara Timur
241208  ;Kec. Haharu;Kab. Sumba Timur;Prov. Nusa Tenggara Timur
241703  ;Kec. Keo Tengah;Kab. Nagakeo;Prov. Nusa Tenggara Timur
241405  ;Kec. Nubatukan;Kab. Lembata;Prov. Nusa Tenggara Timur
241610  ;Kec. Mbeliling;Kab. Manggarai Barat;Prov. Nusa Tenggara Timur
241219  ;Kec. Kambata Mapambuhang;Kab. Sumba Timur;Prov. Nusa Tenggara Timur
241607  ;Kec. Welak;Kab. Manggarai Barat;Prov. Nusa Tenggara Timur
241803  ;Kec. Umbu Ratu Nggay;Kab. Sumba Tengah;Prov. Nusa Tenggara Timur
241215  ;Kec. Wulla Waijelu;Kab. Sumba Timur;Prov. Nusa Tenggara Timur
241702  ;Kec. Boawae;Kab. Nagakeo;Prov. Nusa Tenggara Timur
241901  ;Kec. Kodi;Kab. Sumba Barat Daya;Prov. Nusa Tenggara Timur
241604  ;Kec. Kuwus;Kab. Manggarai Barat;Prov. Nusa Tenggara Timur
241510  ;Kec. Rote Barat;Kab. Rote-Ndao;Prov. Nusa Tenggara Timur
241602  ;Kec. Sano Nggoang;Kab. Manggarai Barat;Prov. Nusa Tenggara Timur
241505  ;Kec. Rote Barat Laut;Kab. Rote-Ndao;Prov. Nusa Tenggara Timur
241601  ;Kec. Komodo;Kab. Manggarai Barat;Prov. Nusa Tenggara Timur
241509  ;Kec. Rote Timur;Kab. Rote-Ndao;Prov. Nusa Tenggara Timur
241608  ;Kec. Ndoso;Kab. Manggarai Barat;Prov. Nusa Tenggara Timur
241606  ;Kec. Boleng;Kab. Manggarai Barat;Prov. Nusa Tenggara Timur
241409  ;Kec. Ile Ape Timur;Kab. Lembata;Prov. Nusa Tenggara Timur
241603  ;Kec. Lembor;Kab. Manggarai Barat;Prov. Nusa Tenggara Timur
241202  ;Kec. Tabundung;Kab. Sumba Timur;Prov. Nusa Tenggara Timur
241213  ;Kec. Matawai La Pawu;Kab. Sumba Timur;Prov. Nusa Tenggara Timur
241407  ;Kec. Buyasuri;Kab. Lembata;Prov. Nusa Tenggara Timur
241120  ;Kec. Lelak;Kab. Manggarai;Prov. Nusa Tenggara Timur
241305  ;Kec. Loli;Kab. Sumba Barat;Prov. Nusa Tenggara Timur
241306  ;Kec. Kota Waikabubak;Kab. Sumba Barat;Prov. Nusa Tenggara Timur
241506  ;Kec. Lobalain;Kab. Rote-Ndao;Prov. Nusa Tenggara Timur
241511  ;Kec. Rote Selatan;Kab. Rote-Ndao;Prov. Nusa Tenggara Timur
241402  ;Kec. Atadei;Kab. Lembata;Prov. Nusa Tenggara Timur
241209  ;Kec. Nggaha Ori Angu;Kab. Sumba Timur;Prov. Nusa Tenggara Timur
241222  ;Kec. Lewa Tidahu;Kab. Sumba Timur;Prov. Nusa Tenggara Timur
241211  ;Kec. Umalulu;Kab. Sumba Timur;Prov. Nusa Tenggara Timur
241408  ;Kec. Wulandoni;Kab. Lembata;Prov. Nusa Tenggara Timur
241804  ;Kec. Umbu Ratu Nggay Barat;Kab. Sumba Tengah;Prov. Nusa Tenggara Timur
241404  ;Kec. Lebatukan;Kab. Lembata;Prov. Nusa Tenggara Timur
241210  ;Kec. Karera;Kab. Sumba Timur;Prov. Nusa Tenggara Timur
241217  ;Kec. Mahu;Kab. Sumba Timur;Prov. Nusa Tenggara Timur
241220  ;Kec. Kambera;Kab. Sumba Timur;Prov. Nusa Tenggara Timur
241310  ;Kec. Wanokaka;Kab. Sumba Barat;Prov. Nusa Tenggara Timur
241214  ;Kec. Pinu Pahar;Kab. Sumba Timur;Prov. Nusa Tenggara Timur
241805  ;Kec. Katiku Tana Selatan;Kab. Sumba Tengah;Prov. Nusa Tenggara Timur
241311  ;Kec. Lamboya;Kab. Sumba Barat;Prov. Nusa Tenggara Timur
241406  ;Kec. Omesuri;Kab. Lembata;Prov. Nusa Tenggara Timur
241704  ;Kec. Mauponggo;Kab. Nagakeo;Prov. Nusa Tenggara Timur
241206  ;Kec. Pandawai;Kab. Sumba Timur;Prov. Nusa Tenggara Timur
241507  ;Kec. Rote Tengah;Kab. Rote-Ndao;Prov. Nusa Tenggara Timur
241201  ;Kec. Lewa;Kab. Sumba Timur;Prov. Nusa Tenggara Timur
241318  ;Kec. Tana Righu;Kab. Sumba Barat;Prov. Nusa Tenggara Timur
241207  ;Kec. Kota Waingapu;Kab. Sumba Timur;Prov. Nusa Tenggara Timur
241319  ;Kec. Laboya Barat;Kab. Sumba Barat;Prov. Nusa Tenggara Timur
242004  ;Kec. Poco Ranaka;Kab. Manggarai Timur;Prov. Nusa Tenggara Timur
241706  ;Kec. Wolowae;Kab. Nagakeo;Prov. Nusa Tenggara Timur
250207  ;Kec. Yendidori;Kab. Biak Numfor;Prov. Papua
250123  ;Kec. Sentani;Kab. Jayapura;Prov. Papua
250115  ;Kec. Kemtuk Gresie;Kab. Jayapura;Prov. Papua
250118  ;Kec. Unurum Guay;Kab. Jayapura;Prov. Papua
250304  ;Kec. Yapen Timur;Kab. Yapen Waropen;Prov. Papua
250219  ;Kec. Bondifuar;Kab. Biak Numfor;Prov. Papua
241906  ;Kec. Wewewa Timur;Kab. Sumba Barat Daya;Prov. Nusa Tenggara Timur
241708  ;Kec. Aesesa Selatan;Kab. Nagakeo;Prov. Nusa Tenggara Timur
250308  ;Kec. Poom;Kab. Yapen Waropen;Prov. Papua
250122  ;Kec. Sentani Barat;Kab. Jayapura;Prov. Papua
242003  ;Kec. Lamba Leda;Kab. Manggarai Timur;Prov. Nusa Tenggara Timur
242111  ;Hawu Mehara;Kab. Sabu Raijua;Prov. Nusa Tenggara Timur
246005  ;Kec. Kota Raja;Kota Kupang;Prov. Nusa Tenggara Timur
246004  ;Kec. Kelapa Lima;Kota Kupang;Prov. Nusa Tenggara Timur
246003  ;Kec. Oebodo;Kota Kupang;Prov. Nusa Tenggara Timur
242112  ;Sabu Tengah;Kab. Sabu Raijua;Prov. Nusa Tenggara Timur
250211  ;Kec. Swandiwe;Kab. Biak Numfor;Prov. Papua
250202  ;Kec. Numfor Timur;Kab. Biak Numfor;Prov. Papua
241908  ;Kec. Kodi Utara;Kab. Sumba Barat Daya;Prov. Nusa Tenggara Timur
242113  ;Raijua;Kab. Sabu Raijua;Prov. Nusa Tenggara Timur
242115  ;Sabu Barat;Kab. Sabu Raijua;Prov. Nusa Tenggara Timur
250128  ;Kec. Waibu;Kab. Jayapura;Prov. Papua
241902  ;Kec. Kodi Bangedo;Kab. Sumba Barat Daya;Prov. Nusa Tenggara Timur
250218  ;Kec. Yawosi;Kab. Biak Numfor;Prov. Papua
250124  ;Kec. Sentani Timur;Kab. Jayapura;Prov. Papua
250125  ;Kec. Airu;Kab. Jayapura;Prov. Papua
250108  ;Kec. Kaureh;Kab. Jayapura;Prov. Papua
250307  ;Kec. Yapen Barat;Kab. Yapen Waropen;Prov. Papua
241903  ;Kec. Loura;Kab. Sumba Barat Daya;Prov. Nusa Tenggara Timur
250204  ;Kec. Biak Timur;Kab. Biak Numfor;Prov. Papua
246006  ;Kec. Kota Lama;Kota Kupang;Prov. Nusa Tenggara Timur
250305  ;Kec. Angkaisera;Kab. Yapen Waropen;Prov. Papua
241905  ;Kec. Wewewa Selatan;Kab. Sumba Barat Daya;Prov. Nusa Tenggara Timur
250203  ;Kec. Padaido;Kab. Biak Numfor;Prov. Papua
242001  ;Kec. Elar;Kab. Manggarai Timur;Prov. Nusa Tenggara Timur
242002  ;Kec. Kota Komba;Kab. Manggarai Timur;Prov. Nusa Tenggara Timur
250208  ;Kec. Biak Utara;Kab. Biak Numfor;Prov. Papua
250120  ;Kec. Demta;Kab. Jayapura;Prov. Papua
241904  ;Kec. Wewewa Barat;Kab. Sumba Barat Daya;Prov. Nusa Tenggara Timur
241907  ;Kec. Wewewa Utara;Kab. Sumba Barat Daya;Prov. Nusa Tenggara Timur
250117  ;Kec. Nimbokrang;Kab. Jayapura;Prov. Papua
250209  ;Kec. Warsa;Kab. Biak Numfor;Prov. Papua
250201  ;Kec. Numfor Barat;Kab. Biak Numfor;Prov. Papua
250116  ;Kec. Nimboran;Kab. Jayapura;Prov. Papua
242114  ;Sabu Liae;Kab. Sabu Raijua;Prov. Nusa Tenggara Timur
241801  ;Kec. Katiku Tana;Kab. Sumba Tengah;Prov. Nusa Tenggara Timur
250114  ;Kec. Kemtuk;Kab. Jayapura;Prov. Papua
250306  ;Kec. Yapen Selatan;Kab. Yapen Waropen;Prov. Papua
250127  ;Kec. Nimboran Timur/Namblong;Kab. Jayapura;Prov. Papua
250121  ;Kec. Depapre;Kab. Jayapura;Prov. Papua
250126  ;Kec. Yapsi;Kab. Jayapura;Prov. Papua
250210  ;Kec. Biak Barat;Kab. Biak Numfor;Prov. Papua
250212  ;Kec. Orkeri;Kab. Biak Numfor;Prov. Papua
242116  ;Sabu Timur;Kab. Sabu Raijua;Prov. Nusa Tenggara Timur
250206  ;Kec. Samofa;Kab. Biak Numfor;Prov. Papua
242005  ;Kec. Sambi Rampas;Kab. Manggarai Timur;Prov. Nusa Tenggara Timur
250129  ;Kec. Ebungfau;Kab. Jayapura;Prov. Papua
250217  ;Kec. Andey;Kab. Biak Numfor;Prov. Papua
246002  ;Kec. Maulafa;Kota Kupang;Prov. Nusa Tenggara Timur
250848  ;Kec. Pelebaga;Kab. Jayawijaya;Prov. Papua
250701  ;Kec. Kimaam;Kab. Merauke;Prov. Papua
250725  ;Kec. Semangga;Kab. Merauke;Prov. Papua
250214  ;Kec. Poiru;Kab. Biak Numfor;Prov. Papua
250854  ;Kec. Wamena;Kab. Jayawijaya;Prov. Papua
250738  ;Kec. Waan;Kab. Merauke;Prov. Papua
250739  ;Kec. Ilwayab;Kab. Merauke;Prov. Papua
251018  ;Kec. Ekadide;Kab. Paniai;Prov. Papua
250819  ;Kec. Kurulu;Kab. Jayawijaya;Prov. Papua
250905  ;Kec. Uwapa;Kab. Nabire;Prov. Papua
250912  ;Kec. Makimi;Kab. Nabire;Prov. Papua
251105  ;Kec. Mulia;Kab. Puncak Jaya;Prov. Papua
250841  ;Kec. Musatfak;Kab. Jayawijaya;Prov. Papua
250215  ;Kec. Ainando Padaido;Kab. Biak Numfor;Prov. Papua
250311  ;Kec. Raimbawi;Kab. Yapen Waropen;Prov. Papua
250849  ;Kec. Yalengga;Kab. Jayawijaya;Prov. Papua
250843  ;Kec. Asolokobal;Kab. Jayawijaya;Prov. Papua
250314  ;Kec. Wonawa;Kab. Yapen Waropen;Prov. Papua
251014  ;Kec. Yatamo;Kab. Paniai;Prov. Papua
250312  ;Kec. Teluk Ampimoi;Kab. Yapen Waropen;Prov. Papua
251104  ;Kec. Fawi;Kab. Puncak Jaya;Prov. Papua
250910  ;Kec. Siriwo;Kab. Nabire;Prov. Papua
250908  ;Kec. Nabire;Kab. Nabire;Prov. Papua
250704  ;Kec. Merauke;Kab. Merauke;Prov. Papua
250818  ;Kec. Asologaima;Kab. Jayawijaya;Prov. Papua
250909  ;Kec. Napan;Kab. Nabire;Prov. Papua
250315  ;Kec. Windesi;Kab. Yapen Waropen;Prov. Papua
251090  ;Aradide;Kab. Paniai;Prov. Papua
250727  ;Kec. Jagebob;Kab. Merauke;Prov. Papua
251009  ;Kec. Bogoboida;Kab. Paniai;Prov. Papua
251019  ;Kec. Siriwo;Kab. Paniai;Prov. Papua
250736  ;Kec. Kaptel;Kab. Merauke;Prov. Papua
250705  ;Kec. Muting;Kab. Merauke;Prov. Papua
250863  ;Kec. Wollo;Kab. Jayawijaya;Prov. Papua
251016  ;Kec. Dumadama;Kab. Paniai;Prov. Papua
250906  ;Kec. Yaur;Kab. Nabire;Prov. Papua
250310  ;Kec. Yapen Utara;Kab. Yapen Waropen;Prov. Papua
250862  ;Kec. Bolakme;Kab. Jayawijaya;Prov. Papua
250733  ;Kec. Tubang;Kab. Merauke;Prov. Papua
250731  ;Kec. Animha;Kab. Merauke;Prov. Papua
250726  ;Kec. Tanah Miring;Kab. Merauke;Prov. Papua
250916  ;Kec. Teluk Kimi;Kab. Nabire;Prov. Papua
250703  ;Kec. Kurik;Kab. Merauke;Prov. Papua
250734  ;Kec. Ngunti;Kab. Merauke;Prov. Papua
250860  ;Kec. Hubikosi;Kab. Jayawijaya;Prov. Papua
250737  ;Kec. Tabonji;Kab. Merauke;Prov. Papua
250911  ;Kec. Teluk Umar;Kab. Nabire;Prov. Papua
251003  ;Kec. Paniai Timur;Kab. Paniai;Prov. Papua
250907  ;Kec. Wanggar;Kab. Nabire;Prov. Papua
250732  ;Kec. Malind;Kab. Merauke;Prov. Papua
251004  ;Kec. Bibida;Kab. Paniai;Prov. Papua
250728  ;Kec. Sota;Kab. Merauke;Prov. Papua
250702  ;Kec. Okaba;Kab. Merauke;Prov. Papua
250313  ;Kec. Kepulauan Ambai;Kab. Yapen Waropen;Prov. Papua
250216  ;Kec. Oridek;Kab. Biak Numfor;Prov. Papua
250724  ;Kec. Distrik Ulilin;Kab. Merauke;Prov. Papua
251008  ;Kec. Paniai Barat;Kab. Paniai;Prov. Papua
250839  ;Kec. Walelagama;Kab. Jayawijaya;Prov. Papua
250729  ;Kec. Eligobel;Kab. Merauke;Prov. Papua
251404  ;Kec. Haju;Kab. Mappi;Prov. Papua
251405  ;Kec. Assue;Kab. Mappi;Prov. Papua
251610  ;Kec. Pasema;Kab. Yahukimo;Prov. Papua
251408  ;Kec. Venaha;Kab. Mappi;Prov. Papua
251212  ;Kec. Kuala Kencana;Kab. Mimika;Prov. Papua
251306  ;Kec. Distrik Bomakia;Kab. Boven Digoel;Prov. Papua
251608  ;Kec. Amuma;Kab. Yahukimo;Prov. Papua
251214  ;Kec. Mimika Timur Jauh;Kab. Mimika;Prov. Papua
251310  ;Kec. Arimop;Kab. Boven Digoel;Prov. Papua
251313  ;Kec. Yaniruma;Kab. Boven Digoel;Prov. Papua
251304  ;Kec. Kouh;Kab. Boven Digoel;Prov. Papua
251612  ;Kec. Mogi;Kab. Yahukimo;Prov. Papua
251402  ;Kec. Edera;Kab. Mappi;Prov. Papua
250990  ;Dipha;Kab. Nabire;Prov. Papua
251308  ;Kec. Iniyandit;Kab. Boven Digoel;Prov. Papua
251410  ;Kec. Kaibar;Kab. Mappi;Prov. Papua
251115  ;Kec. Tingginambut;Kab. Puncak Jaya;Prov. Papua
251406  ;Kec. Citakmitak;Kab. Mappi;Prov. Papua
251202  ;Kec. Mimika Timur;Kab. Mimika;Prov. Papua
251314  ;Kec. Ambatkwi;Kab. Boven Digoel;Prov. Papua
251111  ;Kec. Yamo;Kab. Puncak Jaya;Prov. Papua
251211  ;Kec. Jita;Kab. Mimika;Prov. Papua
251106  ;Kec. Ilu;Kab. Puncak Jaya;Prov. Papua
251303  ;Kec. Mandobo;Kab. Boven Digoel;Prov. Papua
251502  ;Kec. Fayit;Kab. Asmat;Prov. Papua
251205  ;Kec. Mimika Barat Jauh;Kab. Mimika;Prov. Papua
251113  ;Kec. Torere;Kab. Puncak Jaya;Prov. Papua
251609  ;Kec. Wusaik;Kab. Yahukimo;Prov. Papua
251209  ;Kec. Tembagapura;Kab. Mimika;Prov. Papua
251503  ;Kec. Atsy;Kab. Asmat;Prov. Papua
251213  ;Kec. Mimika Timur Tengah;Kab. Mimika;Prov. Papua
251311  ;Kec. Firiwage;Kab. Boven Digoel;Prov. Papua
251607  ;Kec. Wusuma;Kab. Yahukimo;Prov. Papua
251501  ;Kec. Pantai Kasuari;Kab. Asmat;Prov. Papua
250923  ;Kec. Wapoga;Kab. Nabire;Prov. Papua
251301  ;Kec. Jair;Kab. Boven Digoel;Prov. Papua
251604  ;Kec. Dekai;Kab. Yahukimo;Prov. Papua
251203  ;Kec. Mimika Baru;Kab. Mimika;Prov. Papua
250999  ;Yaro;Kab. Nabire;Prov. Papua
251611  ;Kec. Hogio;Kab. Yahukimo;Prov. Papua
251401  ;Kec. Nambioman Bapai;Kab. Mappi;Prov. Papua
251614  ;Kec. Werima;Kab. Yahukimo;Prov. Papua
251305  ;Kec. Waropko;Kab. Boven Digoel;Prov. Papua
251114  ;Kec. Jigonikme;Kab. Puncak Jaya;Prov. Papua
251407  ;Kec. Minyamur;Kab. Mappi;Prov. Papua
251613  ;Kec. Soba;Kab. Yahukimo;Prov. Papua
251606  ;Kec. Suru Suru;Kab. Yahukimo;Prov. Papua
251615  ;Kec. Tangma;Kab. Yahukimo;Prov. Papua
251204  ;Kec. Agimuga;Kab. Mimika;Prov. Papua
251605  ;Kec. Obio;Kab. Yahukimo;Prov. Papua
251315  ;Kombut;Kab. Boven Digoel;Prov. Papua
251302  ;Kec. Mindiptana;Kab. Boven Digoel;Prov. Papua
251307  ;Kec. Subur;Kab. Boven Digoel;Prov. Papua
251201  ;Kec. Mimika Barat;Kab. Mimika;Prov. Papua
251206  ;Kec. Mimika Barat Tengah;Kab. Mimika;Prov. Papua
251603  ;Kec. Anggruk;Kab. Yahukimo;Prov. Papua
251210  ;Kec. Jila;Kab. Mimika;Prov. Papua
251409  ;Kec. Passue;Kab. Mappi;Prov. Papua
251110  ;Kec. Mewoluk;Kab. Puncak Jaya;Prov. Papua
251403  ;Kec. Obaa;Kab. Mappi;Prov. Papua
251312  ;Kec. Manggelum;Kab. Boven Digoel;Prov. Papua
251704  ;Kec. Okbibab;Kab. Pegunungan Bintang;Prov. Papua
251601  ;Kec. Kurima;Kab. Yahukimo;Prov. Papua
251617  ;Kec. Panggema;Kab. Yahukimo;Prov. Papua
251647  ;Kec. Kayo;Kab. Yahukimo;Prov. Papua
251624  ;Kec. Puldama;Kab. Yahukimo;Prov. Papua
251640  ;Kec. Sobaham;Kab. Yahukimo;Prov. Papua
251724  ;Kec. Oksamol;Kab. Pegunungan Bintang;Prov. Papua
251715  ;Kec. Kalomdom;Kab. Pegunungan Bintang;Prov. Papua
251719  ;Kec. Okbab;Kab. Pegunungan Bintang;Prov. Papua
251637  ;Kec. Bomela;Kab. Yahukimo;Prov. Papua
251651  ;Kec. Nalca;Kab. Yahukimo;Prov. Papua
251632  ;Kec. Lolat;Kab. Yahukimo;Prov. Papua
251621  ;Kec. Pronggoli;Kab. Yahukimo;Prov. Papua
251626  ;Kec. Ubahili;Kab. Yahukimo;Prov. Papua
251625  ;Kec. Hereapingi;Kab. Yahukimo;Prov. Papua
251618  ;Kec. Kosarek;Kab. Yahukimo;Prov. Papua
251718  ;Kec. Weime;Kab. Pegunungan Bintang;Prov. Papua
251650  ;Kec. Samenage;Kab. Yahukimo;Prov. Papua
251714  ;Kec. Serambakon;Kab. Pegunungan Bintang;Prov. Papua
251507  ;Kec. Sawaerma;Kab. Asmat;Prov. Papua
251636  ;Kec. Langda;Kab. Yahukimo;Prov. Papua
251638  ;Kec. Suntamon;Kab. Yahukimo;Prov. Papua
251711  ;Kec. Kawor;Kab. Pegunungan Bintang;Prov. Papua
251717  ;Kec. Epumek;Kab. Pegunungan Bintang;Prov. Papua
251712  ;Kec. Tarup;Kab. Pegunungan Bintang;Prov. Papua
251702  ;Kec. Oksibil;Kab. Pegunungan Bintang;Prov. Papua
251628  ;Kec. Endomen;Kab. Yahukimo;Prov. Papua
251620  ;Kec. Ubahak;Kab. Yahukimo;Prov. Papua
251648  ;Kec. Sumo;Kab. Yahukimo;Prov. Papua
251633  ;Kec. Soloikma;Kab. Yahukimo;Prov. Papua
251645  ;Kec. Duram;Kab. Yahukimo;Prov. Papua
251706  ;Kec. Batom;Kab. Pegunungan Bintang;Prov. Papua
251713  ;Kec. Alemsom;Kab. Pegunungan Bintang;Prov. Papua
251703  ;Kec. Borme;Kab. Pegunungan Bintang;Prov. Papua
251723  ;Kec.Oklip;Kab. Pegunungan Bintang;Prov. Papua
251644  ;Kec. Hilipuk;Kab. Yahukimo;Prov. Papua
251619  ;Kec. Nipsan;Kab. Yahukimo;Prov. Papua
251699  ;Seradala;Kab. Yahukimo;Prov. Papua
251635  ;Kec. Korupun;Kab. Yahukimo;Prov. Papua
251506  ;Kec. Agats;Kab. Asmat;Prov. Papua
251622  ;Kec. Walma;Kab. Yahukimo;Prov. Papua
251641  ;Kec. Kabianggama;Kab. Yahukimo;Prov. Papua
251722  ;Kec. Hokhika;Kab. Pegunungan Bintang;Prov. Papua
251629  ;Kec. Kona;Kab. Yahukimo;Prov. Papua
251646  ;Kec. Yogosem;Kab. Yahukimo;Prov. Papua
251705  ;Kec. Kiwirok;Kab. Pegunungan Bintang;Prov. Papua
251727  ;Ok Aom;Kab. Pegunungan Bintang;Prov. Papua
251649  ;Kec. Silimo;Kab. Yahukimo;Prov. Papua
251627  ;Kec. Talambo;Kab. Yahukimo;Prov. Papua
251623  ;Kec. Yahuliambut;Kab. Yahukimo;Prov. Papua
251616  ;Kec. Ukha;Kab. Yahukimo;Prov. Papua
251643  ;Kec. Kwikma;Kab. Yahukimo;Prov. Papua
251720  ;Kec. Teiraplu;Kab. Pegunungan Bintang;Prov. Papua
251642  ;Kec. Kwelamdua;Kab. Yahukimo;Prov. Papua
251630  ;Kec. Dirwemna;Kab. Yahukimo;Prov. Papua
251726  ;Okbape;Kab. Pegunungan Bintang;Prov. Papua
251634  ;Kec. Sela;Kab. Yahukimo;Prov. Papua
251728  ;Awinbon;Kab. Pegunungan Bintang;Prov. Papua
251803  ;Kec. Bokondini;Kab. Tolikara;Prov. Papua
251825  ;Kec. Poganeri;Kab. Tolikara;Prov. Papua
251819  ;Kec. Wakuo;Kab. Tolikara;Prov. Papua
251808  ;Kec. Numba;Kab. Tolikara;Prov. Papua
251820  ;Kec. Nunggawi;Kab. Tolikara;Prov. Papua
251806  ;Kec. Kubu;Kab. Tolikara;Prov. Papua
251831  ;Kec. Gilungbandu;Kab. Tolikara;Prov. Papua
251905  ;Kec. Sarmi;Kab. Sarmi;Prov. Papua
251845  ;Bogonuk;Kab. Tolikara;Prov. Papua
251729  ;Batani;Kab. Pegunungan Bintang;Prov. Papua
251811  ;Kec. Timori;Kab. Tolikara;Prov. Papua
251824  ;Kec. Panaga;Kab. Tolikara;Prov. Papua
251822  ;Kec. Wunin;Kab. Tolikara;Prov. Papua
251730  ;Murkim;Kab. Pegunungan Bintang;Prov. Papua
251911  ;Kec. Sarmi Timur;Kab. Sarmi;Prov. Papua
251846  ;Li Anogomma;Kab. Tolikara;Prov. Papua
251841  ;Danime;Kab. Tolikara;Prov. Papua
251823  ;Kec. Wina;Kab. Tolikara;Prov. Papua
251826  ;Kec. Dow;Kab. Tolikara;Prov. Papua
251815  ;Kec. Bokoneri;Kab. Tolikara;Prov. Papua
251890  ;Kamboneri;Kab. Tolikara;Prov. Papua
251832  ;Kec. Yuneri;Kab. Tolikara;Prov. Papua
251842  ;Tagime;Kab. Tolikara;Prov. Papua
251790  ;Okbemtau;Kab. Pegunungan Bintang;Prov. Papua
251844  ;Aweku;Kab. Tolikara;Prov. Papua
251802  ;Kec. Karubaga;Kab. Tolikara;Prov. Papua
251904  ;Kec. Tor Atas;Kab. Sarmi;Prov. Papua
251731  ;Mofinop;Kab. Pegunungan Bintang;Prov. Papua
251709  ;Kec. Aboy;Kab. Pegunungan Bintang;Prov. Papua
251813  ;Kec. Nelawi;Kab. Tolikara;Prov. Papua
251833  ;Kec. Taginire;Kab. Tolikara;Prov. Papua
251816  ;Kec. Bewani;Kab. Tolikara;Prov. Papua
251804  ;Kec. Kembu;Kab. Tolikara;Prov. Papua
251827  ;Kec. Wari/Taiyeve;Kab. Tolikara;Prov. Papua
251810  ;Kec. Gudage;Kab. Tolikara;Prov. Papua
251838  ;Anawi;Kab. Tolikara;Prov. Papua
251906  ;Kec. Pantai Barat;Kab. Sarmi;Prov. Papua
251903  ;Kec. Bonggo;Kab. Sarmi;Prov. Papua
251732  ;Jetfa;Kab. Pegunungan Bintang;Prov. Papua
251848  ;Yuko;Kab. Tolikara;Prov. Papua
251821  ;Kec. Woniki;Kab. Tolikara;Prov. Papua
251840  ;Wugi;Kab. Tolikara;Prov. Papua
251818  ;Kec. Nabunage;Kab. Tolikara;Prov. Papua
251814  ;Kec. Kuari;Kab. Tolikara;Prov. Papua
251791  ;Oksebang;Kab. Pegunungan Bintang;Prov. Papua
251737  ;Iwur;Kab. Pegunungan Bintang;Prov. Papua
251807  ;Kec. Geya;Kab. Tolikara;Prov. Papua
251733  ;Nongme;Kab. Pegunungan Bintang;Prov. Papua
251801  ;Kec. Kanggime;Kab. Tolikara;Prov. Papua
251805  ;Kec. Goyage;Kab. Tolikara;Prov. Papua
251734  ;Pamek;Kab. Pegunungan Bintang;Prov. Papua
251708  ;Kec. Bime;Kab. Pegunungan Bintang;Prov. Papua
251839  ;Wenam;Kab. Tolikara;Prov. Papua
251910  ;Kec. Bonggo Timur;Kab. Sarmi;Prov. Papua
251830  ;Kec. Umagi;Kab. Tolikara;Prov. Papua
251710  ;Kec. Kiwirok Timur;Kab. Pegunungan Bintang;Prov. Papua
251847  ;Biuk;Kab. Tolikara;Prov. Papua
251809  ;Kec. Dundu;Kab. Tolikara;Prov. Papua
252610  ;Wapoga;Kab. Waropen;Prov. Papua
252904  ;Kec. Mapenduma;Kab. Nduga;Prov. Papua
252604  ;Kec. Inggerus;Kab. Waropen;Prov. Papua
253203  ;Kec. Abenaho;Kab. Yalimo;Prov. Papua
253004  ;Kec. Balingga;Kab. Lanny Jaya;Prov. Papua
253304  ;Kec. Sinak;kab. Puncak;Prov. Papua
252903  ;Kec. Geselma;Kab. Nduga;Prov. Papua
253205  ;Kec. Benawa;Kab. Yalimo;Prov. Papua
253101  ;Kec. Kobakma;Kab. Membramo Tengah;Prov. Papua
253202  ;Kec. Apalapsili;Kab. Yalimo;Prov. Papua
252806  ;Kec. Mamberamo Tengah Timur;Kab. Memberamo Raya;Prov. Papua
253003  ;Kec. Tiom;Kab. Lanny Jaya;Prov. Papua
252005  ;Kec. Skamto;Kab. Keerom;Prov. Papua
253002  ;Kec. Pirime;Kab. Lanny Jaya;Prov. Papua
252601  ;Kec. Waropen Bawah;Kab. Waropen;Prov. Papua
252790  ;Supiori Utara;Kab. Supiori;Prov. Papua
251835  ;Kec. Air Garam;Kab. Tolikara;Prov. Papua
253005  ;Kec. Kuyawage;Kab. Lanny Jaya;Prov. Papua
252803  ;Kec. Waropen Atas;Kab. Memberamo Raya;Prov. Papua
253105  ;Kec. Megambilis;Kab. Membramo Tengah;Prov. Papua
252704  ;Kec. Kepulauan Aruri;Kab. Supiori;Prov. Papua
251913  ;Kec. Apawert Hulu;Kab. Sarmi;Prov. Papua
251914  ;Sarmi Selatan;Kab. Sarmi;Prov. Papua
252007  ;Kec. Arso Timur;Kab. Keerom;Prov. Papua
253102  ;Kec. Ilugwa;Kab. Membramo Tengah;Prov. Papua
253008  ;Kec. Dimba;Kab. Lanny Jaya;Prov. Papua
252905  ;Kec. Mugi;Kab. Nduga;Prov. Papua
252002  ;Kec. Senggi;Kab. Keerom;Prov. Papua
252003  ;Kec. Waris;Kab. Keerom;Prov. Papua
251836  ;Gika;Kab. Tolikara;Prov. Papua
252703  ;Kec. Supiori Timur;Kab. Supiori;Prov. Papua
252807  ;Kec. Rufaer;Kab. Memberamo Raya;Prov. Papua
252808  ;Kec. Mamberamo Ulu;Kab. Memberamo Raya;Prov. Papua
252804  ;Kec. Mamberamo Ilir;Kab. Memberamo Raya;Prov. Papua
252001  ;Kec. Web;Kab. Keerom;Prov. Papua
251837  ;Telenggeme;Kab. Tolikara;Prov. Papua
252901  ;Kec. Wosak;Kab. Nduga;Prov. Papua
252902  ;Kec. Kenyam;Kab. Nduga;Prov. Papua
252705  ;Kec. Supiori Barat;Kab. Supiori;Prov. Papua
253009  ;Kec. Gamelia;Kab. Lanny Jaya;Prov. Papua
252609  ;Kec. Kirihi;Kab. Waropen;Prov. Papua
253104  ;Kec. Eragayam;Kab. Membramo Tengah;Prov. Papua
252805  ;Kec. Mamberamo Tengah;Kab. Memberamo Raya;Prov. Papua
253303  ;Kec. Ilaga;kab. Puncak;Prov. Papua
253006  ;Kec. Malagaineri;Kab. Lanny Jaya;Prov. Papua
252809  ;Kec. Benuki;Kab. Memberamo Raya;Prov. Papua
252607  ;Kec. Risei Sayati;Kab. Waropen;Prov. Papua
253302  ;Kec. Gome;kab. Puncak;Prov. Papua
253010  ;Kec. Poga;Kab. Lanny Jaya;Prov. Papua
252605  ;Kec. Ureifaisei;Kab. Waropen;Prov. Papua
252701  ;Kec. Supiori Selatan;Kab. Supiori;Prov. Papua
252602  ;Kec. Masirei;Kab. Waropen;Prov. Papua
253007  ;Kec. Tiomneri;Kab. Lanny Jaya;Prov. Papua
253103  ;Kec. Kelila;Kab. Membramo Tengah;Prov. Papua
252004  ;Kec. Arso;Kab. Keerom;Prov. Papua
252006  ;Kec. Towe Hitam;Kab. Keerom;Prov. Papua
253305  ;Kec. Pogoma;kab. Puncak;Prov. Papua
253301  ;Kec. Agadugume;kab. Puncak;Prov. Papua
260211  ;Kec. Bermani Ulu;Kab. Rejang Lebong;Prov. Bengkulu
253606  ;Kec. Agisiga;Kab. Intan Jaya;Prov. Papua
260107  ;Kec. Lais;Kab. Bengkulu Utara;Prov. Bengkulu
260218  ;Kec. Bindu Riang;Kab. Rejang Lebong;Prov. Bengkulu
260120  ;Kec. Giri Mulia;Kab. Bengkulu Utara;Prov. Bengkulu
260217  ;Kec. Sindang Beliti Ilir;Kab. Rejang Lebong;Prov. Bengkulu
253406  ;Kec. Kamu;Kab. Dogiyai;Prov. Papua
253307  ;Kec. Beoga;kab. Puncak;Prov. Papua
252908  ;Kec. Gearek;Kab. Nduga;Prov. Papua
260210  ;Kec. Sindang Kelingi;Kab. Rejang Lebong;Prov. Bengkulu
260119  ;Kec. Batik Nau;Kab. Bengkulu Utara;Prov. Bengkulu
253402  ;Kec. Mapia Barat;Kab. Dogiyai;Prov. Papua
253602  ;Kec. Hitadipa;Kab. Intan Jaya;Prov. Papua
260110  ;Kec. Putri Hijau;Kab. Bengkulu Utara;Prov. Bengkulu
260212  ;Kec. Selupu Rejang;Kab. Rejang Lebong;Prov. Bengkulu
260204  ;Kec. Curup;Kab. Rejang Lebong;Prov. Bengkulu
253501  ;Kec. Tigi;Kab. Deiyai;Prov. Papua
253308  ;Kec. Doufo;kab. Puncak;Prov. Papua
260224  ;Kec. Curup Utara;Kab. Rejang Lebong;Prov. Bengkulu
260221  ;Kec. Curup Selatan;Kab. Rejang Lebong;Prov. Bengkulu
253404  ;Kec. Dogiyai;Kab. Dogiyai;Prov. Papua
260203  ;Kec. Padang Ulang Tanding;Kab. Rejang Lebong;Prov. Bengkulu
260222  ;Kec. Curup Tengah;Kab. Rejang Lebong;Prov. Bengkulu
253502  ;Kec. Tigi Barat;Kab. Deiyai;Prov. Papua
260202  ;Kec. Kota Padang;Kab. Rejang Lebong;Prov. Bengkulu
253407  ;Kec. Mapia Tengah;Kab. Dogiyai;Prov. Papua
260121  ;Kec. Napal Putih;Kab. Bengkulu Utara;Prov. Bengkulu
260225  ;Kec. Curup Timur;Kab. Rejang Lebong;Prov. Bengkulu
253409  ;Kec. Kamu Utara;Kab. Dogiyai;Prov. Papua
253306  ;Kec. Wangbe;kab. Puncak;Prov. Papua
253603  ;Kec. Homeyo;Kab. Intan Jaya;Prov. Papua
253505  ;Kec. Kapiraya;Kab. Deiyai;Prov. Papua
260220  ;Kec. Sindang Dataran;Kab. Rejang Lebong;Prov. Bengkulu
256003  ;Kec. Jayapura Selatan;Kota Jayapura;Prov. Papua
260219  ;Kec. Sindang Beliti Ulu;Kab. Rejang Lebong;Prov. Bengkulu
253604  ;Kec. Biandoga;Kab. Intan Jaya;Prov. Papua
256004  ;Kec. Jayapura Utara;Kota Jayapura;Prov. Papua
253401  ;Kec. Piyaiye;Kab. Dogiyai;Prov. Papua
260106  ;Kec. Arga Makmur;Kab. Bengkulu Utara;Prov. Bengkulu
260118  ;Kec. Air Besi;Kab. Bengkulu Utara;Prov. Bengkulu
260123  ;Air Padang;Kab. Bengkulu Utara;Prov. Bengkulu
253504  ;Kec. Bowobado;Kab. Deiyai;Prov. Papua
253605  ;Kec. Wandai;Kab. Intan Jaya;Prov. Papua
260122  ;Hulu Palik;Kab. Bengkulu Utara;Prov. Bengkulu
253410  ;Kec. Sukikai Selatan;Kab. Dogiyai;Prov. Papua
260108  ;Kec. Padang Jaya;Kab. Bengkulu Utara;Prov. Bengkulu
260109  ;Kec. Ketahun;Kab. Bengkulu Utara;Prov. Bengkulu
253503  ;Kec. Tigi Timur;Kab. Deiyai;Prov. Papua
253601  ;Kec. Sugapa;Kab. Intan Jaya;Prov. Papua
260223  ;Kec. Bermani Ulu Raya;Kab. Rejang Lebong;Prov. Bengkulu
253403  ;Kec. Mapia;Kab. Dogiyai;Prov. Papua
253405  ;Kec. Kamu Selatan;Kab. Dogiyai;Prov. Papua
256002  ;Kec. Abepura;Kota Jayapura;Prov. Papua
252907  ;Kec. Mbuwa;Kab. Nduga;Prov. Papua
253408  ;Kec. Kamu Tmur;Kab. Dogiyai;Prov. Papua
260410  ;Kec. Penarik;Kab. Muko-muko;Prov. Bengkulu
260503  ;Kec. Tebat Karai;Kab. Kepahiang;Prov. Bengkulu
260491  ;Ipuh;Kab. Muko-muko;Prov. Bengkulu
260414  ;Kec. Air Manjunto;Kab. Muko-muko;Prov. Bengkulu
260603  ;Kec. Rimbo Pegadang;Kab. Lebong;Prov. Bengkulu
260402  ;Kec. Teras Terunjam;Kab. Muko-muko;Prov. Bengkulu
260704  ;Kec. Maje;Kab. Kaur;Prov. Bengkulu
260415  ;Kec. V Koto;Kab. Muko-muko;Prov. Bengkulu
260320  ;Kec. Pasar Manna;Kab. Bengkulu Selatan;Prov. Bengkulu
260602  ;Kec. Lebong Utara;Kab. Lebong;Prov. Bengkulu
260323  ;Kec. Ulu Manna;Kab. Bengkulu Selatan;Prov. Bengkulu
256090  ;Kotaraja;Kota Jayapura;Prov. Papua
260711  ;Kec. Semidang Gumai;Kab. Kaur;Prov. Bengkulu
260306  ;Kec. Pino;Kab. Bengkulu Selatan;Prov. Bengkulu
260713  ;Kec. Padang Guci Hilir;Kab. Kaur;Prov. Bengkulu
260406  ;Kec. Air Rami;Kab. Muko-muko;Prov. Bengkulu
260407  ;Kec. Malin Deman;Kab. Muko-muko;Prov. Bengkulu
260802  ;Kec. Seluma;Kab. Seluma;Prov. Bengkulu
260702  ;Kec. Kaur Tengah;Kab. Kaur;Prov. Bengkulu
260318  ;Kec. Kedurang;Kab. Bengkulu Selatan;Prov. Bengkulu
260613  ;Pinang Belapis;Kab. Lebong;Prov. Bengkulu
260508  ;Kec. Merigi;Kab. Kepahiang;Prov. Bengkulu
260314  ;Kec. Kota Manna;Kab. Bengkulu Selatan;Prov. Bengkulu
260502  ;Kec. Bermani Ilir;Kab. Kepahiang;Prov. Bengkulu
260413  ;Kec. XIV Koto;Kab. Muko-muko;Prov. Bengkulu
260712  ;Kec. Kelam Tengah;Kab. Kaur;Prov. Bengkulu
260322  ;Kec. Air Nipis;Kab. Bengkulu Selatan;Prov. Bengkulu
260101  ;Kec. Enggano;Kab. Bengkulu Utara;Prov. Bengkulu
260801  ;Kec. Talo;Kab. Seluma;Prov. Bengkulu
260403  ;Kec. Muko-Muko Utara;Kab. Muko-muko;Prov. Bengkulu
260315  ;Kec. Pinoraya;Kab. Bengkulu Selatan;Prov. Bengkulu
260501  ;Kec. Kepahiang;Kab. Kepahiang;Prov. Bengkulu
260605  ;Kec. Lebong Atas;Kab. Lebong;Prov. Bengkulu
260408  ;Kec. Sungai Rumbai;Kab. Muko-muko;Prov. Bengkulu
260710  ;Kec. Muara Sahung;Kab. Kaur;Prov. Bengkulu
260709  ;Kec. Luas;Kab. Kaur;Prov. Bengkulu
260708  ;Kec. Muara Tetap;Kab. Kaur;Prov. Bengkulu
260405  ;Kec. Lubuk Pinang;Kab. Muko-muko;Prov. Bengkulu
260611  ;Amen;Kab. Lebong;Prov. Bengkulu
260609  ;Lebong Sakti;Kab. Lebong;Prov. Bengkulu
260404  ;Kec. Pondok Suguh;Kab. Muko-muko;Prov. Bengkulu
260610  ;Pelabai;Kab. Lebong;Prov. Bengkulu
260319  ;Kec. Bunga Mas;Kab. Bengkulu Selatan;Prov. Bengkulu
260411  ;Kec. Selagan Raya;Kab. Muko-muko;Prov. Bengkulu
260321  ;Kec. Kedurang Ilir;Kab. Bengkulu Selatan;Prov. Bengkulu
260304  ;Kec. Manna;Kab. Bengkulu Selatan;Prov. Bengkulu
260706  ;Kec. Kinal;Kab. Kaur;Prov. Bengkulu
260601  ;Kec. Lebong Selatan;Kab. Lebong;Prov. Bengkulu
260715  ;Kec. Lungkang Kule;Kab. Kaur;Prov. Bengkulu
260612  ;Uram Jaya;Kab. Lebong;Prov. Bengkulu
260707  ;Kec. Tanjung Kemuning;Kab. Kaur;Prov. Bengkulu
260608  ;Bingin Kuning;Kab. Lebong;Prov. Bengkulu
260607  ;Topos;Kab. Lebong;Prov. Bengkulu
260409  ;Kec. Teramang Jaya;Kab. Muko-muko;Prov. Bengkulu
260105  ;Kec. Kerkap;Kab. Bengkulu Utara;Prov. Bengkulu
260305  ;Kec. Seginim;Kab. Bengkulu Selatan;Prov. Bengkulu
260705  ;Kec. Nasal;Kab. Kaur;Prov. Bengkulu
260412  ;Kec. Air Dikit;Kab. Muko-muko;Prov. Bengkulu
260703  ;Kec. Kaur Utara;Kab. Kaur;Prov. Bengkulu
270303  ;Kec. Ibu;Kab. Halmahera Barat;Prov. Maluku Utara
270208  ;Kec. Weda Selatan;Kab. Halmahera Tengah;Prov. Maluku Utara
270305  ;Kec. Jailolo Selatan;Kab. Halmahera Barat;Prov. Maluku Utara
260903  ;Kec. Taba Penanjung;Kab. Bengkulu Tengah;Prov. Bengkulu
260909  ;Kec. Pondok Kubang;Kab. Bengkulu Tengah;Prov. Bengkulu
270209  ;Kec. Patani Utara;Kab. Halmahera Tengah;Prov. Maluku Utara
260906  ;Kec. Pematang Tiga;Kab. Bengkulu Tengah;Prov. Bengkulu
270310  ;Jailolo Timur;Kab. Halmahera Barat;Prov. Maluku Utara
260804  ;Kec. Semidang Alas Maras;Kab. Seluma;Prov. Bengkulu
260812  ;Kec. Seluma Utara;Kab. Seluma;Prov. Bengkulu
266002  ;Kec. Gading Cempaka;Kota Bengkulu;Prov. Bengkulu
266004  ;Kec. Muara Bangkahulu;Kota Bengkulu;Prov. Bengkulu
270409  ;Kec. Malifut;Kab. halmahera Utara;Prov. Maluku Utara
260814  ;Kec. Lubuk Sandi;Kab. Seluma;Prov. Bengkulu
260810  ;Kec. Seluma Barat;Kab. Seluma;Prov. Bengkulu
270210  ;Weda Tengah;Kab. Halmahera Tengah;Prov. Maluku Utara
260808  ;Kec. Ulu Talo;Kab. Seluma;Prov. Bengkulu
270414  ;Kec. Galela Barat;Kab. halmahera Utara;Prov. Maluku Utara
270422  ;Kec. Kao Teluk;Kab. halmahera Utara;Prov. Maluku Utara
266005  ;Kec. Kampung Melayu;Kota Bengkulu;Prov. Bengkulu
270421  ;Kec. Kao Barat;Kab. halmahera Utara;Prov. Maluku Utara
270415  ;Kec. Galela Selatan;Kab. halmahera Utara;Prov. Maluku Utara
270410  ;Kec. Tobelo Utara;Kab. halmahera Utara;Prov. Maluku Utara
270304  ;Kec. Loloda;Kab. Halmahera Barat;Prov. Maluku Utara
270408  ;Kec. Loloda Utara;Kab. halmahera Utara;Prov. Maluku Utara
260507  ;Kec. Kaba Wetan;Kab. Kepahiang;Prov. Bengkulu
270403  ;Kec. Kao;Kab. halmahera Utara;Prov. Maluku Utara
260806  ;Kec. Ilir Talo;Kab. Seluma;Prov. Bengkulu
270302  ;Kec. Sahu;Kab. Halmahera Barat;Prov. Maluku Utara
270401  ;Kec. Tobelo;Kab. halmahera Utara;Prov. Maluku Utara
270309  ;Kec. Ibu Utara;Kab. Halmahera Barat;Prov. Maluku Utara
270307  ;Kec. Sahu Timur;Kab. Halmahera Barat;Prov. Maluku Utara
270404  ;Kec. Galela;Kab. halmahera Utara;Prov. Maluku Utara
270306  ;Kec. Jailolo;Kab. Halmahera Barat;Prov. Maluku Utara
266001  ;Kec. Selebar;Kota Bengkulu;Prov. Bengkulu
260908  ;Kec. Merigi Sakti;Kab. Bengkulu Tengah;Prov. Bengkulu
270420  ;Kec. Kao Utara;Kab. halmahera Utara;Prov. Maluku Utara
270412  ;Kec. Tobelo Timur;Kab. halmahera Utara;Prov. Maluku Utara
270204  ;Kec. Pulau Gebe;Kab. Halmahera Tengah;Prov. Maluku Utara
270207  ;Kec. Weda Utara;Kab. Halmahera Tengah;Prov. Maluku Utara
270413  ;Kec. Tobelo Barat;Kab. halmahera Utara;Prov. Maluku Utara
260907  ;Kec. Merigi Kelindang;Kab. Bengkulu Tengah;Prov. Bengkulu
270402  ;Kec. Tobelo Selatan;Kab. halmahera Utara;Prov. Maluku Utara
260904  ;Kec. Pagar Jati;Kab. Bengkulu Tengah;Prov. Bengkulu
260813  ;Kec. Air Periukan;Kab. Seluma;Prov. Bengkulu
270411  ;Kec. Tobelo Tengah;Kab. halmahera Utara;Prov. Maluku Utara
260901  ;Kec. Talang Empat;Kab. Bengkulu Tengah;Prov. Bengkulu
260910  ;Kec. Bang Haji;Kab. Bengkulu Tengah;Prov. Bengkulu
270308  ;Kec. Ibu Selatan;Kab. Halmahera Barat;Prov. Maluku Utara
266003  ;Kec. Teluk Segara;Kota Bengkulu;Prov. Bengkulu
260807  ;Kec. Talo Kecil;Kab. Seluma;Prov. Bengkulu
260905  ;Kec. Pondok Kelapa;Kab. Bengkulu Tengah;Prov. Bengkulu
260809  ;Kec. Seluma Selatan;Kab. Seluma;Prov. Bengkulu
260902  ;Kec. Karang Tinggi;Kab. Bengkulu Tengah;Prov. Bengkulu
270211  ;Patani Barat;Kab. Halmahera Tengah;Prov. Maluku Utara
260805  ;Kec. Semidang Alas;Kab. Seluma;Prov. Bengkulu
270206  ;Kec. Patani;Kab. Halmahera Tengah;Prov. Maluku Utara
260811  ;Kec. Seluma Timur;Kab. Seluma;Prov. Bengkulu
270416  ;Kec. Galela Utara;Kab. halmahera Utara;Prov. Maluku Utara
260803  ;Kec. Sukaraja;Kab. Seluma;Prov. Bengkulu
270505  ;Kec. Obi;Kab. Halmahera Selatan;Prov. Maluku Utara
270605  ;Kec. Wasile Tengah;Kab. Halmahera Timur;Prov. Maluku Utara
270520  ;Kec. Kasiruta Barat;Kab. Halmahera Selatan;Prov. Maluku Utara
270518  ;Kec. Bacan Timur Selatan;Kab. Halmahera Selatan;Prov. Maluku Utara
270609  ;Kec. Maba Utara;Kab. Halmahera Timur;Prov. Maluku Utara
270513  ;Kec. Obi Utara;Kab. Halmahera Selatan;Prov. Maluku Utara
270708  ;Kec. Sula Besi Timur;Kab. Kepulauan Sula;Prov. Maluku Utara
270591  ;Gane Barat Utara;Kab. Halmahera Selatan;Prov. Maluku Utara
270531  ;Kec. Gane Timur Selatan;Kab. Halmahera Selatan;Prov. Maluku Utara
270522  ;Kec. Bacan Barat Utara;Kab. Halmahera Selatan;Prov. Maluku Utara
266008  ;Kec. Sungai  Serut;Kota Bengkulu;Prov. Bengkulu
270711  ;Kec. Mangoli Utara;Kab. Kepulauan Sula;Prov. Maluku Utara
270514  ;Kec. Mandioli Selatan;Kab. Halmahera Selatan;Prov. Maluku Utara
270503  ;Kec. Bacan Barat;Kab. Halmahera Selatan;Prov. Maluku Utara
270530  ;Kec. Gane Timur Tengah;Kab. Halmahera Selatan;Prov. Maluku Utara
270525  ;Kec. Kayoa Utara;Kab. Halmahera Selatan;Prov. Maluku Utara
270504  ;Kec. Bacan;Kab. Halmahera Selatan;Prov. Maluku Utara
270510  ;Kec. Obi Selatan;Kab. Halmahera Selatan;Prov. Maluku Utara
270519  ;Kec. Bacan Timur Tengah;Kab. Halmahera Selatan;Prov. Maluku Utara
270709  ;Kec. Mangoli Tengah;Kab. Kepulauan Sula;Prov. Maluku Utara
270516  ;Kec. Bancan Selatan;Kab. Halmahera Selatan;Prov. Maluku Utara
270511  ;Kec. Obi Barat;Kab. Halmahera Selatan;Prov. Maluku Utara
270509  ;Kec. Pulau Makian;Kab. Halmahera Selatan;Prov. Maluku Utara
270712  ;Kec. Mangoli Selatan;Kab. Kepulauan Sula;Prov. Maluku Utara
270701  ;Kec. Sanana;Kab. Kepulauan Sula;Prov. Maluku Utara
270703  ;Kec. Mangoli Timur;Kab. Kepulauan Sula;Prov. Maluku Utara
270707  ;Kec. Sula Besi Tengah;Kab. Kepulauan Sula;Prov. Maluku Utara
270515  ;Kec. Mandioli Utara;Kab. Halmahera Selatan;Prov. Maluku Utara
270512  ;Kec. Obi Timur;Kab. Halmahera Selatan;Prov. Maluku Utara
270603  ;Kec. Wasile;Kab. Halmahera Timur;Prov. Maluku Utara
270607  ;Kec. Wasile Timur;Kab. Halmahera Timur;Prov. Maluku Utara
270606  ;Kec. Wasile Utara;Kab. Halmahera Timur;Prov. Maluku Utara
270203  ;Kec. Weda;Kab. Halmahera Tengah;Prov. Maluku Utara
270502  ;Kec. Bacan Timur;Kab. Halmahera Selatan;Prov. Maluku Utara
270715  ;Kec. Sula Besi Selatan;Kab. Kepulauan Sula;Prov. Maluku Utara
270608  ;Kec. Maba Tengah;Kab. Halmahera Timur;Prov. Maluku Utara
270710  ;Kec. Mangoli Utara Timur;Kab. Kepulauan Sula;Prov. Maluku Utara
270517  ;Kec. Batang Lomang;Kab. Halmahera Selatan;Prov. Maluku Utara
270610  ;Kec. Kota Maba;Kab. Halmahera Timur;Prov. Maluku Utara
270716  ;Kec. Sanana Utara;Kab. Kepulauan Sula;Prov. Maluku Utara
270506  ;Kec. Gane Barat;Kab. Halmahera Selatan;Prov. Maluku Utara
270590  ;Gane Barat Selatan;Kab. Halmahera Selatan;Prov. Maluku Utara
270521  ;Kec. Kasiruta Timur;Kab. Halmahera Selatan;Prov. Maluku Utara
270507  ;Kec. Gane Timur;Kab. Halmahera Selatan;Prov. Maluku Utara
266009  ;Kec. Singaran Pati;Kota Bengkulu;Prov. Bengkulu
270524  ;Kec. Kayoa Selatan;Kab. Halmahera Selatan;Prov. Maluku Utara
270523  ;Kec. Kayoa Barat;Kab. Halmahera Selatan;Prov. Maluku Utara
270604  ;Kec. Maba;Kab. Halmahera Timur;Prov. Maluku Utara
270702  ;Kec. Sula Besi Barat;Kab. Kepulauan Sula;Prov. Maluku Utara
270508  ;Kec. Kayoa;Kab. Halmahera Selatan;Prov. Maluku Utara
270802  ;Kec. Morotai Selatan;Kab. Kepulauan Morotai;Prov. Maluku Utara
276103  ;Kec. Tidore Utara;Kota Tidore Kepulauan;Prov. Maluku Utara
270529  ;Kec. Kepulauan Joronga;Kab. Halmahera Selatan;Prov. Maluku Utara
280135  ;Kec. Pulosari;Kab. Pandeglang;Prov. Banten
280103  ;Kec. Cibaliung;Kab. Pandeglang;Prov. Banten
270805  ;Kec. Morotai Timur;Kab. Kepulauan Morotai;Prov. Maluku Utara
280127  ;Kec. Carita;Kab. Pandeglang;Prov. Banten
280121  ;Kec. Karang Tanjung;Kab. Pandeglang;Prov. Banten
270801  ;Kec. Morotai Selatan Barat;Kab. Kepulauan Morotai;Prov. Maluku Utara
280133  ;Kec. Mekarjaya;Kab. Pandeglang;Prov. Banten
280118  ;Kec. Pandeglang;Kab. Pandeglang;Prov. Banten
280106  ;Kec. Panimbang;Kab. Pandeglang;Prov. Banten
280113  ;Kec. Jiput;Kab. Pandeglang;Prov. Banten
280126  ;Kec. Patia;Kab. Pandeglang;Prov. Banten
276007  ;Kec.  Pulau Hiri;Kota Ternate;Prov. Maluku Utara
276102  ;Kec. Tidore Selatan;Kota Tidore Kepulauan;Prov. Maluku Utara
276003  ;Kec. Ternate Utara;Kota Ternate;Prov. Maluku Utara
270804  ;Kec. Morotai Jaya;Kab. Kepulauan Morotai;Prov. Maluku Utara
280122  ;Kec. Kaduhejo;Kab. Pandeglang;Prov. Banten
280115  ;Kec. Mandalawangi;Kab. Pandeglang;Prov. Banten
270803  ;Kec. Morotai Utara;Kab. Kepulauan Morotai;Prov. Maluku Utara
280107  ;Kec. Munjul;Kab. Pandeglang;Prov. Banten
280110  ;Kec. Saketi;Kab. Pandeglang;Prov. Banten
276106  ;Kec. Oba Tengah;Kota Tidore Kepulauan;Prov. Maluku Utara
280203  ;Kec. Bayah;Kab. Lebak;Prov. Banten
276006  ;Kec. Ternate Tengah;Kota Ternate;Prov. Maluku Utara
280134  ;Kec. Sindangresmi;Kab. Pandeglang;Prov. Banten
280111  ;Kec. Pagelaran;Kab. Pandeglang;Prov. Banten
280117  ;Kec. Banjar;Kab. Pandeglang;Prov. Banten
280140  ;Kec. Sobang;Kab. Pandeglang;Prov. Banten
280104  ;Kec. Cikeusik;Kab. Pandeglang;Prov. Banten
280123  ;Kec. Cikedal;Kab. Pandeglang;Prov. Banten
280139  ;Kec. Majasari;Kab. Pandeglang;Prov. Banten
280201  ;Kec. Malingping;Kab. Lebak;Prov. Banten
280120  ;Kec. Angsana;Kab. Pandeglang;Prov. Banten
280116  ;Kec. Cimanuk;Kab. Pandeglang;Prov. Banten
280204  ;Kec. Cibeber;Kab. Lebak;Prov. Banten
276105  ;Kec. Oba Utara;Kota Tidore Kepulauan;Prov. Maluku Utara
280136  ;Kec. Koroncong;Kab. Pandeglang;Prov. Banten
280114  ;Kec. Menes;Kab. Pandeglang;Prov. Banten
280105  ;Kec. Cigeulis;Kab. Pandeglang;Prov. Banten
276104  ;Kec. Oba;Kota Tidore Kepulauan;Prov. Maluku Utara
280138  ;Kec. Cibitung;Kab. Pandeglang;Prov. Banten
276002  ;Kec. Ternate Selatan;Kota Ternate;Prov. Maluku Utara
280124  ;Kec. Cipeucang;Kab. Pandeglang;Prov. Banten
280108  ;Kec. Picung;Kab. Pandeglang;Prov. Banten
280109  ;Kec. Bojong;Kab. Pandeglang;Prov. Banten
280125  ;Kec. Cisata;Kab. Pandeglang;Prov. Banten
280119  ;Kec. Cadasari;Kab. Pandeglang;Prov. Banten
276005  ;Kec. Pulau Batang Dua;Kota Ternate;Prov. Maluku Utara
280112  ;Kec. Labuan;Kab. Pandeglang;Prov. Banten
280202  ;Kec. Panggarangan;Kab. Lebak;Prov. Banten
276004  ;Kec. Moti;Kota Ternate;Prov. Maluku Utara
280102  ;Kec. Cimanggu;Kab. Pandeglang;Prov. Banten
280338  ;Kec. Gunung Kaler;Kab. Tangerang;Prov. Banten
280222  ;Kec. Wanasalam;Kab. Lebak;Prov. Banten
280217  ;Kec. Cibadak;Kab. Lebak;Prov. Banten
280321  ;Kec. Kosambi;Kab. Tangerang;Prov. Banten
280208  ;Kec. Gunung kencana;Kab. Lebak;Prov. Banten
280212  ;Kec. Cipanas;Kab. Lebak;Prov. Banten
276109  ;Kec. Tidore Timur;Kota Tidore Kepulauan;Prov. Maluku Utara
280401  ;Kec. Cinangka;Kab. Serang;Prov. Banten
280211  ;Kec. Muncang;Kab. Lebak;Prov. Banten
280411  ;Kec. Kopo;Kab. Serang;Prov. Banten
280313  ;Kec. Balaraja;Kab. Tangerang;Prov. Banten
280339  ;Kec. Mekar Baru;Kab. Tangerang;Prov. Banten
280206  ;Kec. Banjarsari;Kab. Lebak;Prov. Banten
280337  ;Kec. Solear;Kab. Tangerang;Prov. Banten
276108  ;Kec. Tidore;Kota Tidore Kepulauan;Prov. Maluku Utara
280209  ;Kec. Bojongmanik;Kab. Lebak;Prov. Banten
280312  ;Kec. Pasar Kemis;Kab. Tangerang;Prov. Banten
280333  ;Kec. Sukamulya;Kab. Tangerang;Prov. Banten
280320  ;Kec. Teluk naga;Kab. Tangerang;Prov. Banten
280215  ;Kec. Cikulur;Kab. Lebak;Prov. Banten
280405  ;Kec. Baros;Kab. Serang;Prov. Banten
280406  ;Kec. Petir;Kab. Serang;Prov. Banten
280410  ;Kec. Jawilan;Kab. Serang;Prov. Banten
280207  ;Kec. Cileles;Kab. Lebak;Prov. Banten
280322  ;Kec. Jayanti;Kab. Tangerang;Prov. Banten
280213  ;Kec. Sajira;Kab. Lebak;Prov. Banten
280220  ;Kec. Curug bitung;Kab. Lebak;Prov. Banten
280317  ;Kec. Rajeg;Kab. Tangerang;Prov. Banten
280409  ;Kec. Pamarayan;Kab. Serang;Prov. Banten
280334  ;Kec. Kelapa Dua;Kab. Tangerang;Prov. Banten
280218  ;Kec. Rangkasbitung;Kab. Lebak;Prov. Banten
280404  ;Kec. Pabuaran;Kab. Serang;Prov. Banten
280221  ;Kec. Sobang;Kab. Lebak;Prov. Banten
280402  ;Kec. Padarincang;Kab. Serang;Prov. Banten
280214  ;Kec. Cimarga;Kab. Lebak;Prov. Banten
280219  ;Kec. Maja;Kab. Lebak;Prov. Banten
280216  ;Kec. Warung gunung;Kab. Lebak;Prov. Banten
280319  ;Kec. Pakuhaji;Kab. Tangerang;Prov. Banten
280403  ;Kec. Ciomas;Kab. Serang;Prov. Banten
280228  ;Kec. Karanganyar;Kab. Lebak;Prov. Banten
280205  ;Kec. Cijaku;Kab. Lebak;Prov. Banten
280303  ;Kec. Cikupa;Kab. Tangerang;Prov. Banten
280323  ;Kec. Jambe;Kab. Tangerang;Prov. Banten
280316  ;Kec. Mauk;Kab. Tangerang;Prov. Banten
280101  ;Kec. Sumur;Kab. Pandeglang;Prov. Banten
280305  ;Kec. Curug;Kab. Tangerang;Prov. Banten
280408  ;Kec. Cikeusal;Kab. Serang;Prov. Banten
280326  ;Kec. Sukadiri;Kab. Tangerang;Prov. Banten
280302  ;Kec. Tiga raksa;Kab. Tangerang;Prov. Banten
280307  ;Kec. Pagedangan;Kab. Tangerang;Prov. Banten
280314  ;Kec. Kresek;Kab. Tangerang;Prov. Banten
280315  ;Kec. Kronjo;Kab. Tangerang;Prov. Banten
280306  ;Kec. Legok;Kab. Tangerang;Prov. Banten
280223  ;Kec. Cilograng;Kab. Lebak;Prov. Banten
280304  ;Kec. Panongan;Kab. Tangerang;Prov. Banten
280325  ;Kec. Kemeri;Kab. Tangerang;Prov. Banten
280335  ;Kec. Sindang Jaya;Kab. Tangerang;Prov. Banten
280318  ;Kec. Sepatan;Kab. Tangerang;Prov. Banten
280324  ;Kec. Cisauk;Kab. Tangerang;Prov. Banten
280210  ;Kec. Leuwidamar;Kab. Lebak;Prov. Banten
286106  ;Kec. Benda;Kota Tangerang;Prov. Banten
290113  ;Kec. Belinyu;Kab. Bangka;Prov. Bangka Belitung
286207  ;Serang;Kota Serang;Prov. Banten
290208  ;Kec. Badau;Kab. Belitung;Prov. Bangka Belitung
280226  ;Kec. Cirinten;Kab. Lebak;Prov. Banten
286005  ;Kec. Gerogol;Kota Cilegon;Prov. Banten
286302  ;Kec. Ciputat Timur;Kota tangerang Selatan;Prov. Banten
290207  ;Kec. Sijuk;Kab. Belitung;Prov. Bangka Belitung
280412  ;Kec. Cikande;Kab. Serang;Prov. Banten
290109  ;Kec. Sungai Liat;Kab. Bangka;Prov. Bangka Belitung
280430  ;Kec. Pulo Ampel;Kab. Serang;Prov. Banten
286107  ;Kec. Larangan;Kota Tangerang;Prov. Banten
286102  ;Kec. Cipondoh;Kota Tangerang;Prov. Banten
280427  ;Kec. Tirtayasa;Kab. Serang;Prov. Banten
286203  ;Kec. Kasemen;Kota Serang;Prov. Banten
286202  ;Kec. Curug;Kota Serang;Prov. Banten
286104  ;Kec. Jati uwung;Kota Tangerang;Prov. Banten
290115  ;Kec. Bakam;Kab. Bangka;Prov. Bangka Belitung
280421  ;Kec. Bojonegara;Kab. Serang;Prov. Banten
286105  ;Kec. Batuceper;Kota Tangerang;Prov. Banten
290116  ;Kec. Pemali;Kab. Bangka;Prov. Bangka Belitung
280413  ;Kec. Kragilan;Kab. Serang;Prov. Banten
286304  ;Kec. Pondok Aren;Kota tangerang Selatan;Prov. Banten
286305  ;Kec. Serpong;Kota tangerang Selatan;Prov. Banten
286205  ;Kec. Taktakan;Kota Serang;Prov. Banten
280422  ;Kec. Kramatwatu;Kab. Serang;Prov. Banten
286113  ;Kec. Neglasari;Kota Tangerang;Prov. Banten
280419  ;Kec. Mancak;Kab. Serang;Prov. Banten
286103  ;Kec. Tangerang;Kota Tangerang;Prov. Banten
286101  ;Kec. Ciledug;Kota Tangerang;Prov. Banten
286301  ;Kec. Ciputat;Kota tangerang Selatan;Prov. Banten
280420  ;Kec. Anyar;Kab. Serang;Prov. Banten
286110  ;Kec. Karawaci;Kota Tangerang;Prov. Banten
280418  ;Kec. Waringinkurung;Kab. Serang;Prov. Banten
286109  ;Kec. Pinang;Kota Tangerang;Prov. Banten
290108  ;Kec. Merawang;Kab. Bangka;Prov. Bangka Belitung
286008  ;Kec. Citangkil;Kota Cilegon;Prov. Banten
290117  ;Kec. Riau Silip;Kab. Bangka;Prov. Bangka Belitung
286303  ;Kec. Pamulang;Kota tangerang Selatan;Prov. Banten
280227  ;Kec. Lebakgedong;Kab. Lebak;Prov. Banten
280431  ;Kec. Binuang;Kab. Serang;Prov. Banten
280429  ;Kec. Kibin;Kab. Serang;Prov. Banten
290114  ;Kec. Puding Besar;Kab. Bangka;Prov. Bangka Belitung
286111  ;Kec. Cibodas;Kota Tangerang;Prov. Banten
290107  ;Kec. Mendo Barat;Kab. Bangka;Prov. Bangka Belitung
280424  ;Kec. Ciruas;Kab. Serang;Prov. Banten
286007  ;Kec. Jombang;Kota Cilegon;Prov. Banten
286108  ;Kec. Karang Tengah;Kota Tangerang;Prov. Banten
286112  ;Kec. Periuk;Kota Tangerang;Prov. Banten
286206  ;Kec. Walantaka;Kota Serang;Prov. Banten
280428  ;Kec. Tunjung Teja;Kab. Serang;Prov. Banten
286004  ;Kec. Cibeber;Kota Cilegon;Prov. Banten
280425  ;Kec. Pontang;Kab. Serang;Prov. Banten
286307  ;Kec. Setu;Kota tangerang Selatan;Prov. Banten
280432  ;Kec. Tanara;Kab. Serang;Prov. Banten
280225  ;Kec. Cigemblong;Kab. Lebak;Prov. Banten
280426  ;Kec. Carenang;Kab. Serang;Prov. Banten
286201  ;Kec. Cipocok Jaya;Kota Serang;Prov. Banten
286006  ;Kec. Purwakarta;Kota Cilegon;Prov. Banten
290402  ;Kec. Tempilang;Kab. Bangka Barat;Prov. Bangka Belitung
300108  ;Kec. Dulupi;Kab. Boalemo;Prov. Gorontalo
300211  ;Kec. Pulubala;Kab. Gorontalo;Prov. Gorontalo
296004  ;Kec. Taman Sari;Kota Pangkalpinang;Prov. Bangka Belitung
290302  ;Kec. Pangkalan Baru;Kab. Bangka Tengah;Prov. Bangka Belitung
290209  ;Kec. Selat Nasik;Kab. Belitung;Prov. Bangka Belitung
300107  ;Kec. Mananggu;Kab. Boalemo;Prov. Gorontalo
300305  ;Kec. Randangan;Kab. Pohuwato;Prov. Gorontalo
300219  ;Kec. Limboto Barat;Kab. Gorontalo;Prov. Gorontalo
300216  ;Kec. Mootilango;Kab. Gorontalo;Prov. Gorontalo
290601  ;Kec. Dendang;Kab. Belitung Timur;Prov. Bangka Belitung
290506  ;Kec. Pulau Besar;Kab. Bangka Selatan;Prov. Bangka Belitung
290606  ;Kec. Simpang Renggiang;Kab. Belitung Timur;Prov. Bangka Belitung
300303  ;Kec. Paguat;Kab. Pohuwato;Prov. Gorontalo
300304  ;Kec. Lemito;Kab. Pohuwato;Prov. Gorontalo
300220  ;Kec. Biluhu;Kab. Gorontalo;Prov. Gorontalo
290508  ;Air Gegas;Kab. Bangka Selatan;Prov. Bangka Belitung
300224  ;Kec. Telaga Jaya;Kab. Gorontalo;Prov. Gorontalo
290305  ;Kec. Lubuk Besar;Kab. Bangka Tengah;Prov. Bangka Belitung
300203  ;Kec. Tibawa;Kab. Gorontalo;Prov. Gorontalo
286002  ;Kec. Pulomerak;Kota Cilegon;Prov. Banten
296090  ;Girimaya;Kota Pangkalpinang;Prov. Bangka Belitung
300106  ;Kec. Paguyaman;Kab. Boalemo;Prov. Gorontalo
300104  ;Kec. Tilamuta;Kab. Boalemo;Prov. Gorontalo
286003  ;Kec. Cilegon;Kota Cilegon;Prov. Banten
300110  ;Kec. Botumoita;Kab. Boalemo;Prov. Gorontalo
290306  ;Kec. Namang;Kab. Bangka Tengah;Prov. Bangka Belitung
286001  ;Kec. Ciwandan;Kota Cilegon;Prov. Banten
290303  ;Kec. Sungai Selan;Kab. Bangka Tengah;Prov. Bangka Belitung
290507  ;Kec. Tukak Sadai;Kab. Bangka Selatan;Prov. Bangka Belitung
300221  ;Kec. Tabongo;Kab. Gorontalo;Prov. Gorontalo
300109  ;Kec. Wonosari;Kab. Boalemo;Prov. Gorontalo
290607  ;Kec. Simpang Pesak;Kab. Belitung Timur;Prov. Bangka Belitung
300222  ;Kec. Asparaga;Kab. Gorontalo;Prov. Gorontalo
300111  ;Kec. Paguyaman Pantai;Kab. Boalemo;Prov. Gorontalo
290301  ;Kec. Koba;Kab. Bangka Tengah;Prov. Bangka Belitung
300210  ;Kec. Bongomeme;Kab. Gorontalo;Prov. Gorontalo
300202  ;Kec. Batudaa;Kab. Gorontalo;Prov. Gorontalo
296003  ;Kec. Pangkal Balam;Kota Pangkalpinang;Prov. Bangka Belitung
290605  ;Kec. Damar;Kab. Belitung Timur;Prov. Bangka Belitung
300302  ;Kec. Marisa;Kab. Pohuwato;Prov. Gorontalo
300207  ;Kec. Limboto;Kab. Gorontalo;Prov. Gorontalo
290604  ;Kec. Kelapa Kampit;Kab. Belitung Timur;Prov. Bangka Belitung
300218  ;Kec. Telaga Biru;Kab. Gorontalo;Prov. Gorontalo
300208  ;Kec. Telaga;Kab. Gorontalo;Prov. Gorontalo
300215  ;Kec. Tolangohula;Kab. Gorontalo;Prov. Gorontalo
296005  ;Kec. Gerunggang;Kota Pangkalpinang;Prov. Bangka Belitung
300204  ;Kec. Boliyohuto;Kab. Gorontalo;Prov. Gorontalo
290602  ;Kec. Gantung;Kab. Belitung Timur;Prov. Bangka Belitung
300225  ;Kec. Bilato;Kab. Gorontalo;Prov. Gorontalo
300201  ;Kec. Batudaa Pantai;Kab. Gorontalo;Prov. Gorontalo
290401  ;Kec. Kelapa;Kab. Bangka Barat;Prov. Bangka Belitung
300301  ;Kec. Popayato;Kab. Pohuwato;Prov. Gorontalo
290304  ;Kec. Simpang Katis;Kab. Bangka Tengah;Prov. Bangka Belitung
296002  ;Kec. Bukit Intan;Kota Pangkalpinang;Prov. Bangka Belitung
300403  ;Kec. Suwawa;Kab. Bone Bolango;Prov. Gorontalo
306005  ;Kec. Dungingi;Kota Gorontalo;Prov. Gorontalo
300508  ;Ponelo Kepulauan;Kab. Gorontalo Utara;Prov. Gorontalo
310208  ;Kec. Kundur Barat;Kab. Karimun;Prov. Kepulauan Riau
300307  ;Kec. Taluditi;Kab. Pohuwato;Prov. Gorontalo
300308  ;Kec. Popayato Barat;Kab. Pohuwato;Prov. Gorontalo
300311  ;Kec. Buntulia;Kab. Pohuwato;Prov. Gorontalo
300412  ;Kec. Bulango Timur;Kab. Bone Bolango;Prov. Gorontalo
310106  ;Kec. Toapaya;Kab. Bintan;Prov. Kepulauan Riau
310110  ;Kec. Bintan Timur;Kab. Bintan;Prov. Kepulauan Riau
306006  ;Kec. Kota Tengah;Kota Gorontalo;Prov. Gorontalo
306009  ;Kec. Hulonthalangi;Kota Gorontalo;Prov. Gorontalo
290505  ;Kec. Lepar Pongok;Kab. Bangka Selatan;Prov. Bangka Belitung
300306  ;Kec. Patilanggio;Kab. Pohuwato;Prov. Gorontalo
310206  ;Kec. Buru;Kab. Karimun;Prov. Kepulauan Riau
310205  ;Kec. Tebing;Kab. Karimun;Prov. Kepulauan Riau
300310  ;Kec. Wanggarasi;Kab. Pohuwato;Prov. Gorontalo
300507  ;Tomilito;Kab. Gorontalo Utara;Prov. Gorontalo
300408  ;Kec. Kabila Bone;Kab. Bone Bolango;Prov. Gorontalo
300509  ;Monano;Kab. Gorontalo Utara;Prov. Gorontalo
310101  ;Kec. Bintan Utara;Kab. Bintan;Prov. Kepulauan Riau
300401  ;Kec. Tapa;Kab. Bone Bolango;Prov. Gorontalo
306002  ;Kec. Kota Selatan;Kota Gorontalo;Prov. Gorontalo
300313  ;Kec. Dengilo;Kab. Pohuwato;Prov. Gorontalo
300312  ;Kec. Duhiadaa;Kab. Pohuwato;Prov. Gorontalo
300409  ;Kec. Bone;Kab. Bone Bolango;Prov. Gorontalo
300414  ;Kec. Suwawa Selatan;Kab. Bone Bolango;Prov. Gorontalo
310109  ;Kec. Seri Kuala Loban;Kab. Bintan;Prov. Kepulauan Riau
300416  ;Kec. Suwawa Tengah;Kab. Bone Bolango;Prov. Gorontalo
300411  ;Kec. Bulango Selatan;Kab. Bone Bolango;Prov. Gorontalo
306008  ;Kec. Dumbo Raya;Kota Gorontalo;Prov. Gorontalo
306001  ;Kec. Kota Barat;Kota Gorontalo;Prov. Gorontalo
310203  ;Kec. Karimun;Kab. Karimun;Prov. Kepulauan Riau
310103  ;Kec. Tambelan;Kab. Bintan;Prov. Kepulauan Riau
310104  ;Kec. Teluk Bintan;Kab. Bintan;Prov. Kepulauan Riau
300402  ;Kec. Kabila;Kab. Bone Bolango;Prov. Gorontalo
300502  ;Kec. Atinggola;Kab. Gorontalo Utara;Prov. Gorontalo
290503  ;Kec. Toboali;Kab. Bangka Selatan;Prov. Bangka Belitung
300413  ;Kec. Bulango Ulu;Kab. Bone Bolango;Prov. Gorontalo
300506  ;Kec. Gentuma Raya;Kab. Gorontalo Utara;Prov. Gorontalo
310108  ;Kec. Bintan Pesisir;Kab. Bintan;Prov. Kepulauan Riau
306004  ;Kec. Kota Timur;Kota Gorontalo;Prov. Gorontalo
310107  ;Kec. Mantang;Kab. Bintan;Prov. Kepulauan Riau
300503  ;Kec. Kwandang;Kab. Gorontalo Utara;Prov. Gorontalo
300511  ;Biau;Kab. Gorontalo Utara;Prov. Gorontalo
306003  ;Kec. Kota Utara;Kota Gorontalo;Prov. Gorontalo
300309  ;Kec. Popayato Timur;Kab. Pohuwato;Prov. Gorontalo
310207  ;Kec. Kundur Utara;Kab. Karimun;Prov. Kepulauan Riau
310201  ;Kec. Moro;Kab. Karimun;Prov. Kepulauan Riau
310105  ;Kec. Teluk Sebong;Kab. Bintan;Prov. Kepulauan Riau
310102  ;Kec. Gunung Kijang;Kab. Bintan;Prov. Kepulauan Riau
300501  ;Kec. Anggrek;Kab. Gorontalo Utara;Prov. Gorontalo
310209  ;Kec. Durai;Kab. Karimun;Prov. Kepulauan Riau
300415  ;Kec. Suwawa Timur;Kab. Bone Bolango;Prov. Gorontalo
300505  ;Kec. Tolinggula;Kab. Gorontalo Utara;Prov. Gorontalo
300504  ;Kec. Sumalata;Kab. Gorontalo Utara;Prov. Gorontalo
306007  ;Kec. Sipatana;Kota Gorontalo;Prov. Gorontalo
300410  ;Kec. Bone Raya;Kab. Bone Bolango;Prov. Gorontalo
310202  ;Kec. Kundur;Kab. Karimun;Prov. Kepulauan Riau
310303  ;Kec. Midai;Kab. Natuna;Prov. Kepulauan Riau
310304  ;Kec. Bunguran Barat;Kab. Natuna;Prov. Kepulauan Riau
310505  ;Kec. Siantan Selatan;Kab. Kepulauan Anambas;Prov. Kepulauan Riau
310312  ;Kec. Pulau Laut;Kab. Natuna;Prov. Kepulauan Riau
310305  ;Kec. Bunguran Timur;Kab. Natuna;Prov. Kepulauan Riau
320201  ;Kec.  Buruway;Kab. Kaimana;Prov. Papua Barat
310318  ;Kec. Bunguran Tengah;Kab. Natuna;Prov. Kepulauan Riau
310306  ;Kec. Serasan;Kab. Natuna;Prov. Kepulauan Riau
320305  ;Kec.  Wasior;Kab. Teluk Wondama;Prov. Papua Barat
310507  ;Kec. Siantan Tengah;Kab. Kepulauan Anambas;Prov. Kepulauan Riau
300406  ;Kec. Tilongkabila;Kab. Bone Bolango;Prov. Gorontalo
310506  ;Kec. Siantan Timur;Kab. Kepulauan Anambas;Prov. Kepulauan Riau
316101  ;Kec. Tanjung Pinang Barat;Kota Tanjungpinang;Prov. Kepulauan Riau
310504  ;Kec. Palmatak;Kab. Kepulauan Anambas;Prov. Kepulauan Riau
310311  ;Kec. Bunguran Utara;Kab. Natuna;Prov. Kepulauan Riau
316001  ;Kec. Belakang Padang;Kota Batam;Prov. Kepulauan Riau
316104  ;Kec. Tanjung Pinang Kota;Kota Tanjungpinang;Prov. Kepulauan Riau
320310  ;Kec.  Roswar;Kab. Teluk Wondama;Prov. Papua Barat
320306  ;Kec.  Teluk Duairi;Kab. Teluk Wondama;Prov. Papua Barat
320302  ;Kec.  Wondiboy;Kab. Teluk Wondama;Prov. Papua Barat
320308  ;Kec.  Windesi;Kab. Teluk Wondama;Prov. Papua Barat
300407  ;Kec. Botupingge;Kab. Bone Bolango;Prov. Gorontalo
320304  ;Kec.  Kuri Wamesa;Kab. Teluk Wondama;Prov. Papua Barat
310405  ;Kec. Lingga Utara;Kab. Lingga;Prov. Kepulauan Riau
320307  ;Kec.  Roon;Kab. Teluk Wondama;Prov. Papua Barat
310313  ;Kec. Pulau Tiga;Kab. Natuna;Prov. Kepulauan Riau
320309  ;Kec.  Wamesa;Kab. Teluk Wondama;Prov. Papua Barat
310309  ;Kec. Subi;Kab. Natuna;Prov. Kepulauan Riau
320301  ;Kec.  Naikere;Kab. Teluk Wondama;Prov. Papua Barat
320303  ;Kec.  Rasiei;Kab. Teluk Wondama;Prov. Papua Barat
310317  ;Kec. Bunguran Timur Laut;Kab. Natuna;Prov. Kepulauan Riau
310404  ;Kec. Singkep Barat;Kab. Lingga;Prov. Kepulauan Riau
320408  ;Kec. Bintuni;Kab. Teluk Bintuni;Prov. Papua Barat
320312  ;Kec.  Soug Jaya;Kab. Teluk Wondama;Prov. Papua Barat
320421  ;Kec. Biscoop;Kab. Teluk Bintuni;Prov. Papua Barat
310402  ;Kec. Lingga;Kab. Lingga;Prov. Kepulauan Riau
320425  ;Wamesa;Kab. Teluk Bintuni;Prov. Papua Barat
320410  ;Kec. Tuhiba;Kab. Teluk Bintuni;Prov. Papua Barat
320516  ;Kec. Manokwari Selatan;Kab. Manokwari;Prov. Papua Barat
320417  ;Kec. Moskona Selatan;Kab. Teluk Bintuni;Prov. Papua Barat
320513  ;Kec. Manokwari Barat;Kab. Manokwari;Prov. Papua Barat
320419  ;Kec. Moskona Barat;Kab. Teluk Bintuni;Prov. Papua Barat
320390  ;Sough Wepu;Kab. Teluk Wondama;Prov. Papua Barat
320412  ;Kec. Tembuni;Kab. Teluk Bintuni;Prov. Papua Barat
310401  ;Kec. Singkep;Kab. Lingga;Prov. Kepulauan Riau
320409  ;Kec. Manimeri;Kab. Teluk Bintuni;Prov. Papua Barat
320423  ;Kec. Moskona Utara;Kab. Teluk Bintuni;Prov. Papua Barat
320413  ;Kec. Aranday;Kab. Teluk Bintuni;Prov. Papua Barat
320420  ;Kec. Merdey;Kab. Teluk Bintuni;Prov. Papua Barat
320311  ;Kec.  Rumberpon;Kab. Teluk Wondama;Prov. Papua Barat
320313  ;Kec.  Nikiwar;Kab. Teluk Wondama;Prov. Papua Barat
320515  ;Kec. Manokwari Utara;Kab. Manokwari;Prov. Papua Barat
320514  ;Kec. Manokwari Timur;Kab. Manokwari;Prov. Papua Barat
320416  ;Kec. Weriagar;Kab. Teluk Bintuni;Prov. Papua Barat
320422  ;Kec. Masyeta;Kab. Teluk Bintuni;Prov. Papua Barat
320411  ;Kec. Dataran Beimes;Kab. Teluk Bintuni;Prov. Papua Barat
320414  ;Kec. Komundan;Kab. Teluk Bintuni;Prov. Papua Barat
320424  ;Kec. Moskona Timur;Kab. Teluk Bintuni;Prov. Papua Barat
320418  ;Kec. Meyado;Kab. Teluk Bintuni;Prov. Papua Barat
310403  ;Kec. Senayang;Kab. Lingga;Prov. Kepulauan Riau
320618  ;Kec.  Kokoda Utara;Kab. Sorong Selatan;Prov. Papua Barat
320617  ;Kec.  Konda;Kab. Sorong Selatan;Prov. Papua Barat
320803  ;Kec.  Kofiau;Kab. Raja Ampat;Prov. Papua Barat
320821  ;Kec.  Salawati Barat;Kab. Raja Ampat;Prov. Papua Barat
320711  ;Kec. Seget;Kab. Sorong;Prov. Papua Barat
320816  ;Kec.  Misool Barat;Kab. Raja Ampat;Prov. Papua Barat
320611  ;Kec. Wayer;Kab. Sorong Selatan;Prov. Papua Barat
320718  ;Kec.  Maudus;Kab. Sorong;Prov. Papua Barat
320709  ;Kec. Salawati;Kab. Sorong;Prov. Papua Barat
320714  ;Kec. Aimas;Kab. Sorong;Prov. Papua Barat
320810  ;Kec.  Waigeo Barat;Kab. Raja Ampat;Prov. Papua Barat
320405  ;Kec. Kaitaro;Kab. Teluk Bintuni;Prov. Papua Barat
320902  ;Kec.  Miyah;Kab. Tambrauw;Prov. Papua Barat
320715  ;Kec. Sayosa;Kab. Sorong;Prov. Papua Barat
320706  ;Kec. Makbon;Kab. Sorong;Prov. Papua Barat
320904  ;Kec.  Kwoor;Kab. Tambrauw;Prov. Papua Barat
320805  ;Kec.  Salawati Utara;Kab. Raja Ampat;Prov. Papua Barat
320712  ;Kec. Segun;Kab. Sorong;Prov. Papua Barat
320721  ;Kec.  Klaso;Kab. Sorong;Prov. Papua Barat
320814  ;Kec.  Warwarbomi;Kab. Raja Ampat;Prov. Papua Barat
320905  ;Kec.  Sausapor;Kab. Tambrauw;Prov. Papua Barat
320722  ;Kec.  Moisegen;Kab. Sorong;Prov. Papua Barat
320813  ;Kec.  Waigeo Timur;Kab. Raja Ampat;Prov. Papua Barat
320825  ;Kec.  Batanta Selatan;Kab. Raja Ampat;Prov. Papua Barat
320710  ;Kec. Manyamuk;Kab. Sorong;Prov. Papua Barat
320812  ;Kec.  Kepulauan Ayau;Kab. Raja Ampat;Prov. Papua Barat
320890  ;Selat Sagawin;Kab. Raja Ampat;Prov. Papua Barat
320822  ;Kec.  Salawati Tengah;Kab. Raja Ampat;Prov. Papua Barat
320719  ;Kec.  Mariat;Kab. Sorong;Prov. Papua Barat
320824  ;Kec.  Ayau;Kab. Raja Ampat;Prov. Papua Barat
320717  ;Kec.  Klawak;Kab. Sorong;Prov. Papua Barat
320612  ;Kec. Sawiat;Kab. Sorong Selatan;Prov. Papua Barat
320808  ;Kec.  Teluk Mayalibit;Kab. Raja Ampat;Prov. Papua Barat
320707  ;Kec. Beraur;Kab. Sorong;Prov. Papua Barat
320801  ;Kec.  Misool Selatan;Kab. Raja Ampat;Prov. Papua Barat
320620  ;Kec.  Fokour;Kab. Sorong Selatan;Prov. Papua Barat
320817  ;Kec.  Kepulauan Sembilan;Kab. Raja Ampat;Prov. Papua Barat
320903  ;Kec.  Yembun;Kab. Tambrauw;Prov. Papua Barat
320713  ;Kec. Salawati Selatan;Kab. Sorong;Prov. Papua Barat
320906  ;Kec.  Abun;Kab. Tambrauw;Prov. Papua Barat
320809  ;Kec.  Meos Mansar;Kab. Raja Ampat;Prov. Papua Barat
320619  ;Kec.  Saifi;Kab. Sorong Selatan;Prov. Papua Barat
320823  ;Kec.  Supnin;Kab. Raja Ampat;Prov. Papua Barat
320815  ;Kec.  Waigeo Barat Kepulauan;Kab. Raja Ampat;Prov. Papua Barat
320820  ;Kec.  Batanta Utara;Kab. Raja Ampat;Prov. Papua Barat
320811  ;Kec.  Waigeo Utara;Kab. Raja Ampat;Prov. Papua Barat
320621  ;Kec.  Teminabuan;Kab. Sorong Selatan;Prov. Papua Barat
320720  ;Kec.  Klayili;Kab. Sorong;Prov. Papua Barat
320616  ;Kec.  Kais;Kab. Sorong Selatan;Prov. Papua Barat
320708  ;Kec. Klamono;Kab. Sorong;Prov. Papua Barat
320807  ;Kec.  Waigeo Selatan;Kab. Raja Ampat;Prov. Papua Barat
320818  ;Kec.  Kota Waisai;Kab. Raja Ampat;Prov. Papua Barat
320406  ;Kec. Kuri;Kab. Teluk Bintuni;Prov. Papua Barat
320716  ;Kec.  Klabot;Kab. Sorong;Prov. Papua Barat
320802  ;Kec.  Misool (Misool Utara);Kab. Raja Ampat;Prov. Papua Barat
330203  ;Kec. Baras;Kab. Mamuju Utara;Prov. Sulawesi Barat
321009  ;Kec.  Ayamaru Utara;Kab. Maybrat;Prov. Papua Barat
330102  ;Kec. Mamuju;Kab. Mamuju;Prov. Sulawesi Barat
330110  ;Kec. Tommo;Kab. Mamuju;Prov. Sulawesi Barat
326007  ;Kec.  Klawalu;Kota Sorong;Prov. Papua Barat
321013  ;Aifat Timur Selatan;Kab. Maybrat;Prov. Papua Barat
330205  ;Kec. Dapurang;Kab. Mamuju Utara;Prov. Sulawesi Barat
330211  ;Kec. Bambaira;Kab. Mamuju Utara;Prov. Sulawesi Barat
330212  ;Kec. Sarjo;Kab. Mamuju Utara;Prov. Sulawesi Barat
321005  ;Kec.  Aitinyo Barat;Kab. Maybrat;Prov. Papua Barat
321006  ;Kec.  Aitinyo;Kab. Maybrat;Prov. Papua Barat
330108  ;Kec. Sampaga;Kab. Mamuju;Prov. Sulawesi Barat
326006  ;Kec.  Klablim;Kota Sorong;Prov. Papua Barat
330101  ;Kec. Tapalang;Kab. Mamuju;Prov. Sulawesi Barat
330208  ;Kec. Lariang;Kab. Mamuju Utara;Prov. Sulawesi Barat
321004  ;Kec.  Aifat Selatan;Kab. Maybrat;Prov. Papua Barat
326003  ;Kec.  Sorong;Kota Sorong;Prov. Papua Barat
320608  ;Kec. Moswaren;Kab. Sorong Selatan;Prov. Papua Barat
321092  ;Aifat Timur Jauh;Kab. Maybrat;Prov. Papua Barat
330116  ;Kec. Kep. Bala Balakang;Kab. Mamuju;Prov. Sulawesi Barat
321003  ;Kec.  Aifat Timur;Kab. Maybrat;Prov. Papua Barat
330106  ;Kec. Tapalang Barat;Kab. Mamuju;Prov. Sulawesi Barat
330103  ;Kec. Kalukku;Kab. Mamuju;Prov. Sulawesi Barat
330204  ;Kec. Bambalamutu;Kab. Mamuju Utara;Prov. Sulawesi Barat
320603  ;Kec. Metemeini Kais;Kab. Sorong Selatan;Prov. Papua Barat
330206  ;Kec. Duripoku;Kab. Mamuju Utara;Prov. Sulawesi Barat
321007  ;Kec.  Aitinyo Utara;Kab. Maybrat;Prov. Papua Barat
326008  ;Kec.  Giwu;Kota Sorong;Prov. Papua Barat
330210  ;Kec. Pedongga;Kab. Mamuju Utara;Prov. Sulawesi Barat
326009  ;Kec.  Klamana;Kota Sorong;Prov. Papua Barat
330305  ;Kec. Polewali;Kab. Polewali Mamasa;Prov. Sulawesi Barat
330209  ;Kec. Tikke Raya;Kab. Mamuju Utara;Prov. Sulawesi Barat
330104  ;Kec. Kalumpang;Kab. Mamuju;Prov. Sulawesi Barat
321010  ;Kec.  Ayamaru Timur;Kab. Maybrat;Prov. Papua Barat
330115  ;Kec. Simboro Kepulauan;Kab. Mamuju;Prov. Sulawesi Barat
330304  ;Kec. Wonomulyo;Kab. Polewali Mamasa;Prov. Sulawesi Barat
321090  ;Ayamaru Timur Selatan;Kab. Maybrat;Prov. Papua Barat
321011  ;Kec.  Mare;Kab. Maybrat;Prov. Papua Barat
321002  ;Kec.  Aifat Utara;Kab. Maybrat;Prov. Papua Barat
321091  ;Aifat Timur Tengah;Kab. Maybrat;Prov. Papua Barat
321012  ;Aitinyo Tengah;Kab. Maybrat;Prov. Papua Barat
330303  ;Kec. Campalagian;Kab. Polewali Mamasa;Prov. Sulawesi Barat
321015  ;Aitinyo Raya;Kab. Maybrat;Prov. Papua Barat
321008  ;Kec.  Ayamaru;Kab. Maybrat;Prov. Papua Barat
330107  ;Kec. Papalang;Kab. Mamuju;Prov. Sulawesi Barat
330111  ;Kec. Bonehau;Kab. Mamuju;Prov. Sulawesi Barat
330302  ;Kec. Tutallu;Kab. Polewali Mamasa;Prov. Sulawesi Barat
330202  ;Kec. Sarudu;Kab. Mamuju Utara;Prov. Sulawesi Barat
321099  ;Ayamaru Jaya;Kab. Maybrat;Prov. Papua Barat
320610  ;Kec. Seremuk;Kab. Sorong Selatan;Prov. Papua Barat
330410  ;Kec. Aralle;Kab. Mamasa;Prov. Sulawesi Barat
330401  ;Kec. Sumarorong;Kab. Mamasa;Prov. Sulawesi Barat
330509  ;Kec. Banggai;Kab. Majene;Prov. Sulawesi Barat
330412  ;Kec. Bambang;Kab. Mamasa;Prov. Sulawesi Barat
330404  ;Kec. Mambi;Kab. Mamasa;Prov. Sulawesi Barat
330411  ;Kec. Nosu;Kab. Mamasa;Prov. Sulawesi Barat
330317  ;Tutar;Kab. Polewali Mamasa;Prov. Sulawesi Barat
330406  ;Kec. Tabang;Kab. Mamasa;Prov. Sulawesi Barat
330314  ;Kec. Tapango;Kab. Polewali Mamasa;Prov. Sulawesi Barat
330309  ;Kec. Allu;Kab. Polewali Mamasa;Prov. Sulawesi Barat
330413  ;Kec. Balla;Kab. Mamasa;Prov. Sulawesi Barat
340101  ;Tarakan Utara;Kab. Malinau;Prov. Kalimantan Utara
330313  ;Kec. Anreapi;Kab. Polewali Mamasa;Prov. Sulawesi Barat
330408  ;Kec. Sesenapadang;Kab. Mamasa;Prov. Sulawesi Barat
330403  ;Kec. Mamasa;Kab. Mamasa;Prov. Sulawesi Barat
340103  ;Tarakan Timur;Kab. Malinau;Prov. Kalimantan Utara
330506  ;Kec. Tammerodo Sendana;Kab. Majene;Prov. Sulawesi Barat
330511  ;Kec. Malunda;Kab. Majene;Prov. Sulawesi Barat
330416  ;Kec. Buntumalangka;Kab. Mamasa;Prov. Sulawesi Barat
330407  ;Kec. Messawa;Kab. Mamasa;Prov. Sulawesi Barat
330308  ;Kec. Luyo;Kab. Polewali Mamasa;Prov. Sulawesi Barat
340102  ;Tarakan Tengah;Kab. Malinau;Prov. Kalimantan Utara
330512  ;Kec. Banggai Timur;Kab. Majene;Prov. Sulawesi Barat
330510  ;Kec. Sendana;Kab. Majene;Prov. Sulawesi Barat
330414  ;Kec. Tawalian;Kab. Mamasa;Prov. Sulawesi Barat
330307  ;Kec. Balanipa;Kab. Polewali Mamasa;Prov. Sulawesi Barat
330405  ;Kec. Tabulahan;Kab. Mamasa;Prov. Sulawesi Barat
330316  ;Kec. Bulo;Kab. Polewali Mamasa;Prov. Sulawesi Barat
330312  ;Kec. Binuang;Kab. Polewali Mamasa;Prov. Sulawesi Barat
330315  ;Kec. Matangnga;Kab. Polewali Mamasa;Prov. Sulawesi Barat
330409  ;Kec. Tandukalua;Kab. Mamasa;Prov. Sulawesi Barat
330505  ;Kec. Ulumunda;Kab. Majene;Prov. Sulawesi Barat
330417  ;Kec. Mehalaan;Kab. Mamasa;Prov. Sulawesi Barat
330502  ;Kec. Pamboang;Kab. Majene;Prov. Sulawesi Barat
330415  ;Kec. Rantebulahan Timur;Kab. Mamasa;Prov. Sulawesi Barat
330507  ;Kec. Tubo Sendana;Kab. Majene;Prov. Sulawesi Barat
330310  ;Kec. Mapili;Kab. Polewali Mamasa;Prov. Sulawesi Barat
330311  ;Kec. Matakali;Kab. Polewali Mamasa;Prov. Sulawesi Barat
030111  ;Kec. Bantarsari;Kab. Cilacap;Prov. Jawa Tengah
051113  ;Kec. Jambon;Kab. Ponorogo;Prov. Jawa Timur
021143  ;Kec. Pangatikan;Kab. Garut;Prov. Jawa Barat
021233  ;Kec. Culamega;Kab. Tasikmalaya;Prov. Jawa Barat
021007  ;Kec. Situraja;Kab. Sumedang;Prov. Jawa Barat
031419  ;Kec. Tangen;Kab. Sragen;Prov. Jawa Tengah
040314  ;Kec. Ngawen;Kab. Gunung Kidul;Prov. D.I. Yogyakarta
020807  ;Kec. Ibun;Kab. Bandung;Prov. Jawa Barat
031112  ;Kec. Kartasura;Kab. Sukoharjo;Prov. Jawa Tengah
021422  ;Kec. Cikoneng;Kab. Ciamis;Prov. Jawa Barat
031306  ;Kec. Tawangmangu;Kab. Karanganyar;Prov. Jawa Tengah
040117  ;Kec. Sedayu;Kab. Bantul;Prov. D.I. Yogyakarta
032212  ;Kec. Bringin;Kab. Semarang;Prov. Jawa Tengah
022117  ;Kec. Cibuaya;Kab. Karawang;Prov. Jawa Barat
021802  ;Kec. Kroya;Kab. Indramayu;Prov. Jawa Barat
021513  ;Kec. Kuningan;Kab. Kuningan;Prov. Jawa Barat
030817  ;Kec. Secang;Kab. Magelang;Prov. Jawa Tengah
050919  ;Kec. Kasreman;Kab. Ngawi;Prov. Jawa Timur
030403  ;Kec. Mandiraja;Kab. Banjarnegara;Prov. Jawa Tengah
030217  ;Kec. Cilongok;Kab. Banyumas;Prov. Jawa Tengah
036311  ;Kec. Semarang Timur;Kota Semarang;Prov. Jawa Tengah
026608  ;Kec. Cilodong;Kota Depok;Prov. Jawa Barat
050620  ;Kec. Grabagan;Kab. Tuban;Prov. Jawa Timur
031008  ;Kec. Kebonarum;Kab. Klaten;Prov. Jawa Tengah
026202  ;Kec. Citamiang;Kota Sukabumi;Prov. Jawa Barat
032404  ;Kec. Patean;Kab. Kendal;Prov. Jawa Tengah
032514  ;Kec. Pecalungan;Kab. Batang;Prov. Jawa Tengah
021712  ;Kec. Sumber;Kab. Cirebon;Prov. Jawa Barat
032012  ;Kec. Karimunjawa;Kab. Jepara;Prov. Jawa Tengah
031611  ;Kec. Banjarejo;Kab. Blora;Prov. Jawa Tengah
032711  ;Kec. Ampelgading;Kab. Pemalang;Prov. Jawa Tengah
020625  ;Kec. Parakansalak;Kab. Sukabumi;Prov. Jawa Barat
030702  ;Kec. Kepil;Kab. Wonosobo;Prov. Jawa Tengah
032909  ;Kec. Banjarharjo;Kab. Brebes;Prov. Jawa Tengah
050517  ;Kec. Trucuk;Kab. Bojonegoro;Prov. Jawa Timur
020504  ;Kec. Cibungbulang;Kab. Bogor;Prov. Jawa Barat
050804  ;Kec. Dagangan;Kab. Madiun;Prov. Jawa Timur
021426  ;Kec. Jatinagara;Kab. Ciamis;Prov. Jawa Barat
022002  ;Kec. Maniis;Kab. Purwakarta;Prov. Jawa Barat
016201  ;Kec. Kembangan;Kota Jakarta Barat;Prov. D.K.I. Jakarta
020709  ;Kec. Sukanagara;Kab. Cianjur;Prov. Jawa Barat
020535  ;Kec. Ranca Bungur;Kab. Bogor;Prov. Jawa Barat
030513  ;Kec. Pejagoan;Kab. Kebumen;Prov. Jawa Tengah
026007  ;Kec. Lengkong;Kota Bandung;Prov. Jawa Barat
021111  ;Kec. Singajaya;Kab. Garut;Prov. Jawa Barat
022219  ;Kec. Karang Bahagia;Kab. Bekasi;Prov. Jawa Barat
031811  ;Kec. Gabus;Kab. Pati;Prov. Jawa Tengah
021901  ;Kec. Sagalaherang;Kab. Subang;Prov. Jawa Barat
052821  ;Kec. Gayam;Kab. Sumenep;Prov. Jawa Timur
071709  ;Kec. Susua;Kab. Nias Selatan;Prov. Sumatera Utara
081209  ;Kec. Padang Laweh;Kab. Dharmas Raya;Prov. Sumatera Barat
070505  ;Kec. Sumbul;Kab. Dairi;Prov. Sumatera Utara
060505  ;Kec. Bebesen;Kab. Aceh Tengah;Prov. Aceh
100411  ;Kec. Bram Itam;Kab. Tanjung Jabung Barat;Prov. Jambi
100708  ;Kec. Sungai Gelam;Kab. Muaro Jambi;Prov. Jambi
090507  ;Kec. Tempuling;Kab. Indragiri Hilir;Prov. Riau
060223  ;Kec. Muara Tiga;Kab. Pidie;Prov. Aceh
072005  ;Kec. Pangururan;Kab. Samosir;Prov. Sumatera Utara
070809  ;Kec. Pangaribuan;Kab. Tapanuli Utara;Prov. Sumatera Utara
052221  ;Kec. Jambesari Darus Sholah;Kab. Bondowoso;Prov. Jawa Timur
071513  ;Kec. Bukit Malintang;Kab. Mandailing Natal;Prov. Sumatera Utara
051603  ;Kec. Pakel;Kab. Tulungagung;Prov. Jawa Timur
086301  ;Kec. Silungkang;Kota Sawah Lunto;Prov. Sumatera Barat
100212  ;Kec. Bungo Dani;Kab. Bungo;Prov. Jambi
061317  ;Kec. Kuala Baru;Kab. Aceh Singkil;Prov. Aceh
051831  ;Kec. Pujon;Kab. Malang;Prov. Jawa Timur
061910  ;Gajah Putih;Kab. Bener Meriah;Prov. Aceh
080519  ;Kec. VI Lingkung;Kab. Padang Pariaman;Prov. Sumatera Barat
110113  ;Kec. Keluang;Kab. Musi Banyu Asin;Prov. Sumatera Selatan
072301  ;Kec. Padang Bolak Julu;Kab. Padang Lawas utara;Prov. Sumatera Utara
056006  ;Kec. Gununganyar;Kota Surabaya;Prov. Jawa Timur
060112  ;Kec. Peukan Bada;Kab. Aceh Besar;Prov. Aceh
061105  ;Kec. Simeulue Barat;Kab. Simeulue;Prov. Aceh
056201  ;Kec. Manguharjo;Kota Madiun;Prov. Jawa Timur
100917  ;Kec. Renah Pemparap;Kab. Merangin;Prov. Jambi
052005  ;Kec. Leces;Kab. Probolinggo;Prov. Jawa Timur
052111  ;Kec. Pasrujambe;Kab. Lumajang;Prov. Jawa Timur
060708  ;Kec. Meukek;Kab. Aceh Selatan;Prov. Aceh
071708  ;Kec. Hibala;Kab. Nias Selatan;Prov. Sumatera Utara
100412  ;Kec. Seberang Kota;Kab. Tanjung Jabung Barat;Prov. Jambi
090118  ;Kec. Kampar Timur;Kab. Kampar;Prov. Riau
051310  ;Kec. Mojo;Kab. Kediri;Prov. Jawa Timur
052704  ;Kec. Camplong;Kab. Sampang;Prov. Jawa Timur
072207  ;Kec. Tanjung Tiram;Kab. Batubara;Prov. Sumatera Utara
056202  ;Kec. Taman;Kota Madiun;Prov. Jawa Timur
071012  ;Kec. Arse;Kab. Tapanuli Selatan;Prov. Sumatera Utara
071011  ;Kec. Sipirok;Kab. Tapanuli Selatan;Prov. Sumatera Utara
080111  ;Kec. Palupuh;Kab. Agam;Prov. Sumatera Barat
051415  ;Kec. Bagor;Kab. Nganjuk;Prov. Jawa Timur
070206  ;Kec. Binjai;Kab. Langkat;Prov. Sumatera Utara
080518  ;Kec. Sintuk Toboh Gadang;Kab. Padang Pariaman;Prov. Sumatera Barat
070401  ;Kec. Silimakuta;Kab. Simalungun;Prov. Sumatera Utara
052511  ;Kec. Srono;Kab. Banyuwangi;Prov. Jawa Timur
050213  ;Kec. Sedati;Kab. Sidoarjo;Prov. Jawa Timur
072701  ;Kec. Lolofitu Moi;Kab. Nias Barat;Prov. Sumatera Utara
096005  ;Kec. Pekanbaru Kota;Kota Pekanbaru;Prov. Riau
090117  ;Kec. Perhentian Raja;Kab. Kampar;Prov. Riau
066403  ;Rundeng;Kab. Sabussalam;Prov. Aceh
060327  ;Kec. Pirak Timu;Kab. Aceh Utara;Prov. Aceh
080811  ;Kec. Sumpur Kudus;Kab. Sawahlunto/ Sijunjung;Prov. Sumatera Barat
052411  ;Kec. Ajung;Kab. Jember;Prov. Jawa Timur
080113  ;Kec. Sungai Pua;Kab. Agam;Prov. Sumatera Barat
050407  ;Kec. Bareng;Kab. Jombang;Prov. Jawa Timur
080405  ;Kec. Lembah Gumanti;Kab. Solok;Prov. Sumatera Barat
051801  ;Kec. Donomulyo;Kab. Malang;Prov. Jawa Timur
076401  ;Kec. Datuk Bandar;Kota Tanjung Balai;Prov. Sumatera Utara
070619  ;Kec. Aek Kuasan;Kab. Asahan;Prov. Sumatera Utara
191704  ;Kec. Bajo;Kab. Luwu;Prov. Sulawesi Selatan
150913  ;Kec. Kelumpang Hulu;Kab. Kota Baru;Prov. Kalimantan Selatan
176202  ;Kec. Tomohon Tengah;Kota Tomohon;Prov. Sulawesi Utara
130515  ;Kec. Suhaid;Kab. Kapuas Hulu;Prov. Kalimantan Barat
190201  ;Kec. Liukang Tangaya;Kab. Pangkajene Kepulauan;Prov. Sulawesi Selatan
120802  ;Kec. Baradatu;Kab. Way Kanan;Prov. Lampung
120624  ;Kec. Limau;Kab. Tenggamus;Prov. Lampung
190807  ;Kec. Majauleng;Kab. Wajo;Prov. Sulawesi Selatan
120212  ;Kec. Rumbia;Kab. Lampung Tengah;Prov. Lampung
191411  ;Kec. Paleteang;Kab. Pinrang;Prov. Sulawesi Selatan
131203  ;Kec. Sukadana;Kab. Kayong Utara;Prov. Kalimantan Barat
190704  ;Kec. Selomekko;Kab. Bone;Prov. Sulawesi Selatan
120526  ;Kec. Gedung AJI Baru;Kab. Tulang Bawang;Prov. Lampung
171010  ;Kec. Tombatu Utara;Kab. Minahasa Tenggara;Prov. Sulawesi Utara
160214  ;Kec. Marang Kayu;Kab. Kutai Kartanegara;Prov. Kalimantan Timur
150703  ;Kec. Sungai Pandan;Kab. Hulu Sungai Utara;Prov. Kalimantan Selatan
110531  ;Kec. Merapi Selatan;Kab. Lahat;Prov. Sumatera Selatan
190403  ;Kec. Polombangkeng Selatan;Kab. Takalar;Prov. Sulawesi Selatan
096004  ;Kec. Sail;Kota Pekanbaru;Prov. Riau
141006  ;Kec. Kahayan Hulu Utara;Kab. Gunung Mas;Prov. Kalimantan Tengah
190202  ;Kec. Liukang Kalukuang Masalim;Kab. Pangkajene Kepulauan;Prov. Sulawesi Selatan
166006  ;Kec. Samarinda Utara;Kota Samarinda;Prov. Kalimantan Timur
141307  ;Kec. Paju Epat;Kab. Barito Timur;Prov. Kalimantan Tengah
190104  ;Kec. Bantimurung;Kab. Maros;Prov. Sulawesi Selatan
091505  ;Kec. Tebing Tinggi Barat;Kab. Kepulauan Meranti;Prov. Riau
170505  ;Kec. Tenga;Kab. Minahasa Selatan;Prov. Sulawesi Utara
120321  ;Kec. Sungkai Barat;Kab. Lampung Utara;Prov. Lampung
191108  ;Kec. Rilau Ale;Kab. Bulukumba;Prov. Sulawesi Selatan
140427  ;Kec. Cempaga Hulu;Kab. Kotawaringin Timur;Prov. Kalimantan Tengah
140906  ;Kec. Sematu Jaya;Kab. Lamandau;Prov. Kalimantan Tengah
111108  ;Kec. Sikap Dalam;Kab. Empat Lawang;Prov. Sumatera Selatan
110371  ;Kec. Baturaja Timur;Kab. Ogan Komering Ulu;Prov. Sumatera Selatan
110611  ;Kec. Purwodadi;Kab. Musi Rawas;Prov. Sumatera Selatan
191109  ;Kec. Kindang;Kab. Bulukumba;Prov. Sulawesi Selatan
116301  ;Kec. Pagar Alam Utara;Kota Pagar Alam;Prov. Sumatera Selatan
140609  ;Kec. Katingan Hulu;Kab. Katingan;Prov. Kalimantan Tengah
180208  ;Kec. Banawa;Kab. Donggala;Prov. Sulawesi Tengah
150406  ;Kec. Lokpaikat;Kab. Tapin;Prov. Kalimantan Selatan
130611  ;Kec. Sungai Laur;Kab. Ketapang;Prov. Kalimantan Barat
121104  ;Kec. Mesuji Timur;Kab. Mesuji;Prov. Lampung
170237  ;Kec. Langowan Selatan;Kab. Minahasa;Prov. Sulawesi Utara
120312  ;Kec. Kotabumi Selatan;Kab. Lampung Utara;Prov. Lampung
161016  ;Kec. Kaubun;Kab. Kutai Timur;Prov. Kalimantan Timur
156004  ;Kec. Banjarmasin Utara;Kota Banjarmasin;Prov. Kalimantan Selatan
150204  ;Kec. Bati-Bati;Kab. Tanah Laut;Prov. Kalimantan Selatan
131311  ;Kec. Batu Ampar;Kab. Kuburaya;Prov. Kalimantan Barat
110913  ;Kec. Warkuk Ranau Selatan;Kab. Ogan Komering Ulu Selatan;Prov. Sumatera Selatan
130307  ;Kec. Mokok;Kab. Sanggau;Prov. Kalimantan Barat
130105  ;Kec. Jawai;Kab. Sambas;Prov. Kalimantan Barat
140302  ;Kec. Gunung Timang;Kab. Barito Utara;Prov. Kalimantan Tengah
170209  ;Kec. Langowan Timur;Kab. Minahasa;Prov. Sulawesi Utara
116302  ;Kec. Pagar Alam Selatan;Kota Pagar Alam;Prov. Sumatera Selatan
130316  ;Kec. Balai;Kab. Sanggau;Prov. Kalimantan Barat
170310  ;Kec. Tabukan Utara;Kab. Kep. Sangihe;Prov. Sulawesi Utara
121105  ;Kec. Simpang Pematang;Kab. Mesuji;Prov. Lampung
240717  ;Kec. Adonara;Kab. Flores Timur;Prov. Nusa Tenggara Timur
196012  ;Kec. Tamalanrea;Kota Makassar;Prov. Sulawesi Selatan
260504  ;Kec. Ujan Mas;Kab. Kepahiang;Prov. Bengkulu
260714  ;Kec. Padang Guci Ulu;Kab. Kaur;Prov. Bengkulu
192703  ;Kec. Bengkelekila;Kab. Toraja Utara;Prov. Sulawesi Selatan
206004  ;Kec. Baruga;Kota Kendari;Prov. Sulawesi Tenggara
256001  ;Kec. Muara Tami;Kota Jayapura;Prov. Papua
251504  ;Kec. Suator;Kab. Asmat;Prov. Papua
180901  ;Kec. Tojo;Kab. Tojo Una-Una;Prov. Sulawesi Tengah
200712  ;Kec. Poleang Tenggara;Kab. Bombana;Prov. Sulawesi Tenggara
240907  ;Kec. Detusoko;Kab. Ende;Prov. Nusa Tenggara Timur
241119  ;Kec. Rahong Utara;Kab. Manggarai;Prov. Nusa Tenggara Timur
200607  ;Kec. Tomia Timur;Kab. Wakatobi;Prov. Sulawesi Tenggara
250213  ;Kec. Bruyandori;Kab. Biak Numfor;Prov. Papua
200521  ;Kec. Benua;Kab. Konawe Selatan;Prov. Sulawesi Tenggara
200134  ;Kec. Amonggedo;Kab. Konawe;Prov. Sulawesi Tenggara
200225  ;Kec. Barangka;Kab. Muna;Prov. Sulawesi Tenggara
240301  ;Kec. Mollo Utara;Kab. Timor Tengah Selatan;Prov. Nusa Tenggara Timur
240506  ;Kec. Kota Atambua;Kab. Belu;Prov. Nusa Tenggara Timur
251812  ;Kec. Konda;Kab. Tolikara;Prov. Papua
266006  ;Kec. Ratu Agung;Kota Bengkulu;Prov. Bengkulu
240613  ;Kec. Pantar Tengah;Kab. Alor;Prov. Nusa Tenggara Timur
191705  ;Kec. Bassesangtempe;Kab. Luwu;Prov. Sulawesi Selatan
251834  ;Kec. Egiam;Kab. Tolikara;Prov. Papua
251309  ;Kec. Fofi;Kab. Boven Digoel;Prov. Papua
270419  ;Kec. Loloda Kepulauan;Kab. halmahera Utara;Prov. Maluku Utara
250730  ;Kec. Naukenjerai;Kab. Merauke;Prov. Papua
256005  ;Kec. Heram;Kota Jayapura;Prov. Papua
250922  ;Kec. Nabire Barat;Kab. Nabire;Prov. Papua
251631  ;Kec. Holuwon;Kab. Yahukimo;Prov. Papua
210111  ;Kec. Leihitu;Kab. Maluku Tengah;Prov. Maluku
250205  ;Kec. Biak Kota;Kab. Biak Numfor;Prov. Papua
241705  ;Kec. Nangaroro;Kab. Nagakeo;Prov. Nusa Tenggara Timur
220806  ;Kec. Bebandem;Kab. Karang Asem;Prov. Bali
210592  ;Taniwel Timur;Kab. Seram Bagian Barat;Prov. Maluku
236105  ;Kec. Mpunda;Kota Bima;Prov. Nusa Tenggara Barat
270601  ;Kec. Maba Selatan;Kab. Halmahera Timur;Prov. Maluku Utara
200326  ;Kec. Talaga Raya;Kab. Buton;Prov. Sulawesi Tenggara
230420  ;Kec. Unter Iwes;Kab. Sumbawa;Prov. Nusa Tenggara Barat
266007  ;Kec. Ratu Samban;Kota Bengkulu;Prov. Bengkulu
230612  ;Kec. Ambalawi;Kab. Bima;Prov. Nusa Tenggara Barat
253204  ;Kec. Elelim;Kab. Yalimo;Prov. Papua
260117  ;Kec. Air Napal;Kab. Bengkulu Utara;Prov. Bengkulu
210803  ;Kec. Mdona Hiera;Kab. Maluku Barat Daya;Prov. Maluku
251716  ;Kec. Oksop;Kab. Pegunungan Bintang;Prov. Papua
220307  ;Kec. Penebel;Kab. Tabanan;Prov. Bali
200907  ;Kec. Sawa;Kab. Konawe Utara;Prov. Sulawesi Tenggara
220204  ;Kec. Pekutatan;Kab. Jembrana;Prov. Bali
251707  ;Kec. Pepera;Kab. Pegunungan Bintang;Prov. Papua
210418  ;Kec. Molu Maru;Kab. Maluku Tenggara Barat;Prov. Maluku
270526  ;Kec. Makian Barat;Kab. Halmahera Selatan;Prov. Maluku Utara
242006  ;Kec. Borong;Kab. Manggarai Timur;Prov. Nusa Tenggara Timur
251505  ;Kec. Akat;Kab. Asmat;Prov. Papua
251015  ;Kec. Kebo;Kab. Paniai;Prov. Papua
260401  ;Kec. Muko-Muko Selatan;Kab. Muko-muko;Prov. Bengkulu
241401  ;Kec. Naga Wutung;Kab. Lembata;Prov. Nusa Tenggara Timur
240331  ;Kec. Fatukopa;Kab. Timor Tengah Selatan;Prov. Nusa Tenggara Timur
252906  ;Kec. Yigi;Kab. Nduga;Prov. Papua
191821  ;Kec. Masanda;Kab. Tana Toraja;Prov. Sulawesi Selatan
180601  ;Kec. Dampal Selatan;Kab. Toli-Toli;Prov. Sulawesi Tengah
280336  ;Kec. Sepatan Timur;Kab. Tangerang;Prov. Banten
046014  ;Kec. Tegalrejo;Kota Yogyakarta;Prov. D.I. Yogyakarta
280434  ;Kec. Bandung;Kab. Serang;Prov. Banten
330402  ;Kec. Pana;Kab. Mamasa;Prov. Sulawesi Barat
290603  ;Kec. Manggar;Kab. Belitung Timur;Prov. Bangka Belitung
280132  ;Kec. Sukaresmi;Kab. Pandeglang;Prov. Banten
280224  ;Kec. Cihara;Kab. Lebak;Prov. Banten
300417  ;Kec. Bulawa;Kab. Bone Bolango;Prov. Gorontalo
320602  ;Kec. Kokoda;Kab. Sorong Selatan;Prov. Papua Barat
330207  ;Kec. Bulu Taba;Kab. Mamuju Utara;Prov. Sulawesi Barat
310320  ;Kec. Bunguran Selatan;Kab. Natuna;Prov. Kepulauan Riau
320415  ;Kec. Tomu;Kab. Teluk Bintuni;Prov. Papua Barat
300404  ;Kec. Bonepantai;Kab. Bone Bolango;Prov. Gorontalo
320523  ;Kec. Masni;Kab. Manokwari;Prov. Papua Barat
021607  ;Kec. Majalengka;Kab. Majalengka;Prov. Jawa Barat
252810  ;Kec. Sawai;Kab. Memberamo Raya;Prov. Papua
276107  ;Kec. Oba Selatan;Kota Tidore Kepulauan;Prov. Maluku Utara
061609  ;Kec. Pasie Raya;Kab. Aceh Jaya;Prov. Aceh
330306  ;Kec. Limboro;Kab. Polewali Mamasa;Prov. Sulawesi Barat
286306  ;Kec. Serpong Utara;Kota tangerang Selatan;Prov. Banten
320601  ;Kec.  Inanwatan;Kab. Sorong Selatan;Prov. Papua Barat
280433  ;Kec. Gunung Sari;Kab. Serang;Prov. Banten
090903  ;Kec. Rambah;Kab. Rokan Hilir;Prov. Riau
326002  ;Kec.  Sorong Timur;Kota Sorong;Prov. Papua Barat
310321  ;Kec. Serasan Timur;Kab. Natuna;Prov. Kepulauan Riau
320105  ;Kec.  Fak-Fak Barat;Kab. Fak-Fak;Prov. Papua Barat
180318  ;Kec. Poso Pesisir Utara;Kab. Parigi Mautong;Prov. Sulawesi Tengah
320403  ;Kec. Sumuri;Kab. Teluk Bintuni;Prov. Papua Barat
290501  ;Kec. Payung;Kab. Bangka Selatan;Prov. Bangka Belitung
340104  ;Tarakan Barat;Kab. Malinau;Prov. Kalimantan Utara
251907  ;Kec. Pantai Timur Bagian Barat;Kab. Sarmi;Prov. Papua
310204  ;Kec. Meral;Kab. Karimun;Prov. Kepulauan Riau
320804  ;Kec.  Misool Timur;Kab. Raja Ampat;Prov. Papua Barat
130904  ;Kec. Sengah Temila;Kab. Landak;Prov. Kalimantan Barat
300223  ;Kec. Tilango;Kab. Gorontalo;Prov. Gorontalo
091008  ;Kec. Tanah Putih Tanjung Melawan;Kab. Siak;Prov. Riau
230303  ;Kec. Terara;Kab. Lombok Timur;Prov. Nusa Tenggara Barat
321001  ;Kec.  Aifat;Kab. Maybrat;Prov. Papua Barat
181112  ;Kec. Bokan Kepulauan;Kab. Banggai Laut;Prov. Sulawesi Tengah
181113  ;Kec. Bangkurung;Kab. Banggai Laut;Prov. Sulawesi Tengah
181114  ;Kec. Labobo;Kab. Banggai Laut;Prov. Sulawesi Tengah
181115  ;Kec. Banggai Selatan;Kab. Banggai Laut;Prov. Sulawesi Tengah
181116  ;Kec. Banggai Tengah;Kab. Banggai Laut;Prov. Sulawesi Tengah
180414  ;Kec. Moilong;Kab. Banggai;Prov. Sulawesi Tengah
180415  ;Kec. Batui Selatan;Kab. Banggai;Prov. Sulawesi Tengah
180416  ;Kec. Luwuk Utara;Kab. Banggai;Prov. Sulawesi Tengah
180417  ;Kec. Luwuk Selatan;Kab. Banggai;Prov. Sulawesi Tengah
180418  ;Kec. Nambo;Kab. Banggai;Prov. Sulawesi Tengah
180419  ;Kec. Mantoh;Kab. Banggai;Prov. Sulawesi Tengah
180420  ;Kec. Balantak Utara;Kab. Banggai;Prov. Sulawesi Tengah
180421  ;Kec. Balantak Selatan;Kab. Banggai;Prov. Sulawesi Tengah
180422  ;Kec. Lobu;Kab. Banggai;Prov. Sulawesi Tengah
180423  ;Kec. Simpang Raya;Kab. Banggai;Prov. Sulawesi Tengah
180715  ;Kec. Bungku Timur;Kab. Marowali;Prov. Sulawesi Tengah
180716  ;Kec. Bungku Pesisir;Kab. Marowali;Prov. Sulawesi Tengah
171206  ;Kec. Helumo;Kab. Bolaang Mongondaw Selatan;Prov. Sulawesi Utara
171207  ;Kec. Tomini;Kab. Bolaang Mongondaw Selatan;Prov. Sulawesi Utara
176010  ;Kec. Paal Dua;Kota Manado;Prov. Sulawesi Utara
176011  ;Kec. Bunaken Kepulauan;Kota Manado;Prov. Sulawesi Utara
170607  ;Kec. Likupang Barat;Kab. Minahasa Utara;Prov. Sulawesi Utara
086402  ;Kec. Tanjung Harapan;Kota Solok;Prov. Sumatera Barat
180301  ;Kec. Pamona Selatan;Kab. Parigi Mautong;Prov. Sulawesi Tengah
180317  ;Kec. Poso Pesisir Selatan;Kab. Parigi Mautong;Prov. Sulawesi Tengah
180319  ;Kec. Poso Kota Utara;Kab. Parigi Mautong;Prov. Sulawesi Tengah
180807  ;Kec. Bolano Lambunu;Kab. Poso;Prov. Sulawesi Tengah
180806  ;Kec. Moutong;Kab. Poso;Prov. Sulawesi Tengah
170801  ;Kec. Bintauna;Kab. Bolaang Mongondow Utara;Prov. Sulawesi Utara
170606  ;Kec. Kema;Kab. Minahasa Utara;Prov. Sulawesi Utara
140121  ;Kec. Tamban Catur;Kab. Kapuas;Prov. Kalimantan Tengah
161222  ;Kec. Laham;Kab. Mahakam Ulu;Prov. Kalimantan Timur
140122  ;Kec. Pasak Talawang;Kab. Kapuas;Prov. Kalimantan Tengah
141012  ;Kec. Rungan Barat;Kab. Gunung Mas;Prov. Kalimantan Tengah
140123  ;Kec. Mandau Talawang;Kab. Kapuas;Prov. Kalimantan Tengah
131206  ;Kec. Kepulauan Karimata;Kab. Kayong Utara;Prov. Kalimantan Barat
186005  ;Kec. Ulujadi;Kota Palu;Prov. Sulawesi Tengah
186006  ;Kec. Tatanga;Kota Palu;Prov. Sulawesi Tengah
186007  ;Kec. Tawaeli;Kota Palu;Prov. Sulawesi Tengah
186008  ;Kec. Mantikulore;Kota Palu;Prov. Sulawesi Tengah
181119  ;Kec. Banggai;Kab. Banggai Laut;Prov. Sulawesi Tengah
181120  ;Kec. Banggai Utara;Kab. Banggai Laut;Prov. Sulawesi Tengah
181201  ;Kec. Bungku Utara;Kab. Morowali Utara;Prov. Sulawesi Tengah
181202  ;Kec. Lembo;Kab. Morowali Utara;Prov. Sulawesi Tengah
181203  ;Kec. Lembo Raya;Kab. Morowali Utara;Prov. Sulawesi Tengah
181204  ;Kec. Mamosalato;Kab. Morowali Utara;Prov. Sulawesi Tengah
181205  ;Kec. Mori Atas;Kab. Morowali Utara;Prov. Sulawesi Tengah
181206  ;Kec. Mori Utara;Kab. Morowali Utara;Prov. Sulawesi Tengah
181207  ;Kec. Petasia;Kab. Morowali Utara;Prov. Sulawesi Tengah
181208  ;Kec. Petasia Timur;Kab. Morowali Utara;Prov. Sulawesi Tengah
181209  ;Kec. Soyo Jaya;Kab. Morowali Utara;Prov. Sulawesi Tengah
181210  ;Kec. Petasia Barat;Kab. Morowali Utara;Prov. Sulawesi Tengah
180893  ;Kec. Sidoan;Kab. Poso;Prov. Sulawesi Tengah
180910  ;Kec. Ratolindo;Kab. Tojo Una-Una;Prov. Sulawesi Tengah
180911  ;Kec. Batudaka;Kab. Tojo Una-Una;Prov. Sulawesi Tengah
180912  ;Kec. Talatako;Kab. Tojo Una-Una;Prov. Sulawesi Tengah
190411  ;Kepulauan Tanakeke;Kab. Takalar;Prov. Sulawesi Selatan
166106  ;Kec. Balikpapan Kota;Kota Balikpapan;Prov. Kalimantan Timur
192491  ;Kec. Baebunta Selatan;Kab. Luwu Utara;Prov. Sulawesi Selatan
192492  ;Kec. Sabbang Selatan;Kab. Luwu Utara;Prov. Sulawesi Selatan
192493  ;Kec. Sukamaju Selatan;Kab. Luwu Utara;Prov. Sulawesi Selatan
200149  ;Kec. Anggalomoare;Kab. Konawe;Prov. Sulawesi Tenggara
200150  ;Kec. Morosi;Kab. Konawe;Prov. Sulawesi Tenggara
200151  ;Kec. Wonggeduku Barat;Kab. Konawe;Prov. Sulawesi Tenggara
200152  ;Kec. Padangguni;Kab. Konawe;Prov. Sulawesi Tenggara
200153  ;Kec. Tongauna Utara;Kab. Konawe;Prov. Sulawesi Tenggara
200154  ;Kec. Anggotoa;Kab. Konawe;Prov. Sulawesi Tenggara
191722  ;Kec. Bassesangtempe Utara;Kab. Luwu;Prov. Sulawesi Selatan
130612  ;Kec. Simpang Hulu;Kab. Ketapang;Prov. Kalimantan Barat
131001  ;Kec. Nanga Mahap;Kab. Sekadau;Prov. Kalimantan Barat
141009  ;Kec. Miri Manasa;Kab. Gunung Mas;Prov. Kalimantan Tengah
191412  ;Kec. Batulappa;Kab. Pinrang;Prov. Sulawesi Selatan
140428  ;Kec. Bukit Santuei;Kab. Kotawaringin Timur;Prov. Kalimantan Tengah
151101  ;Kec. Kusan Hilir;Kab. Tanah Bumbu;Prov. Kalimantan Selatan
161221  ;Kec. Long Hubung;Kab. Mahakam Ulu;Prov. Kalimantan Timur
191402  ;Kec. Mattiro Sompe;Kab. Pinrang;Prov. Sulawesi Selatan
192401  ;Kec. Sabbang;Kab. Luwu Utara;Prov. Sulawesi Selatan
190801  ;Kec. Sabbangparu;Kab. Wajo;Prov. Sulawesi Selatan
136003  ;Kec. Pontianak Barat;Kota Pontianak;Prov. Kalimantan Barat
130601  ;Kec. Kendawangan;Kab. Ketapang;Prov. Kalimantan Barat
150120  ;Kec. Cintapuri Darussalam;Kab. Banjar;Prov. Kalimantan Selatan
192704  ;Kec. Baruppu;Kab. Toraja Utara;Prov. Sulawesi Selatan
191401  ;Kec. Suppa;Kab. Pinrang;Prov. Sulawesi Selatan
140119  ;Kec. Bataguh;Kab. Kapuas;Prov. Kalimantan Tengah
140120  ;Kec. Dadahup;Kab. Kapuas;Prov. Kalimantan Tengah
071719  ;Kec. Ulunoyo;Kab. Nias Selatan;Prov. Sumatera Utara
161225  ;Kec. Long Bagun;Kab. Mahakam Ulu;Prov. Kalimantan Timur
071720  ;Kec. Huruna;Kab. Nias Selatan;Prov. Sumatera Utara
071721  ;Kec. Oou;Kab. Nias Selatan;Prov. Sumatera Utara
161223  ;Kec. Long Apari;Kab. Mahakam Ulu;Prov. Kalimantan Timur
071722  ;Kec. Onohazumba;Kab. Nias Selatan;Prov. Sumatera Utara
071723  ;Kec. Hilisalawaahe;Kab. Nias Selatan;Prov. Sumatera Utara
071724  ;Kec. Ulususua;Kab. Nias Selatan;Prov. Sumatera Utara
090901  ;Kec. Ujung Batu;Kab. Rokan Hilir;Prov. Riau
071725  ;Kec. Siduaori;Kab. Nias Selatan;Prov. Sumatera Utara
071726  ;Kec. Somambawa;Kab. Nias Selatan;Prov. Sumatera Utara
071727  ;Kec. Boronadu;Kab. Nias Selatan;Prov. Sumatera Utara
071728  ;Kec. Ulu Idanotae;Kab. Nias Selatan;Prov. Sumatera Utara
071729  ;Kec. Idanotae;Kab. Nias Selatan;Prov. Sumatera Utara
071732  ;Kec. Pulau-Pulau Batu Utara;Kab. Nias Selatan;Prov. Sumatera Utara
071733  ;Kec. Pulau-Pulau Batu Barat;Kab. Nias Selatan;Prov. Sumatera Utara
071734  ;Kec. Simuk;Kab. Nias Selatan;Prov. Sumatera Utara
071735  ;Kec. Tanah Masa;Kab. Nias Selatan;Prov. Sumatera Utara
071736  ;Kec. Onolalu;Kab. Nias Selatan;Prov. Sumatera Utara
071737  ;Kec. Luahagundre Maniamolo;Kab. Nias Selatan;Prov. Sumatera Utara
072412  ;Kec. Sihapas Barumun;Kab. Padang Lawas;Prov. Sumatera Utara
072209  ;Kec. Datuk Lima Puluh;Kab. Batubara;Prov. Sumatera Utara
072210  ;Kec. Datuk Tanah Datar;Kab. Batubara;Prov. Sumatera Utara
072211  ;Kec. Laut Tador;Kab. Batubara;Prov. Sumatera Utara
072212  ;Kec. Lima Puluh Pesisir;Kab. Batubara;Prov. Sumatera Utara
072391  ;Kec. Halongonan Timur;Kab. Padang Lawas utara;Prov. Sumatera Utara
072392  ;Kec. Padang Bolak Tenggara;Kab. Padang Lawas utara;Prov. Sumatera Utara
072393  ;Kec. Ujung Batu;Kab. Padang Lawas utara;Prov. Sumatera Utara
072709  ;Kec. Mandrehe Utara;Kab. Nias Barat;Prov. Sumatera Utara
080613  ;Kec. Silaut;Kab. Pesisir Selatan;Prov. Sumatera Barat
080615  ;Kec. Air Pura;Kab. Pesisir Selatan;Prov. Sumatera Barat
170240  ;Kec. Kakas Barat;Kab. Minahasa;Prov. Sulawesi Utara
170241  ;Kec. Kawangkoan Utara;Kab. Minahasa;Prov. Sulawesi Utara
170242  ;Kec. Tombariri Timur;Kab. Minahasa;Prov. Sulawesi Utara
170243  ;Kec. Kawangkoan Barat;Kab. Minahasa;Prov. Sulawesi Utara
170244  ;Kec. Mandolang;Kab. Minahasa;Prov. Sulawesi Utara
170245  ;Kec. Tompaso Barat;Kab. Minahasa;Prov. Sulawesi Utara
170134  ;Kec. Dumoga;Kab. Bolaang Mongondaw;Prov. Sulawesi Utara
170135  ;Kec. Dumoga Tenggara;Kab. Bolaang Mongondaw;Prov. Sulawesi Utara
170136  ;Kec. Dumoga Tengah;Kab. Bolaang Mongondaw;Prov. Sulawesi Utara
090214  ;Kec. Bandar Laksamana;Kab. Bengkalis;Prov. Riau
090216  ;Kec. Bathin Solapan;Kab. Bengkalis;Prov. Riau
090217  ;Kec. Talang Muandau;Kab. Bengkalis;Prov. Riau
076012  ;Kec. Medan Helvetia;Kota Medan;Prov. Sumatera Utara
090904  ;Kec. Tembusai;Kab. Rokan Hilir;Prov. Riau
080805  ;Kec. Kamang Baru;Kab. Sawahlunto/ Sijunjung;Prov. Sumatera Barat
080806  ;Kec. Tanjung Gadang;Kab. Sawahlunto/ Sijunjung;Prov. Sumatera Barat
076001  ;Kec. Medan Tuntungan;Kota Medan;Prov. Sumatera Utara
080604  ;Kec. Linggo Saribaganti;Kab. Pesisir Selatan;Prov. Sumatera Barat
066001  ;Kec. Sukajaya;Kota Sabang;Prov. Aceh
076011  ;Kec. Medan Sunggal;Kota Medan;Prov. Sumatera Utara
076010  ;Kec. Medan Selayang;Kota Medan;Prov. Sumatera Utara
071701  ;Kec. Pulau-Pulau Batu;Kab. Nias Selatan;Prov. Sumatera Utara
161224  ;Kec. Long Pahangai;Kab. Mahakam Ulu;Prov. Kalimantan Timur
116008  ;Kec. Sukarami;Kota Palembang;Prov. Sumatera Selatan
111109  ;Kec. Saling;Kab. Empat Lawang;Prov. Sumatera Selatan
111110  ;Kec. Pendopo Barat;Kab. Empat Lawang;Prov. Sumatera Selatan
120625  ;Kec. Bandar Negeri Semuong;Kab. Tenggamus;Prov. Lampung
120493  ;Kec. Air Hitam;Kab. Lampung Barat;Prov. Lampung
106009  ;Kec. Alam Barajo;Kota Jambi;Prov. Jambi
106010  ;Kec. Danau Sipin;Kota Jambi;Prov. Jambi
106011  ;Kec. Paal Merah;Kota Jambi;Prov. Jambi
106106  ;Kec. Pondok Tinggi;Kab. Sungai Penuh;Prov. Jambi
106107  ;Kec. Koto Baru;Kab. Sungai Penuh;Prov. Jambi
106108  ;Kec. Sungai Bungkal;Kab. Sungai Penuh;Prov. Jambi
100709  ;Kec. Bahar Utara;Kab. Muaro Jambi;Prov. Jambi
100710  ;Kec. Bahar Selatan;Kab. Muaro Jambi;Prov. Jambi
100711  ;Kec. Taman Rajo;Kab. Muaro Jambi;Prov. Jambi
100518  ;Kec. Bukit Kerman;Kab. Kerinci;Prov. Jambi
100519  ;Kec. Air Hangat Barat;Kab. Kerinci;Prov. Jambi
100520  ;Kec. Siulak Mukai;Kab. Kerinci;Prov. Jambi
100521  ;Kec. Kayu Aro Barat;Kab. Kerinci;Prov. Jambi
110534  ;Kec. Sukamerindu;Kab. Lahat;Prov. Sumatera Selatan
110537  ;Kec. Lahat Selatan;Kab. Lahat;Prov. Sumatera Selatan
110719  ;Kec. Sumber Marga Telang;Kab. Banyuasin;Prov. Sumatera Selatan
110720  ;Kec. Air Kumbang;Kab. Banyuasin;Prov. Sumatera Selatan
110721  ;Kec. Karang Agung Ilir;Kab. Banyuasin;Prov. Sumatera Selatan
110722  ;Kec. Selat Penuguan;Kab. Banyuasin;Prov. Sumatera Selatan
110376  ;Kec. Kedaton Peninjauan Raya;Kab. Ogan Komering Ulu;Prov. Sumatera Selatan
110121  ;Kec. Jirak Jaya;Kab. Musi Banyu Asin;Prov. Sumatera Selatan
110432  ;Kec. Lubai Ulu;Kab. Muara Enim;Prov. Sumatera Selatan
110433  ;Kec. Belimbing;Kab. Muara Enim;Prov. Sumatera Selatan
110435  ;Kec. Belida Darat;Kab. Muara Enim;Prov. Sumatera Selatan
110438  ;Kec. Empat Petulai Dangku;Kab. Muara Enim;Prov. Sumatera Selatan
110439  ;Kec. Panang Enim;Kab. Muara Enim;Prov. Sumatera Selatan
091506  ;Kec. Tasik Putri Puyu;Kab. Kepulauan Meranti;Prov. Riau
091507  ;Kec. Pulau Merbau;Kab. Kepulauan Meranti;Prov. Riau
091508  ;Kec. Tebing Tinggi Timur;Kab. Kepulauan Meranti;Prov. Riau
091509  ;Kec. Rangsang Pesisir;Kab. Kepulauan Meranti;Prov. Riau
091413  ;Kec. Kuantan Hilir Seberang;Kab. Rokan Hulu;Prov. Riau
091414  ;Kec. Sentajo Raya;Kab. Rokan Hulu;Prov. Riau
091415  ;Kec. Pucuk Rantau;Kab. Rokan Hulu;Prov. Riau
091014  ;Kec. Pekaitan;Kab. Siak;Prov. Riau
091015  ;Kec. Kubu Babussalam;Kab. Siak;Prov. Riau
091016  ;Kec. Bagan Sinembah Jaya;Kab. Siak;Prov. Riau
091017  ;Kec. Balai Jaya;Kab. Siak;Prov. Riau
091018  ;Kec. Tanjung Medan;Kab. Siak;Prov. Riau
116002  ;Kec. Seberang Ulu I;Kota Palembang;Prov. Sumatera Selatan
110307  ;Kec. Sosoh Buay Rayap;Kab. Ogan Komering Ulu;Prov. Sumatera Selatan
100502  ;Kec. Batang Merangin;Kab. Kerinci;Prov. Jambi
100202  ;Kec. Tanah Sepenggal;Kab. Bungo;Prov. Jambi
100501  ;Kec. Gunung Raya;Kab. Kerinci;Prov. Jambi
091401  ;Kec. Kuantan Mudik;Kab. Rokan Hulu;Prov. Riau
116001  ;Kec. Ilir Barat II;Kota Palembang;Prov. Sumatera Selatan
120701  ;Kec. Metro Kibang;Kab. Lampung Timur;Prov. Lampung
100201  ;Kec. Tanah Tumbuh;Kab. Bungo;Prov. Jambi
120503  ;Kec. Banjar Agung;Kab. Tulang Bawang;Prov. Lampung
120492  ;Kec. Kebun Tebu;Kab. Lampung Barat;Prov. Lampung
116017  ;Kec. Ilir Timur III;Kota Palembang;Prov. Sumatera Selatan
116018  ;Kec. Jakabaring;Kota Palembang;Prov. Sumatera Selatan
022553  ;Kec. Cigugur;Kab. Pangandaran;Prov. Jawa Barat
022552  ;Kec. Cimerak;Kab. Pangandaran;Prov. Jawa Barat
022554  ;Kec. Langkaplancar;Kab. Pangandaran;Prov. Jawa Barat
022555  ;Kec. Mangunjaya;Kab. Pangandaran;Prov. Jawa Barat
022556  ;Kec. Padaherang;Kab. Pangandaran;Prov. Jawa Barat
022557  ;Kec. Kalipucang;Kab. Pangandaran;Prov. Jawa Barat
022558  ;Kec. Pangandaran;Kab. Pangandaran;Prov. Jawa Barat
022559  ;Kec. Sidamulih;Kab. Pangandaran;Prov. Jawa Barat
022560  ;Kec. Parigi;Kab. Pangandaran;Prov. Jawa Barat
120494  ;Kec. Batu Ketulis;Kab. Lampung Barat;Prov. Lampung
120495  ;Kec. Bandar Negeri Suoh;Kab. Lampung Barat;Prov. Lampung
120499  ;Kec. Pagar Dewa;Kab. Lampung Barat;Prov. Lampung
111221  ;Kec. Penukal Utara;Kab. Penukal Abab Lematang Ilir;Prov. Sumatera Selatan
111223  ;Kec. Abab;Kab. Penukal Abab Lematang Ilir;Prov. Sumatera Selatan
111224  ;Kec. Tanah Abang;Kab. Penukal Abab Lematang Ilir;Prov. Sumatera Selatan
111225  ;Kec. Talang Ubi;Kab. Penukal Abab Lematang Ilir;Prov. Sumatera Selatan
111226  ;Kec. Penukal;Kab. Penukal Abab Lematang Ilir;Prov. Sumatera Selatan
111301  ;Kec. Rupit;Kab. Musi Rawas Utara;Prov. Sumatera Selatan
111303  ;Kec. Nibung;Kab. Musi Rawas Utara;Prov. Sumatera Selatan
111304  ;Kec. Rawas Iilir;Kab. Musi Rawas Utara;Prov. Sumatera Selatan
111305  ;Kec. Karang Dapo;Kab. Musi Rawas Utara;Prov. Sumatera Selatan
111306  ;Kec. Karang Jaya;Kab. Musi Rawas Utara;Prov. Sumatera Selatan
111307  ;Kec. Ulu Rawas;Kab. Musi Rawas Utara;Prov. Sumatera Selatan
120908  ;Kec. Marga Punduh;Kab. Pasawaran;Prov. Lampung
120909  ;Kec. Way Khilau;Kab. Pasawaran;Prov. Lampung
120910  ;Kec. Teluk Pandan;Kab. Pasawaran;Prov. Lampung
120911  ;Kec. Way Ratai;Kab. Pasawaran;Prov. Lampung
121009  ;Kec. Pagelaran Utara;Kab. Tulang Bawang Barat;Prov. Lampung
121209  ;Kec. Batu Putih;Kab. Pringsewu;Prov. Lampung
121301  ;Kec. Bangkunat;Kab. Pesisir Barat;Prov. Lampung
121331  ;Kec. Pesisir Selatan;Kab. Pesisir Barat;Prov. Lampung
121332  ;Kec. Ngambur;Kab. Pesisir Barat;Prov. Lampung
121333  ;Kec. Lemong;Kab. Pesisir Barat;Prov. Lampung
121334  ;Kec. Ngaras;Kab. Pesisir Barat;Prov. Lampung
121335  ;Kec. Karyapenggawa;Kab. Pesisir Barat;Prov. Lampung
121336  ;Kec. Pesisir Tengah;Kab. Pesisir Barat;Prov. Lampung
121337  ;Kec. Pesisir Utara;Kab. Pesisir Barat;Prov. Lampung
121338  ;Kec. Krui Selatan;Kab. Pesisir Barat;Prov. Lampung
121339  ;Kec. Pulau Pisang;Kab. Pesisir Barat;Prov. Lampung
121340  ;Kec. Way Krui;Kab. Pesisir Barat;Prov. Lampung
126014  ;Kec. Labuhan Ratu;Kota Bandar Lampung;Prov. Lampung
126015  ;Kec. Way Halim;Kota Bandar Lampung;Prov. Lampung
126016  ;Kec. Kedamaian;Kota Bandar Lampung;Prov. Lampung
126017  ;Kec. Enggal;Kota Bandar Lampung;Prov. Lampung
126018  ;Kec. Langkapura;Kota Bandar Lampung;Prov. Lampung
126019  ;Kec. Bumi Waras;Kota Bandar Lampung;Prov. Lampung
022201  ;Kec. Setu;Kab. Bekasi;Prov. Jawa Barat
021001  ;Kec. Jatinangor;Kab. Sumedang;Prov. Jawa Barat
021902  ;Kec. Jalancagak;Kab. Subang;Prov. Jawa Barat
021701  ;Kec. Waled;Kab. Cirebon;Prov. Jawa Barat
021438  ;Kec. Banjaranyar;Kab. Ciamis;Prov. Jawa Barat
021501  ;Kec. Darma;Kab. Kuningan;Prov. Jawa Barat
022220  ;Kec. Cikarang Utara;Kab. Bekasi;Prov. Jawa Barat
120215  ;Kec. Way Pengubuan;Kab. Lampung Tengah;Prov. Lampung
021008  ;Kec. Darmaraja;Kab. Sumedang;Prov. Jawa Barat
022316  ;Kec. Saguling;Kab. Bandung Barat;Prov. Jawa Barat
022551  ;Kec. Cijulang;Kab. Pangandaran;Prov. Jawa Barat
031401  ;Kec. Kalijambe;Kab. Sragen;Prov. Jawa Tengah
051201  ;Kec. Donorejo;Kab. Pacitan;Prov. Jawa Timur
032301  ;Kec. Parakan;Kab. Temanggung;Prov. Jawa Tengah
061701  ;Kec. Manggeng;Kab. Aceh Barat Daya;Prov. Aceh
052801  ;Kec. Pragaan;Kab. Sumenep;Prov. Jawa Timur
060408  ;Kec. Serba Jadi;Kab. Aceh Timur;Prov. Aceh
030401  ;Kec. Susukan;Kab. Banjarnegara;Prov. Jawa Tengah
040218  ;Kec. Gamping;Kab. Sleman;Prov. D.I. Yogyakarta
071035  ;Kec. Angkola Muara Tais;Kab. Tapanuli Selatan;Prov. Sumatera Utara
036312  ;Kec. Semarang Tengah;Kota Semarang;Prov. Jawa Tengah
061109  ;Kec. Teupah Tengah;Kab. Simeulue;Prov. Aceh
061110  ;Kec. Simeulue Cut;Kab. Simeulue;Prov. Aceh
061510  ;Kec. Beutong Ateuh Banggalan;Kab. Nagan Raya;Prov. Aceh
052302  ;Kec. Jatibanteng;Kab. Situbondo;Prov. Jawa Timur
070507  ;Kec. Siempat Nempu Hulu;Kab. Dairi;Prov. Sumatera Utara
030920  ;Kec. Gladagsari;Kab. Boyolali;Prov. Jawa Tengah
030921  ;Kec. Tamansari;Kab. Boyolali;Prov. Jawa Tengah
030922  ;Kec. Wonosamodro;Kab. Boyolali;Prov. Jawa Tengah
071518  ;Kec. Ranto Baek;Kab. Mandailing Natal;Prov. Sumatera Utara
071519  ;Kec. Puncak Sorik Merapi;Kab. Mandailing Natal;Prov. Sumatera Utara
071520  ;Kec. Sinunukan;Kab. Mandailing Natal;Prov. Sumatera Utara
071521  ;Kec. Huta Bargot;Kab. Mandailing Natal;Prov. Sumatera Utara
071522  ;Kec. Pakantan;Kab. Mandailing Natal;Prov. Sumatera Utara
071523  ;Kec. Naga Juang;Kab. Mandailing Natal;Prov. Sumatera Utara
050528  ;Kec. Gayam;Kab. Bojonegoro;Prov. Jawa Timur
052525  ;Kec. Blimbingsari;Kab. Banyuwangi;Prov. Jawa Timur
056403  ;Kec. Kranggan;Kota Mojokerto;Prov. Jawa Timur
340202  ;Kec. Tanjung Palas;Kab. Bulungan;Prov. Kalimantan Utara
340203  ;Kec. Sekatak;Kab. Bulungan;Prov. Kalimantan Utara
031301  ;Kec. Jatipuro;Kab. Karanganyar;Prov. Jawa Tengah
340205  ;Kec. Pulau Bunyu;Kab. Bulungan;Prov. Kalimantan Utara
340206  ;Kec. Tanjung Palas Barat;Kab. Bulungan;Prov. Kalimantan Utara
340207  ;Kec. Tanjung Palas Utara;Kab. Bulungan;Prov. Kalimantan Utara
340208  ;Kec. Tanjung Palas Timur;Kab. Bulungan;Prov. Kalimantan Utara
340209  ;Kec. Tanjung Selor;Kab. Bulungan;Prov. Kalimantan Utara
340210  ;Kec. Tanjung Palas Tengah;Kab. Bulungan;Prov. Kalimantan Utara
340211  ;Kec. Peso Hilir;Kab. Bulungan;Prov. Kalimantan Utara
340213  ;Kec. Peso;Kab. Bulungan;Prov. Kalimantan Utara
340501  ;Kec. Krayan;Kab. Nunukan;Prov. Kalimantan Utara
340502  ;Kec. Lumbis;Kab. Nunukan;Prov. Kalimantan Utara
340503  ;Kec. Sembakung;Kab. Nunukan;Prov. Kalimantan Utara
340504  ;Kec. Nunukan;Kab. Nunukan;Prov. Kalimantan Utara
340505  ;Kec. Sebatik;Kab. Nunukan;Prov. Kalimantan Utara
046003  ;Kec. Mergangsan;Kota Yogyakarta;Prov. D.I. Yogyakarta
032812  ;Kec. Adiwerna;Kab. Tegal;Prov. Jawa Tengah
051601  ;Kec. Besuki;Kab. Tulungagung;Prov. Jawa Timur
050901  ;Kec. Sine;Kab. Ngawi;Prov. Jawa Timur
031001  ;Kec. Prambanan;Kab. Klaten;Prov. Jawa Tengah
032101  ;Kec. Mranggen;Kab. Demak;Prov. Jawa Tengah
070601  ;Kec. Bandar Pasir Mandoge;Kab. Asahan;Prov. Sumatera Utara
052701  ;Kec. Sreseh;Kab. Sampang;Prov. Jawa Timur
020601  ;Kec. Ciemas;Kab. Sukabumi;Prov. Jawa Barat
050601  ;Kec. Kenduruan;Kab. Tuban;Prov. Jawa Timur
020801  ;Kec. Ciwidey;Kab. Bandung;Prov. Jawa Barat
032801  ;Kec. Margasari;Kab. Tegal;Prov. Jawa Tengah
051805  ;Kec. Gedangan;Kab. Malang;Prov. Jawa Timur
052822  ;Kec. Ra As;Kab. Sumenep;Prov. Jawa Timur
061501  ;Kec. Darul Makmur;Kab. Nagan Raya;Prov. Aceh
052101  ;Kec. Tempursari;Kab. Lumajang;Prov. Jawa Timur
070705  ;Kec. Bilah Hulu;Kab. Labuhan Batu;Prov. Sumatera Utara
320915  ;Kec. Ases;Kab. Tambrauw;Prov. Papua Barat
320917  ;Kec. Ireres;Kab. Tambrauw;Prov. Papua Barat
320918  ;Kec. Tobouw;Kab. Tambrauw;Prov. Papua Barat
320919  ;Kec. Wilhem Roumbouts;Kab. Tambrauw;Prov. Papua Barat
320920  ;Kec. Kebar Timur;Kab. Tambrauw;Prov. Papua Barat
320921  ;Kec. Tinggouw;Kab. Tambrauw;Prov. Papua Barat
320922  ;Kec. Kwesefo;Kab. Tambrauw;Prov. Papua Barat
321206  ;Kec. Ransiki;Kab. Manokwari Selatan;Prov. Papua Barat
321221  ;Kec. Oransbari;Kab. Manokwari Selatan;Prov. Papua Barat
320909  ;Kec. Senopi;Kab. Tambrauw;Prov. Papua Barat
321222  ;Kec. Nenei;Kab. Manokwari Selatan;Prov. Papua Barat
321223  ;Kec. Dataran Isim;Kab. Manokwari Selatan;Prov. Papua Barat
321224  ;Kec. Momi Waren;Kab. Manokwari Selatan;Prov. Papua Barat
321225  ;Kec. Tahota;Kab. Manokwari Selatan;Prov. Papua Barat
340105  ;Kec. Mentarang;Kab. Malinau;Prov. Kalimantan Utara
340106  ;Kec. Sungai Boh;Kab. Malinau;Prov. Kalimantan Utara
340107  ;Kec. Malinau Selatan;Kab. Malinau;Prov. Kalimantan Utara
340108  ;Kec. Malinau Barat;Kab. Malinau;Prov. Kalimantan Utara
340109  ;Kec. Malinau Utara;Kab. Malinau;Prov. Kalimantan Utara
340110  ;Kec. Kayan Selatan;Kab. Malinau;Prov. Kalimantan Utara
340111  ;Kec. Bahau Hulu;Kab. Malinau;Prov. Kalimantan Utara
340112  ;Kec. Mentarang Hulu;Kab. Malinau;Prov. Kalimantan Utara
340113  ;Kec. Malinau Selatan Hilir;Kab. Malinau;Prov. Kalimantan Utara
340114  ;Kec. Malinau Selatan Hulu;Kab. Malinau;Prov. Kalimantan Utara
340115  ;Kec. Sungai Tubu;Kab. Malinau;Prov. Kalimantan Utara
340506  ;Kec. Sebuku;Kab. Nunukan;Prov. Kalimantan Utara
340507  ;Kec. Krayan Selatan;Kab. Nunukan;Prov. Kalimantan Utara
340508  ;Kec. Sebatik Barat;Kab. Nunukan;Prov. Kalimantan Utara
340509  ;Kec. Nunukan Selatan;Kab. Nunukan;Prov. Kalimantan Utara
340519  ;Kec. Sebatik Utara;Kab. Nunukan;Prov. Kalimantan Utara
340520  ;Kec. Sebatik Tengah;Kab. Nunukan;Prov. Kalimantan Utara
340521  ;Kec. Sei Menggaris;Kab. Nunukan;Prov. Kalimantan Utara
340522  ;Kec. Tulin Onsoi;Kab. Nunukan;Prov. Kalimantan Utara
340523  ;Kec. Lumbis Ogong;Kab. Nunukan;Prov. Kalimantan Utara
340524  ;Kec. Sembakung Atulai;Kab. Nunukan;Prov. Kalimantan Utara
330604  ;Kec. Tobadak;Kab. Mamuju Tengah;Prov. Sulawesi Barat
330605  ;Kec. Pangale;Kab. Mamuju Tengah;Prov. Sulawesi Barat
340301  ;Kec. Sesayap;Kab. Tana Tidung;Prov. Kalimantan Utara
340302  ;Kec. Sesayap Hilir;Kab. Tana Tidung;Prov. Kalimantan Utara
340303  ;Kec. Tanah Lia;Kab. Tana Tidung;Prov. Kalimantan Utara
340304  ;Kec. Betayau;Kab. Tana Tidung;Prov. Kalimantan Utara
340305  ;Kec. Muruk Rian;Kab. Tana Tidung;Prov. Kalimantan Utara
346001  ;Kec. Tarakan Timur;Kota Tarakan;Prov. Kalimantan Utara
346002  ;Kec. Tarakan Tengah;Kota Tarakan;Prov. Kalimantan Utara
346003  ;Kec. Tarakan Barat;Kota Tarakan;Prov. Kalimantan Utara
346004  ;Kec. Tarakan Utara;Kota Tarakan;Prov. Kalimantan Utara
330301  ;Kec. Tinambung;Kab. Polewali Mamasa;Prov. Sulawesi Barat
320901  ;Kec.  Fef;Kab. Tambrauw;Prov. Papua Barat
320908  ;Kec. Kebar;Kab. Tambrauw;Prov. Papua Barat
320911  ;Kec. Syujak;Kab. Tambrauw;Prov. Papua Barat
320910  ;Kec. Mubrani;Kab. Tambrauw;Prov. Papua Barat
320912  ;Kec. Moraid;Kab. Tambrauw;Prov. Papua Barat
320913  ;Kec. Bikar;Kab. Tambrauw;Prov. Papua Barat
320914  ;Kec. Bamusbama;Kab. Tambrauw;Prov. Papua Barat
320927  ;Kec. Amberbaken Barat;Kab. Tambrauw;Prov. Papua Barat
320925  ;Kec. Manekar;Kab. Tambrauw;Prov. Papua Barat
320929  ;Kec. Selemkai;Kab. Tambrauw;Prov. Papua Barat
321014  ;Kec. Ayamaru Barat;Kab. Maybrat;Prov. Papua Barat
321016  ;Kec. Ayamaru Tengah;Kab. Maybrat;Prov. Papua Barat
321017  ;Kec. Ayamaru Selatan;Kab. Maybrat;Prov. Papua Barat
321019  ;Kec. Ayamaru Selatan Jaya;Kab. Maybrat;Prov. Papua Barat
321020  ;Kec. Mare Selatan;Kab. Maybrat;Prov. Papua Barat
290502  ;Kec. Simpang Rimba;Kab. Bangka Selatan;Prov. Bangka Belitung
320923  ;Kec. Mawabuan;Kab. Tambrauw;Prov. Papua Barat
321111  ;Kec. Anggi Gida;Kab. Pegunungan Arfak;Prov. Papua Barat
321112  ;Kec. Membey;Kab. Pegunungan Arfak;Prov. Papua Barat
321113  ;Kec. Sururay;Kab. Pegunungan Arfak;Prov. Papua Barat
321114  ;Kec. Didohu;Kab. Pegunungan Arfak;Prov. Papua Barat
321115  ;Kec. Taige;Kab. Pegunungan Arfak;Prov. Papua Barat
321116  ;Kec. Catubouw;Kab. Pegunungan Arfak;Prov. Papua Barat
321117  ;Kec. Testega;Kab. Pegunungan Arfak;Prov. Papua Barat
321118  ;Kec. Menyambouw;Kab. Pegunungan Arfak;Prov. Papua Barat
321119  ;Kec. Hingk;Kab. Pegunungan Arfak;Prov. Papua Barat
321120  ;Kec. Anggi;Kab. Pegunungan Arfak;Prov. Papua Barat
320622  ;Kec. Kais Darat;Kab. Sorong Selatan;Prov. Papua Barat
320723  ;Kec. Mega;Kab. Sorong;Prov. Papua Barat
320724  ;Kec. Moraid/Mega;Kab. Sorong;Prov. Papua Barat
320726  ;Kec. Sorong;Kab. Sorong;Prov. Papua Barat
320727  ;Kec. Bagun;Kab. Sorong;Prov. Papua Barat
320728  ;Kec. Wemak;Kab. Sorong;Prov. Papua Barat
320729  ;Kec. Sunook;Kab. Sorong;Prov. Papua Barat
320730  ;Kec. Buk;Kab. Sorong;Prov. Papua Barat
320731  ;Kec. Saengkeduk;Kab. Sorong;Prov. Papua Barat
320732  ;Kec. Malabotom;Kab. Sorong;Prov. Papua Barat
320733  ;Kec. Konhir;Kab. Sorong;Prov. Papua Barat
320734  ;Kec. Klasafet;Kab. Sorong;Prov. Papua Barat
320735  ;Kec. Hobard;Kab. Sorong;Prov. Papua Barat
320736  ;Kec. Botain;Kab. Sorong;Prov. Papua Barat
320737  ;Kec. Sayosa Timur;Kab. Sorong;Prov. Papua Barat
320738  ;Kec. Selemkay;Kab. Sorong;Prov. Papua Barat
320739  ;Kec. Salawati Tengah;Kab. Sorong;Prov. Papua Barat
296091  ;Kec. Gabek;Kota Pangkalpinang;Prov. Bangka Belitung
290509  ;Kec. Kep. Pongok;Kab. Bangka Selatan;Prov. Bangka Belitung
300227  ;Kec. Dungaliyo;Kab. Gorontalo;Prov. Gorontalo
300512  ;Kec. Sumalata Timur;Kab. Gorontalo Utara;Prov. Gorontalo
300418  ;Kec. Pinogu;Kab. Bone Bolango;Prov. Gorontalo
310323  ;Kec. Bunguran Batubi;Kab. Natuna;Prov. Kepulauan Riau
310324  ;Kec. Pulau Tiga Barat;Kab. Natuna;Prov. Kepulauan Riau
310325  ;Kec. Suak Midai;Kab. Natuna;Prov. Kepulauan Riau
310210  ;Kec. Meral Barat;Kab. Karimun;Prov. Kepulauan Riau
310211  ;Kec. Ungar;Kab. Karimun;Prov. Kepulauan Riau
310212  ;Kec. Belat;Kab. Karimun;Prov. Kepulauan Riau
326010  ;Kec. Klaurung;Kota Sorong;Prov. Papua Barat
326011  ;Kec. Malaimsimsa;Kota Sorong;Prov. Papua Barat
326012  ;Kec. Maladomes;Kota Sorong;Prov. Papua Barat
326013  ;Kec. Sorong;Kota Sorong;Prov. Papua Barat
290201  ;Kec. Membalong;Kab. Belitung;Prov. Bangka Belitung
300405  ;Kec. Bulango Utara;Kab. Bone Bolango;Prov. Gorontalo
296001  ;Kec. Rangkui;Kota Pangkalpinang;Prov. Bangka Belitung
320924  ;Kec. Kebar Selatan;Kab. Tambrauw;Prov. Papua Barat
290206  ;Kec. Tanjung Pandan;Kab. Belitung;Prov. Bangka Belitung
320926  ;Kec. Mpur;Kab. Tambrauw;Prov. Papua Barat
320928  ;Kec. Kasi;Kab. Tambrauw;Prov. Papua Barat
320207  ;Kec.  Yamor;Kab. Kaimana;Prov. Papua Barat
316004  ;Kec. Bulang;Kota Batam;Prov. Kepulauan Riau
320206  ;Kec.  Teluk Etna;Kab. Kaimana;Prov. Papua Barat
320509  ;Kec. Warmare;Kab. Manokwari;Prov. Papua Barat
320510  ;Kec. Prafi;Kab. Manokwari;Prov. Papua Barat
320102  ;Kec.  Karas;Kab. Fak-Fak;Prov. Papua Barat
320203  ;Kec.  Teluk Arguni Bawah;Kab. Kaimana;Prov. Papua Barat
290405  ;Kec. Jebus;Kab. Bangka Barat;Prov. Bangka Belitung
316007  ;Kec. Nongsa;Kota Batam;Prov. Kepulauan Riau
290406  ;Kec. Parittiga;Kab. Bangka Barat;Prov. Bangka Belitung
320202  ;Kec.  Teluk Arguni (Atas);Kab. Kaimana;Prov. Papua Barat
316002  ;Kec. Sekupang;Kota Batam;Prov. Kepulauan Riau
316011  ;Kec. Bengkong;Kota Batam;Prov. Kepulauan Riau
320524  ;Kec. Sidey;Kab. Manokwari;Prov. Papua Barat
316102  ;Kec. Tanjung Pinang Timur;Kota Tanjungpinang;Prov. Kepulauan Riau
320623  ;Kec. Salkma;Kab. Sorong Selatan;Prov. Papua Barat
310407  ;Kec. Singkep Selatan;Kab. Lingga;Prov. Kepulauan Riau
310501  ;Kec. Jemaja;Kab. Kepulauan Anambas;Prov. Kepulauan Riau
310408  ;Kec. Lingga Timur;Kab. Lingga;Prov. Kepulauan Riau
310409  ;Kec. Selayar;Kab. Lingga;Prov. Kepulauan Riau
310503  ;Kec. Siantan;Kab. Kepulauan Anambas;Prov. Kepulauan Riau
310410  ;Kec. Kepulauan Posek;Kab. Lingga;Prov. Kepulauan Riau
310411  ;Kec. Bakung Serumpun;Kab. Lingga;Prov. Kepulauan Riau
310412  ;Kec. Temiang Pesisir;Kab. Lingga;Prov. Kepulauan Riau
310413  ;Kec. Katang Bidare;Kab. Lingga;Prov. Kepulauan Riau
310508  ;Kec. Jemaja Barat;Kab. Kepulauan Anambas;Prov. Kepulauan Riau
310509  ;Kec. Kute Siantan;Kab. Kepulauan Anambas;Prov. Kepulauan Riau
310510  ;Kec. Siantan Utara;Kab. Kepulauan Anambas;Prov. Kepulauan Riau
316013  ;Kec. Sagulung;Kota Batam;Prov. Kepulauan Riau
320101  ;Kec.  Fak-Fak Timur;Kab. Fak-Fak;Prov. Papua Barat
316003  ;Kec. Sei Beduk;Kota Batam;Prov. Kepulauan Riau
316006  ;Kec. Batu Ampar;Kota Batam;Prov. Kepulauan Riau
290403  ;Kec. Mentok;Kab. Bangka Barat;Prov. Bangka Belitung
320103  ;Kec.  Fak-Fak;Kab. Fak-Fak;Prov. Papua Barat
290404  ;Kec. Simpang Teritip;Kab. Bangka Barat;Prov. Bangka Belitung
320404  ;Kec. Aroba;Kab. Teluk Bintuni;Prov. Papua Barat
320518  ;Kec. Tanah Rubu;Kab. Manokwari;Prov. Papua Barat
320401  ;Kec. Irorutu/Fafuwar;Kab. Teluk Bintuni;Prov. Papua Barat
316008  ;Kec. Galang;Kota Batam;Prov. Kepulauan Riau
316005  ;Kec. Lubuk Baja;Kota Batam;Prov. Kepulauan Riau
320204  ;Kec.  Kaimana;Kab. Kaimana;Prov. Papua Barat
320402  ;Kec. Babo;Kab. Teluk Bintuni;Prov. Papua Barat
320205  ;Kec.  Kambrau;Kab. Kaimana;Prov. Papua Barat
316014  ;Kec. Batu Aji;Kota Batam;Prov. Kepulauan Riau
252614  ;Kec. Soyoi Mambai;Kab. Waropen;Prov. Papua
252615  ;Kec. Walani;Kab. Waropen;Prov. Papua
253012  ;Kec. Ayumnati;Kab. Lanny Jaya;Prov. Papua
253013  ;Kec. Balingga Barat;Kab. Lanny Jaya;Prov. Papua
253014  ;Kec. Bruwa;Kab. Lanny Jaya;Prov. Papua
253015  ;Kec. Buguk Gona;Kab. Lanny Jaya;Prov. Papua
253016  ;Kec. Gelok Beam;Kab. Lanny Jaya;Prov. Papua
253017  ;Kec. Goa Balim;Kab. Lanny Jaya;Prov. Papua
253018  ;Kec. Gollo;Kab. Lanny Jaya;Prov. Papua
253019  ;Kec. Guna;Kab. Lanny Jaya;Prov. Papua
253021  ;Kec. Karu;Kab. Lanny Jaya;Prov. Papua
253022  ;Kec. Kelulome;Kab. Lanny Jaya;Prov. Papua
253023  ;Kec. Kolawa;Kab. Lanny Jaya;Prov. Papua
253024  ;Kec. Kuly Lanny;Kab. Lanny Jaya;Prov. Papua
253025  ;Kec. Lannyna;Kab. Lanny Jaya;Prov. Papua
253026  ;Kec. Melagi;Kab. Lanny Jaya;Prov. Papua
253027  ;Kec. Milimbo;Kab. Lanny Jaya;Prov. Papua
253028  ;Kec. Mokoni;Kab. Lanny Jaya;Prov. Papua
253029  ;Kec. Muara;Kab. Lanny Jaya;Prov. Papua
253030  ;Kec. Nikogwe;Kab. Lanny Jaya;Prov. Papua
253031  ;Kec. Niname;Kab. Lanny Jaya;Prov. Papua
253032  ;Kec. Nogi;Kab. Lanny Jaya;Prov. Papua
253033  ;Kec. Tiom Ollo;Kab. Lanny Jaya;Prov. Papua
253034  ;Kec. Wano Barat;Kab. Lanny Jaya;Prov. Papua
253035  ;Kec. Wereka;Kab. Lanny Jaya;Prov. Papua
253036  ;Kec. Wiringgambut;Kab. Lanny Jaya;Prov. Papua
253037  ;Kec. Yiginua;Kab. Lanny Jaya;Prov. Papua
253038  ;Kec. Yiluk;Kab. Lanny Jaya;Prov. Papua
253039  ;Kec. Yugungwi;Kab. Lanny Jaya;Prov. Papua
252909  ;Kec. Kegayem;Kab. Nduga;Prov. Papua
252910  ;Kec. Paro;Kab. Nduga;Prov. Papua
252911  ;Kec. Mebarok;Kab. Nduga;Prov. Papua
252912  ;Kec. Kilmid;Kab. Nduga;Prov. Papua
252913  ;Kec. Koroptak;Kab. Nduga;Prov. Papua
252914  ;Kec. Yenggelo;Kab. Nduga;Prov. Papua
252915  ;Kec. Alama;Kab. Nduga;Prov. Papua
252916  ;Kec. Yal;Kab. Nduga;Prov. Papua
252917  ;Kec. Mam;Kab. Nduga;Prov. Papua
252918  ;Kec. Dal;Kab. Nduga;Prov. Papua
252919  ;Kec. Nirkuri;Kab. Nduga;Prov. Papua
252921  ;Kec. Mbua Tengah;Kab. Nduga;Prov. Papua
252922  ;Kec. Inikgal;Kab. Nduga;Prov. Papua
252923  ;Kec. Mbulmu Yalma;Kab. Nduga;Prov. Papua
320110  ;Kec. Pariwari;Kab. Fak-Fak;Prov. Papua Barat
320111  ;Kec. Wartutin;Kab. Fak-Fak;Prov. Papua Barat
320112  ;Kec. Fakfak Timur Tengah;Kab. Fak-Fak;Prov. Papua Barat
320113  ;Kec. Arguni;Kab. Fak-Fak;Prov. Papua Barat
320114  ;Kec. Mbahamdandara;Kab. Fak-Fak;Prov. Papua Barat
320115  ;Kec. Kayauni;Kab. Fak-Fak;Prov. Papua Barat
320116  ;Kec. Furwagi;Kab. Fak-Fak;Prov. Papua Barat
320117  ;Kec. Tomage;Kab. Fak-Fak;Prov. Papua Barat
320107  ;Kec.  Teluk Patipi;Kab. Fak-Fak;Prov. Papua Barat
246001  ;Kec. Alak;Kota Kupang;Prov. Nusa Tenggara Timur
253201  ;Kec. Welarek;Kab. Yalimo;Prov. Papua
320108  ;Kec.  Kramongmongga;Kab. Fak-Fak;Prov. Papua Barat
320106  ;Kec.  Kokas;Kab. Fak-Fak;Prov. Papua Barat
252611  ;Kec. Demba;Kab. Waropen;Prov. Papua
253001  ;Kec. Makki;Kab. Lanny Jaya;Prov. Papua
320104  ;Kec.  Fak-Fak Tengah;Kab. Fak-Fak;Prov. Papua Barat
252612  ;Kec. Oudate;Kab. Waropen;Prov. Papua
252613  ;Kec. Wonti;Kab. Waropen;Prov. Papua
253011  ;Kec. Awina;Kab. Lanny Jaya;Prov. Papua
250317  ;Kec. Pulau Yerui;Kab. Yapen Waropen;Prov. Papua
252011  ;Kec. Yaffi;Kab. Keerom;Prov. Papua
251915  ;Kec. Ismari;Kab. Sarmi;Prov. Papua
252008  ;Kec. Arso Barat;Kab. Keerom;Prov. Papua
251916  ;Kec. Muara Tor;Kab. Sarmi;Prov. Papua
251917  ;Kec. Sobey;Kab. Sarmi;Prov. Papua
270101  ;Kec. Taliabu Barat;Kab. Pulau Taliabu;Prov. Maluku Utara
270102  ;Kec. Taliabu Barat Laut;Kab. Pulau Taliabu;Prov. Maluku Utara
270103  ;Kec. Lede;Kab. Pulau Taliabu;Prov. Maluku Utara
270104  ;Kec. Taliabu Utara;Kab. Pulau Taliabu;Prov. Maluku Utara
270105  ;Kec. Taliabu Timur;Kab. Pulau Taliabu;Prov. Maluku Utara
270106  ;Kec. Taliabu Timur Selatan;Kab. Pulau Taliabu;Prov. Maluku Utara
270107  ;Kec. Taliabu Selatan;Kab. Pulau Taliabu;Prov. Maluku Utara
270108  ;Kec. Tabona;Kab. Pulau Taliabu;Prov. Maluku Utara
270212  ;Kec. Weda Timur;Kab. Halmahera Tengah;Prov. Maluku Utara
270311  ;Kec. Tabaru;Kab. Halmahera Barat;Prov. Maluku Utara
253309  ;Kec. Dervos;kab. Puncak;Prov. Papua
253310  ;Kec. Beoga Barat;kab. Puncak;Prov. Papua
253311  ;Kec. Beoga Timur;kab. Puncak;Prov. Papua
253312  ;Kec. Ogamanim;kab. Puncak;Prov. Papua
253313  ;Kec. Kembru;kab. Puncak;Prov. Papua
253314  ;Kec. Bina;kab. Puncak;Prov. Papua
253315  ;Kec. Sinak Barat;kab. Puncak;Prov. Papua
253316  ;Kec. Mage`abume;kab. Puncak;Prov. Papua
253317  ;Kec. Yugumuak;kab. Puncak;Prov. Papua
253318  ;Kec. Ilaga Utara;kab. Puncak;Prov. Papua
253319  ;Kec. Mabugi;kab. Puncak;Prov. Papua
253320  ;Kec. Omukia;kab. Puncak;Prov. Papua
253321  ;Kec. Lambewi;kab. Puncak;Prov. Papua
253322  ;Kec. Oneri;kab. Puncak;Prov. Papua
253323  ;Kec. Amungkalpia;kab. Puncak;Prov. Papua
253324  ;Kec. Gome Utara;kab. Puncak;Prov. Papua
253325  ;Kec. Erelmakawia;kab. Puncak;Prov. Papua
253697  ;Kec. Ugimba;Kab. Intan Jaya;Prov. Papua
253698  ;Kec. Tomosiga;Kab. Intan Jaya;Prov. Papua
252924  ;Kec. Embetpen;Kab. Nduga;Prov. Papua
252925  ;Kec. Kora;Kab. Nduga;Prov. Papua
252926  ;Kec. Wusi;Kab. Nduga;Prov. Papua
252927  ;Kec. Nenggeagin;Kab. Nduga;Prov. Papua
252928  ;Kec. Pasir Putih;Kab. Nduga;Prov. Papua
252929  ;Kec. Pija;Kab. Nduga;Prov. Papua
252930  ;Kec. Moba;Kab. Nduga;Prov. Papua
252931  ;Kec. Wutpaga;Kab. Nduga;Prov. Papua
252932  ;Kec. Krepkuri;Kab. Nduga;Prov. Papua
260614  ;Kec. Padang Bano;Kab. Lebong;Prov. Bengkulu
260124  ;Kec. Arma Jaya;Kab. Bengkulu Utara;Prov. Bengkulu
260125  ;Kec. Tanjungagung Palik;Kab. Bengkulu Utara;Prov. Bengkulu
260126  ;Kec. Ulok Kupai;Kab. Bengkulu Utara;Prov. Bengkulu
260128  ;Kec. Pinang Raya;Kab. Bengkulu Utara;Prov. Bengkulu
276008  ;Kec. Ternate Barat;Kota Ternate;Prov. Maluku Utara
251902  ;Kec. Pantai Timur;Kab. Sarmi;Prov. Papua
260505  ;Kec. Muara Kemumu;Kab. Kepahiang;Prov. Bengkulu
250309  ;Kec. Kosiwo;Kab. Yapen Waropen;Prov. Papua
276001  ;Kec. Pulau Ternate;Kota Ternate;Prov. Maluku Utara
260701  ;Kec. Kaur Selatan;Kab. Kaur;Prov. Bengkulu
260506  ;Kec. Seberang Musi;Kab. Kepahiang;Prov. Bengkulu
250316  ;Kec. Pulau Kurudu;Kab. Yapen Waropen;Prov. Papua
252009  ;Kec. Kaisenar;Kab. Keerom;Prov. Papua
252010  ;Kec. Mannem;Kab. Keerom;Prov. Papua
210218  ;Kec. Kei Kecil Timur Selatan;Kab. Maluku Tenggara;Prov. Maluku
206108  ;Kec. Batupoaro;Kota Baubau;Prov. Sulawesi Tenggara
201112  ;Kec. Ladongi;Kab. Kolaka Timur;Prov. Sulawesi Tenggara
201113  ;Kec. Poli-Polia;Kab. Kolaka Timur;Prov. Sulawesi Tenggara
201114  ;Kec. Lambandia;Kab. Kolaka Timur;Prov. Sulawesi Tenggara
200911  ;Kec. Landawe;Kab. Konawe Utara;Prov. Sulawesi Tenggara
200912  ;Kec. Lasolo Kepulauan;Kab. Konawe Utara;Prov. Sulawesi Tenggara
200913  ;Kec. Wawolesea;Kab. Konawe Utara;Prov. Sulawesi Tenggara
201116  ;Kec. Mowewe;Kab. Kolaka Timur;Prov. Sulawesi Tenggara
201117  ;Kec. Uluiwoi;Kab. Kolaka Timur;Prov. Sulawesi Tenggara
201118  ;Kec. Tinondo;Kab. Kolaka Timur;Prov. Sulawesi Tenggara
201119  ;Kec. Tirawuta;Kab. Kolaka Timur;Prov. Sulawesi Tenggara
201120  ;Kec. Ueesi;Kab. Kolaka Timur;Prov. Sulawesi Tenggara
201121  ;Kec. Aere;Kab. Kolaka Timur;Prov. Sulawesi Tenggara
201122  ;Kec. Dangia;Kab. Kolaka Timur;Prov. Sulawesi Tenggara
201201  ;Kec. Wawonii Barat;Kab. Konawe Kepulauan;Prov. Sulawesi Tenggara
201202  ;Kec. Wawonii Utara;Kab. Konawe Kepulauan;Prov. Sulawesi Tenggara
201203  ;Kec. Wawonii Timur Laut;Kab. Konawe Kepulauan;Prov. Sulawesi Tenggara
201204  ;Kec. Wawonii Timur;Kab. Konawe Kepulauan;Prov. Sulawesi Tenggara
201205  ;Kec. Wawonii Tenggara;Kab. Konawe Kepulauan;Prov. Sulawesi Tenggara
201206  ;Kec. Wawonii Selatan;Kab. Konawe Kepulauan;Prov. Sulawesi Tenggara
201207  ;Kec. Wawonii Tengah;Kab. Konawe Kepulauan;Prov. Sulawesi Tenggara
201301  ;Kec. Sawerigadi;Kab. Muna Barat;Prov. Sulawesi Tenggara
201302  ;Kec. Barangka;Kab. Muna Barat;Prov. Sulawesi Tenggara
201303  ;Kec. Lawa;Kab. Muna Barat;Prov. Sulawesi Tenggara
201304  ;Kec. Wadaga;Kab. Muna Barat;Prov. Sulawesi Tenggara
201305  ;Kec. Tiworo Selatan;Kab. Muna Barat;Prov. Sulawesi Tenggara
201306  ;Kec. Maginti;Kab. Muna Barat;Prov. Sulawesi Tenggara
201309  ;Kec. Tiworo Utara;Kab. Muna Barat;Prov. Sulawesi Tenggara
201310  ;Kec. Tiworo Kepulauan;Kab. Muna Barat;Prov. Sulawesi Tenggara
201311  ;Kec. Napano Kusambi;Kab. Muna Barat;Prov. Sulawesi Tenggara
201312  ;Kec. Kusambi;Kab. Muna Barat;Prov. Sulawesi Tenggara
201401  ;Kec. Batauga;Kab. Buton Selatan;Prov. Sulawesi Tenggara
201402  ;Kec. Sampolawa;Kab. Buton Selatan;Prov. Sulawesi Tenggara
201403  ;Kec. Lapandewa;Kab. Buton Selatan;Prov. Sulawesi Tenggara
201404  ;Kec. Batu Atas;Kab. Buton Selatan;Prov. Sulawesi Tenggara
201405  ;Kec. Siompu Barat;Kab. Buton Selatan;Prov. Sulawesi Tenggara
201406  ;Kec. Siompu;Kab. Buton Selatan;Prov. Sulawesi Tenggara
201407  ;Kec. Kadatua;Kab. Buton Selatan;Prov. Sulawesi Tenggara
201601  ;Kec. Lakudo;Kab. Buton Tengah;Prov. Sulawesi Tenggara
201602  ;Kec. Mawasangka Timur;Kab. Buton Tengah;Prov. Sulawesi Tenggara
201603  ;Kec. Mawasangka Tengah;Kab. Buton Tengah;Prov. Sulawesi Tenggara
200430  ;Kec. Iwoimendaa;Kab. Kolaka;Prov. Sulawesi Tenggara
200523  ;Kec. Andoolo Barat;Kab. Konawe Selatan;Prov. Sulawesi Tenggara
200525  ;Kec. Sabulakoa;Kab. Konawe Selatan;Prov. Sulawesi Tenggara
200527  ;Kec. Kolono Timur;Kab. Konawe Selatan;Prov. Sulawesi Tenggara
280435  ;Kec. Lebak Wangi;Kab. Serang;Prov. Banten
210414  ;Kec. Yaru;Kab. Maluku Tenggara Barat;Prov. Maluku
210318  ;Kec. Lolong Guba;Kab. Buru;Prov. Maluku
280301  ;Kec. Cisoka;Kab. Tangerang;Prov. Banten
200701  ;Kec. Kabaena;Kab. Bombana;Prov. Sulawesi Tenggara
210320  ;Kec. Fena Leisela;Kab. Buru;Prov. Maluku
210322  ;Kec. Lilialy;Kab. Buru;Prov. Maluku
210214  ;Kec. Manyeuw;Kab. Maluku Tenggara;Prov. Maluku
200704  ;Kec. Poleang Timur;Kab. Bombana;Prov. Sulawesi Tenggara
210319  ;Kec. Waelata;Kab. Buru;Prov. Maluku
210216  ;Kec. Kei Besar Utara Barat;Kab. Maluku Tenggara;Prov. Maluku
251317  ;Kec. Sesnuk;Kab. Boven Digoel;Prov. Papua
251413  ;Kec. Bamgi;Kab. Mappi;Prov. Papua
251316  ;Kec. Ninati;Kab. Boven Digoel;Prov. Papua
251509  ;Kec. Safan;Kab. Asmat;Prov. Papua
251511  ;Kec. Joerat;Kab. Asmat;Prov. Papua
251512  ;Kec. Pulau Tiga;Kab. Asmat;Prov. Papua
251513  ;Kec. Der Koumur;Kab. Asmat;Prov. Papua
251514  ;Kec. Ayip;Kab. Asmat;Prov. Papua
251515  ;Kec. Betcbamu;Kab. Asmat;Prov. Papua
251517  ;Kec. Kolf Braza;Kab. Asmat;Prov. Papua
251518  ;Kec. Jetsy;Kab. Asmat;Prov. Papua
251519  ;Kec. Unir Sirau;Kab. Asmat;Prov. Papua
251319  ;Kec. Kombay;Kab. Boven Digoel;Prov. Papua
251521  ;Kec. Aswi;Kab. Asmat;Prov. Papua
251522  ;Kec. Awyu;Kab. Asmat;Prov. Papua
251523  ;Kec. Joutu;Kab. Asmat;Prov. Papua
251524  ;Kec. Koroway Buluanop;Kab. Asmat;Prov. Papua
251891  ;Kec. Kai;Kab. Tolikara;Prov. Papua
210506  ;Kec. Amalatu;Kab. Seram Bagian Barat;Prov. Maluku
210124  ;Kec. Saparua Timur;Kab. Maluku Tengah;Prov. Maluku
201604  ;Kec. Mawasangka;Kab. Buton Tengah;Prov. Sulawesi Tenggara
201605  ;Kec.Talaga Raya;Kab. Buton Tengah;Prov. Sulawesi Tenggara
201606  ;Kec. Gu;Kab. Buton Tengah;Prov. Sulawesi Tenggara
201607  ;Kec. Sangia Wambulu;Kab. Buton Tengah;Prov. Sulawesi Tenggara
230321  ;Kec. Lenek;Kab. Lombok Timur;Prov. Nusa Tenggara Barat
210906  ;Kec. Fena Fafan;Kab. Buru Selatan;Prov. Maluku
216105  ;Kec. Kur Selatan;Kota. Tual;Prov. Maluku
210607  ;Kec. Siwalalat;Kab. Seram Bagian Timur;Prov. Maluku
210608  ;Kec. Kilmury;Kab. Seram Bagian Timur;Prov. Maluku
210609  ;Kec. Pulau Panjang;Kab. Seram Bagian Timur;Prov. Maluku
210610  ;Kec. Teor;Kab. Seram Bagian Timur;Prov. Maluku
210611  ;Kec. Gorom Timur;Kab. Seram Bagian Timur;Prov. Maluku
210612  ;Kec. Bula Barat;Kab. Seram Bagian Timur;Prov. Maluku
210613  ;Kec. Kian Darat;Kab. Seram Bagian Timur;Prov. Maluku
210614  ;Kec. Siritaun Wida Timur;Kab. Seram Bagian Timur;Prov. Maluku
210615  ;Kec. Teluk Waru;Kab. Seram Bagian Timur;Prov. Maluku
210616  ;Kec. Lian Vitu;Kab. Seram Bagian Timur;Prov. Maluku
210617  ;Kec. Ukar Sengan;Kab. Seram Bagian Timur;Prov. Maluku
210813  ;Kec. Dawelor Dawera;Kab. Maluku Barat Daya;Prov. Maluku
210814  ;Kec. Pulau Wetang;Kab. Maluku Barat Daya;Prov. Maluku
210815  ;Kec. Pulau Lakor;Kab. Maluku Barat Daya;Prov. Maluku
210816  ;Kec. Wetar Utara;Kab. Maluku Barat Daya;Prov. Maluku
210817  ;Kec. Wetar Barat;Kab. Maluku Barat Daya;Prov. Maluku
210818  ;Kec. Wetar Timur;Kab. Maluku Barat Daya;Prov. Maluku
210819  ;Kec. Kepulauan Romang;Kab. Maluku Barat Daya;Prov. Maluku
210820  ;Kec. Kisar Utara;Kab. Maluku Barat Daya;Prov. Maluku
230701  ;Kec. Jereweh;Kab. Sumbawa Barat;Prov. Nusa Tenggara Barat
210594  ;Kepulauan Manipa;Kab. Seram Bagian Barat;Prov. Maluku
220308  ;Kec. Pupuan;Kab. Tabanan;Prov. Bali
251602  ;Kec. Ninia;Kab. Yahukimo;Prov. Papua
220601  ;Kec. Nusapenida;Kab. Klungkung;Prov. Bali
230613  ;Kec. Mada pangga;Kab. Bima;Prov. Nusa Tenggara Barat
251318  ;Kec. Ki;Kab. Boven Digoel;Prov. Papua
251411  ;Kec. Syahcame;Kab. Mappi;Prov. Papua
251412  ;Kec. Yakomi;Kab. Mappi;Prov. Papua
251414  ;Kec. Passue Bawah;Kab. Mappi;Prov. Papua
251097  ;Kec. Pugo Dagi;Kab. Paniai;Prov. Papua
251098  ;Kec. Teluk Deya;Kab. Paniai;Prov. Papua
251099  ;Kec. Topiyai;Kab. Paniai;Prov. Papua
251116  ;Kec. Nume;Kab. Puncak Jaya;Prov. Papua
251117  ;Kec. Pagaleme;Kab. Puncak Jaya;Prov. Papua
251118  ;Kec. Gurage;Kab. Puncak Jaya;Prov. Papua
251119  ;Kec. Irimuli;Kab. Puncak Jaya;Prov. Papua
251120  ;Kec. Muara;Kab. Puncak Jaya;Prov. Papua
251121  ;Kec. Ilamburawi;Kab. Puncak Jaya;Prov. Papua
251122  ;Kec. Yambi;Kab. Puncak Jaya;Prov. Papua
251123  ;Kec. Lumo;Kab. Puncak Jaya;Prov. Papua
251124  ;Kec. Molanikime;Kab. Puncak Jaya;Prov. Papua
251125  ;Kec. Dokome;Kab. Puncak Jaya;Prov. Papua
251127  ;Kec. Wanwi;Kab. Puncak Jaya;Prov. Papua
251128  ;Kec. Yamoneri;Kab. Puncak Jaya;Prov. Papua
251129  ;Kec. Waegi;Kab. Puncak Jaya;Prov. Papua
251130  ;Kec. Nioga;Kab. Puncak Jaya;Prov. Papua
251131  ;Kec. Gubume;Kab. Puncak Jaya;Prov. Papua
251132  ;Kec. Taganombak;Kab. Puncak Jaya;Prov. Papua
251133  ;Kec. Dagai;Kab. Puncak Jaya;Prov. Papua
251134  ;Kec. Kiyage;Kab. Puncak Jaya;Prov. Papua
250864  ;Kec. Wesaput;Kab. Jayawijaya;Prov. Papua
250865  ;Kec. Trikora;Kab. Jayawijaya;Prov. Papua
250866  ;Kec. Walaik;Kab. Jayawijaya;Prov. Papua
250867  ;Kec. Wouma;Kab. Jayawijaya;Prov. Papua
250868  ;Kec. Ibele;Kab. Jayawijaya;Prov. Papua
250869  ;Kec. Taelarek;Kab. Jayawijaya;Prov. Papua
250870  ;Kec. Wame;Kab. Jayawijaya;Prov. Papua
250871  ;Kec. Napua;Kab. Jayawijaya;Prov. Papua
250872  ;Kec. Hubikiak;Kab. Jayawijaya;Prov. Papua
250873  ;Kec. Itlay Hisage;Kab. Jayawijaya;Prov. Papua
250874  ;Kec. Pisugi;Kab. Jayawijaya;Prov. Papua
250875  ;Kec. Molagalome;Kab. Jayawijaya;Prov. Papua
250876  ;Kec. Tagineri;Kab. Jayawijaya;Prov. Papua
250877  ;Kec. Silo Karno Doga;Kab. Jayawijaya;Prov. Papua
250878  ;Kec. Siepkosi;Kab. Jayawijaya;Prov. Papua
250879  ;Kec. Usilimo;Kab. Jayawijaya;Prov. Papua
250880  ;Kec. Libarek;Kab. Jayawijaya;Prov. Papua
250881  ;Kec. Wadangku;Kab. Jayawijaya;Prov. Papua
250882  ;Kec. Koragi;Kab. Jayawijaya;Prov. Papua
250883  ;Kec. Tagime;Kab. Jayawijaya;Prov. Papua
250884  ;Kec. Piramid;Kab. Jayawijaya;Prov. Papua
250885  ;Kec. Muliama;Kab. Jayawijaya;Prov. Papua
250887  ;Kec. Bipiri;Kab. Jayawijaya;Prov. Papua
250888  ;Kec. Welesi;Kab. Jayawijaya;Prov. Papua
251215  ;Kec. Mimika Tengah;Kab. Mimika;Prov. Papua
251216  ;Kec. Kwamki Narama;Kab. Mimika;Prov. Papua
251217  ;Kec. Hoya;Kab. Mimika;Prov. Papua
251218  ;Kec. Iwaka;Kab. Mimika;Prov. Papua
251219  ;Kec. Wania;Kab. Mimika;Prov. Papua
251220  ;Kec. Amar;Kab. Mimika;Prov. Papua
251221  ;Kec. Alama;Kab. Mimika;Prov. Papua
251320  ;Kec. Kawagit;Kab. Boven Digoel;Prov. Papua
250924  ;Kec. Menou;Kab. Nabire;Prov. Papua
251020  ;Kec. Weege Bino;Kab. Paniai;Prov. Papua
251091  ;Kec. Aweida;Kab. Paniai;Prov. Papua
251092  ;Kec. Baya Biru;Kab. Paniai;Prov. Papua
251093  ;Kec. Deiyai Miyo;Kab. Paniai;Prov. Papua
251094  ;Kec. Dogomo;Kab. Paniai;Prov. Papua
251095  ;Kec. Muye;Kab. Paniai;Prov. Papua
251096  ;Kec. Nakama;Kab. Paniai;Prov. Papua
242222  ;Kec. Wewiku;Kab. Malaka;Prov. Nusa Tenggara Timur
242223  ;Kec. Weliman;Kab. Malaka;Prov. Nusa Tenggara Timur
242224  ;Kec. Rinhat;Kab. Malaka;Prov. Nusa Tenggara Timur
242225  ;Kec. Io Kufeu;Kab. Malaka;Prov. Nusa Tenggara Timur
242226  ;Kec. Sasitamean;Kab. Malaka;Prov. Nusa Tenggara Timur
242227  ;Kec. Laenmanen;Kab. Malaka;Prov. Nusa Tenggara Timur
242228  ;Kec. Malaka Timur;Kab. Malaka;Prov. Nusa Tenggara Timur
242229  ;Kec. Kobalima Timur;Kab. Malaka;Prov. Nusa Tenggara Timur
242230  ;Kec. Kobalima;Kab. Malaka;Prov. Nusa Tenggara Timur
242231  ;Kec. Botin Leobele;Kab. Malaka;Prov. Nusa Tenggara Timur
242232  ;Kec. Malaka Tengah;Kab. Malaka;Prov. Nusa Tenggara Timur
242007  ;Kec. Rana Mese;Kab. Manggarai Timur;Prov. Nusa Tenggara Timur
242008  ;Kec. Poco Ranaka Timur;Kab. Manggarai Timur;Prov. Nusa Tenggara Timur
242009  ;Kec. Elar Selatan;Kab. Manggarai Timur;Prov. Nusa Tenggara Timur
241909  ;Kec. Kota Tambolaka;Kab. Sumba Barat Daya;Prov. Nusa Tenggara Timur
241910  ;Kec. Wewewa Tengah;Kab. Sumba Barat Daya;Prov. Nusa Tenggara Timur
241911  ;Kec. Kodi Balaghar;Kab. Sumba Barat Daya;Prov. Nusa Tenggara Timur
241611  ;Kec. Kuwus Barat;Kab. Manggarai Barat;Prov. Nusa Tenggara Timur
241612  ;Kec. Pacar;Kab. Manggarai Barat;Prov. Nusa Tenggara Timur
241512  ;Kec. Ndao Nuse;Kab. Rote-Ndao;Prov. Nusa Tenggara Timur
241513  ;Kec. Landu Leko;Kab. Rote-Ndao;Prov. Nusa Tenggara Timur
150923  ;Kec. Pulau Laut Tanjung Selayar;Kab. Kota Baru;Prov. Kalimantan Selatan
241004  ;Kec. Golewa Barat;Kab. Ngada;Prov. Nusa Tenggara Timur
241018  ;Kec. Inerie;Kab. Ngada;Prov. Nusa Tenggara Timur
241019  ;Kec. Golewa Selatan;Kab. Ngada;Prov. Nusa Tenggara Timur
241121  ;Kec. Reok Barat;Kab. Manggarai;Prov. Nusa Tenggara Timur
241122  ;Kec. Cibal Barat;Kab. Manggarai;Prov. Nusa Tenggara Timur
251516  ;Kec. Suru-Suru;Kab. Asmat;Prov. Papua
241701  ;Kec. Aesesa;Kab. Nagakeo;Prov. Nusa Tenggara Timur
241001  ;Kec. Aimere;Kab. Ngada;Prov. Nusa Tenggara Timur
316012  ;Kec. Batam Kota;Kota Batam;Prov. Kepulauan Riau
072201  ;Kec. Medang Deras;Kab. Batubara;Prov. Sumatera Utara
240303  ;Kec. Kota Soe;Kab. Timor Tengah Selatan;Prov. Nusa Tenggara Timur
086401  ;Kec. Lubuk Sikarah;Kota Solok;Prov. Sumatera Barat
270602  ;Kec. Wasile Selatan;Kab. Halmahera Timur;Prov. Maluku Utara
330201  ;Kec. Pasangkayu;Kab. Mamuju Utara;Prov. Sulawesi Barat
076606  ;Kec. Padang Sidimpuan Angkola;Kota Padang Sidempuan;Prov. Sumatera Utara
071716  ;Kec. Pulau-Pulau Batu Timur;Kab. Nias Selatan;Prov. Sumatera Utara
270706  ;Kec. Mangoli Barat;Kab. Kepulauan Sula;Prov. Maluku Utara
060801  ;Kec. Lawe Alas;Kab. Aceh Tenggara;Prov. Aceh
250918  ;Kec. Kepulauan Moora;Kab. Nabire;Prov. Papua
251126  ;Kec. Kalome;Kab. Puncak Jaya;Prov. Papua
250886  ;Kec. Bugi;Kab. Jayawijaya;Prov. Papua
026001  ;Kec. Bandung Kulon;Kota Bandung;Prov. Jawa Barat
250889  ;Kec. Asotipo;Kab. Jayawijaya;Prov. Papua
110372  ;Kec. Baturaja Barat;Kab. Ogan Komering Ulu;Prov. Sumatera Selatan
250890  ;Kec. Maima;Kab. Jayawijaya;Prov. Papua
140423  ;Kec. Antang Kalang;Kab. Kotawaringin Timur;Prov. Kalimantan Tengah
250891  ;Kec. Wita Waya;Kab. Jayawijaya;Prov. Papua
250892  ;Kec. Popugoba;Kab. Jayawijaya;Prov. Papua
250130  ;Kec. Yokari;Kab. Jayapura;Prov. Papua
250131  ;Kec. Ravenirara;Kab. Jayapura;Prov. Papua
250132  ;Kec. Gresi Selatan;Kab. Jayapura;Prov. Papua
242221  ;Kec. Malaka Barat;Kab. Malaka;Prov. Nusa Tenggara Timur
070432  ;Kec. Dolok Masagal;Kab. Simalungun;Prov. Sumatera Utara
320109  ;Kec.  Bomberay;Kab. Fak-Fak;Prov. Papua Barat
310502  ;Kec. Jemaja Timur;Kab. Kepulauan Anambas;Prov. Kepulauan Riau
252920  ;Kec. Iniye;Kab. Nduga;Prov. Papua
080614  ;Kec. Ranah Ampek Hulu Tapan;Kab. Pesisir Selatan;Prov. Sumatera Barat
201307  ;Kec. Tiworo Tengah;Kab. Muna Barat;Prov. Sulawesi Tenggara
111302  ;Kec. Rawas Ulu;Kab. Musi Rawas Utara;Prov. Sumatera Selatan
126020  ;Kec. Teluk Betung Timur;Kota Bandar Lampung;Prov. Lampung
110536  ;Kec. Mulak Sebingkai;Kab. Lahat;Prov. Sumatera Selatan
320916  ;Kec. Miyah Selatan;Kab. Tambrauw;Prov. Papua Barat
340518  ;Kec. Sebatik Timur;Kab. Nunukan;Prov. Kalimantan Utara
030701  ;Kec. Wadaslintang;Kab. Wonosobo;Prov. Jawa Tengah
260127  ;Kec. Marga Sakti Sebelat;Kab. Bengkulu Utara;Prov. Bengkulu
072208  ;Kec. Nibung Hangus;Kab. Batubara;Prov. Sumatera Utara
210321  ;Kec. Teluk Kaiely;Kab. Buru;Prov. Maluku
210215  ;Kec. Hoat Sorbay;Kab. Maluku Tenggara;Prov. Maluku
210217  ;Kec. Kei Besar Selatan Barat;Kab. Maluku Tenggara;Prov. Maluku
196015  ;Kec. Kep. Sangkarrang;Kota Makassar;Prov. Sulawesi Selatan
210812  ;Kec. Pulau Masela;Kab. Maluku Barat Daya;Prov. Maluku
320907  ;Kec. Amberbaken;Kab. Tambrauw;Prov. Papua Barat
321018  ;Kec. Ayamaru Utara Timur;Kab. Maybrat;Prov. Papua Barat
310406  ;Kec. Singkep Pesisir;Kab. Lingga;Prov. Kepulauan Riau
330601  ;Kec. Budong-Budong;Kab. Mamuju Tengah;Prov. Sulawesi Barat
330602  ;Kec. Karossa;Kab. Mamuju Tengah;Prov. Sulawesi Barat
330603  ;Kec. Topoyo;Kab. Mamuju Tengah;Prov. Sulawesi Barat
260604  ;Kec. Lebong Tengah;Kab. Lebong;Prov. Bengkulu
120626  ;Kec. Air Naningan;Kab. Tenggamus;Prov. Lampung
130419  ;Kec. Ketungau Hilir;Kab. Sintang;Prov. Kalimantan Barat
200703  ;Kec. Poleang;Kab. Bombana;Prov. Sulawesi Tenggara
090520  ;Kec. Sungai Batang;Kab. Indragiri Hilir;Prov. Riau
320819  ;Kec.  Tiplol Mayalibit;Kab. Raja Ampat;Prov. Papua Barat
316103  ;Kec. Bukit Bestari;Kota Tanjungpinang;Prov. Kepulauan Riau
251415  ;Kec. Ti Zain;Kab. Mappi;Prov. Papua
251508  ;Kec. Kopay;Kab. Asmat;Prov. Papua
251510  ;Kec. Sirets;Kab. Asmat;Prov. Papua
270213  ;Kec. Patani Timur;Kab. Halmahera Tengah;Prov. Maluku Utara
253020  ;Kec. Gupura;Kab. Lanny Jaya;Prov. Papua
